"file","table"
"scripts\seed_pos_pending_sale.ts","ventas_pos"
"apps\erp-api\tests\run-tests.ts","asientos_contables"
"apps\erp-api\tests\run-tests.ts","detalle_asientos"
"apps\erp-api\tests\run-tests.ts","asientos_contables"
"apps\erp-api\tests\run-tests.ts","asientos_contables"
"apps\erp-api\tests\run-tests.ts","planillas"
"apps\worker\src\jobs\pos-facturacion-pendiente.job.ts","tenants"
"apps\worker\src\jobs\pos-cpe-retry.job.ts","tenants"
"apps\worker\src\jobs\configuration-check.job.ts","empresa_config"
"apps\worker\src\jobs\configuration-check.job.ts","notificaciones"
"apps\worker\src\jobs\configuration-check.job.ts","notificaciones"
"apps\worker\src\jobs\configuration-check.job.ts","empresa_config"
"apps\worker\src\jobs\configuration-check.job.ts","tenants"
"apps\worker\src\jobs\certificate-validation.job.ts","empresa_config"
"apps\worker\src\jobs\certificate-validation.job.ts","notificaciones"
"apps\worker\src\jobs\certificate-validation.job.ts","notificaciones"
"apps\worker\src\jobs\certificate-validation.job.ts","empresa_config"
"apps\worker\src\jobs\certificate-validation.job.ts","tenants"
"apps\worker\src\index.ts","integration_logs"
"apps\worker\src\index.ts","cpe"
"apps\worker\src\index.ts","integration_logs"
"apps\worker\src\index.ts","cpe"
"apps\worker\src\index.ts","integration_logs"
"apps\worker\src\index.ts","cpe"
"apps\worker\src\index.ts","integration_logs"
"apps\worker\src\index.ts","cpe"
"apps\worker\src\index.ts","sire_files"
"apps\worker\src\index.ts","sire_files"
"apps\worker\src\index.ts","integration_logs"
"apps\worker\src\index.ts","sire_files"
"apps\worker\src\index.ts","integration_logs"
"apps\worker\src\index.ts","cpe"
"apps\worker\src\index.ts","cpe"
"apps\worker\src\index.ts","gre"
"apps\worker\src\index.ts","productos"
"apps\worker\src\index.ts","ventas_pos"
"apps\worker\src\index.ts","productos"
"apps\erp-api\tests\integration\ventas-rls.test.ts","clientes"
"apps\erp-api\tests\integration\ventas-rls.test.ts","clientes"
"apps\erp-api\tests\integration\ventas-rls.test.ts","clientes"
"apps\erp-api\tests\integration\ventas-rls.test.ts","clientes"
"apps\erp-api\tests\integration\ventas-rls.test.ts","pedidos_venta"
"apps\erp-api\tests\integration\ventas-rls.test.ts","pedidos_venta_detalle"
"apps\erp-api\tests\integration\ventas-rls.test.ts","pedidos_venta"
"apps\erp-api\tests\integration\ventas-rls.test.ts","pedidos_venta"
"apps\erp-api\tests\integration\ventas-rls.test.ts","pedidos_venta"
"apps\erp-api\tests\integration\ventas-rls.test.ts","pedidos_venta"
"apps\erp-api\tests\integration\ventas-rls.test.ts","pedidos_venta"
"apps\erp-api\tests\integration\ventas-rls.test.ts","pedidos_venta"
"apps\erp-api\tests\integration\ventas-rls.test.ts","clientes"
"apps\erp-api\tests\integration\ventas-rls.test.ts","pedidos_venta"
"apps\erp-api\tests\integration\ventas-rls.test.ts","pedidos_venta_detalle"
"apps\erp-api\tests\integration\ventas-rls.test.ts","pedidos_venta"
"apps\erp-api\tests\integration\ventas-rls.test.ts","cuentas_por_cobrar"
"apps\erp-api\tests\integration\ventas-rls.test.ts","pedidos_venta"
"apps\erp-api\tests\integration\inventario-rls.test.ts","almacenes"
"apps\erp-api\tests\integration\inventario-rls.test.ts","almacenes"
"apps\erp-api\tests\integration\inventario-rls.test.ts","almacenes"
"apps\erp-api\tests\integration\inventario-rls.test.ts","movimientos_inventario"
"apps\erp-api\tests\integration\inventario-rls.test.ts","movimientos_inventario"
"apps\erp-api\tests\integration\inventario-rls.test.ts","movimientos_inventario"
"apps\erp-api\tests\integration\inventario-rls.test.ts","movimientos_inventario"
"apps\erp-api\tests\integration\inventario-rls.test.ts","movimientos_inventario"
"apps\erp-api\tests\integration\inventario-rls.test.ts","movimientos_inventario"
"apps\erp-api\tests\integration\inventario-rls.test.ts","almacenes"
"apps\erp-api\tests\integration\inventario-rls.test.ts","productos"
"apps\erp-api\tests\integration\inventario-rls.test.ts","producto_existencias"
"apps\erp-api\tests\integration\inventario-rls.test.ts","movimientos_inventario"
"apps\erp-api\tests\integration\inventario-rls.test.ts","producto_existencias"
"apps\erp-api\tests\integration\inventario-rls.test.ts","movimientos_inventario"
"apps\erp-api\tests\integration\inventario-rls.test.ts","producto_existencias"
"apps\erp-api\tests\integration\inventario-rls.test.ts","movimientos_inventario"
"apps\erp-api\tests\integration\inventario-rls.test.ts","producto_existencias"
"apps\erp-api\scripts\run-pos-pending-worker.js","tenants"
"apps\erp-api\scripts\reencrypt-certs.ts","empresa_config"
"apps\erp-api\scripts\reencrypt-certs.ts","empresa_config"
"apps\erp-api\tests\e2e\ventas-e2e.test.ts","tenants"
"apps\erp-api\tests\e2e\ventas-e2e.test.ts","clientes"
"apps\erp-api\tests\e2e\ventas-e2e.test.ts","productos"
"apps\erp-api\tests\e2e\ventas-e2e.test.ts","pedidos_venta"
"apps\erp-api\tests\e2e\ventas-e2e.test.ts","tenants"
"apps\erp-api\tests\e2e\ventas-e2e.test.ts","productos"
"apps\erp-api\tests\e2e\ventas-e2e.test.ts","productos"
"apps\erp-api\tests\e2e\ventas-e2e.test.ts","productos"
"apps\erp-api\tests\e2e\ventas-e2e.test.ts","productos"
"apps\erp-api\tests\e2e\ventas-e2e.test.ts","tenants"
"apps\erp-api\tests\e2e\ventas-e2e.test.ts","tenants"
"apps\erp-api\tests\e2e\ventas-e2e.test.ts","clientes"
"apps\erp-api\tests\e2e\ventas-e2e.test.ts","clientes"
"apps\erp-api\tests\e2e\ventas-e2e.test.ts","clientes"
"apps\erp-api\tests\e2e\ventas-e2e.test.ts","clientes"
"apps\erp-api\tests\e2e\ventas-e2e.test.ts","clientes"
"apps\erp-api\tests\e2e\ventas-e2e.test.ts","clientes"
"apps\erp-api\tests\e2e\ventas-e2e.test.ts","tenants"
"apps\erp-api\tests\e2e\ventas-e2e.test.ts","tenants"
"apps\erp-api\tests\e2e\ventas-e2e.test.ts","pedidos_venta_detalle"
"apps\erp-api\tests\e2e\ventas-e2e.test.ts","pedidos_venta"
"apps\erp-api\tests\e2e\ventas-e2e.test.ts","clientes"
"apps\erp-api\tests\e2e\ventas-e2e.test.ts","productos"
"apps\erp-api\tests\e2e\ventas-e2e.test.ts","tenants"
"apps\erp-api\tests\e2e\rrhh-e2e.test.ts","empleados"
"apps\erp-api\tests\e2e\rrhh-e2e.test.ts","departamentos"
"apps\erp-api\tests\e2e\rrhh-e2e.test.ts","contratos"
"apps\erp-api\tests\e2e\rrhh-e2e.test.ts","asistencia"
"apps\erp-api\tests\e2e\rrhh-e2e.test.ts","tenants"
"apps\erp-api\tests\e2e\rrhh-e2e.test.ts","departamentos"
"apps\erp-api\tests\e2e\rrhh-e2e.test.ts","tenants"
"apps\erp-api\tests\e2e\rrhh-e2e.test.ts","departamentos"
"apps\erp-api\tests\e2e\rrhh-e2e.test.ts","departamentos"
"apps\erp-api\tests\e2e\rrhh-e2e.test.ts","tenants"
"apps\erp-api\tests\e2e\rrhh-e2e.test.ts","tenants"
"apps\erp-api\tests\e2e\rrhh-e2e.test.ts","empleados"
"apps\erp-api\tests\e2e\rrhh-e2e.test.ts","departamentos"
"apps\erp-api\tests\e2e\rrhh-e2e.test.ts","tenants"
"apps\erp-api\tests\e2e\rrhh-e2e.test.ts","departamentos"
"apps\erp-api\tests\e2e\rrhh-e2e.test.ts","empleados"
"apps\erp-api\tests\e2e\rrhh-e2e.test.ts","empleados"
"apps\erp-api\tests\e2e\rrhh-e2e.test.ts","departamentos"
"apps\erp-api\tests\e2e\rrhh-e2e.test.ts","tenants"
"apps\erp-api\tests\e2e\rrhh-e2e.test.ts","tenants"
"apps\erp-api\tests\e2e\rrhh-e2e.test.ts","empleados"
"apps\erp-api\tests\e2e\rrhh-e2e.test.ts","tenants"
"apps\erp-api\tests\e2e\rrhh-e2e.test.ts","tenants"
"apps\erp-api\tests\e2e\rrhh-e2e.test.ts","empleados"
"apps\erp-api\tests\e2e\rrhh-e2e.test.ts","empleados"
"apps\erp-api\tests\e2e\rrhh-e2e.test.ts","empleados"
"apps\erp-api\tests\e2e\rrhh-e2e.test.ts","empleados"
"apps\erp-api\tests\e2e\rrhh-e2e.test.ts","empleados"
"apps\erp-api\tests\e2e\rrhh-e2e.test.ts","empleados"
"apps\erp-api\tests\e2e\rrhh-e2e.test.ts","tenants"
"apps\erp-api\tests\e2e\rrhh-e2e.test.ts","tenants"
"apps\erp-api\tests\e2e\rrhh-e2e.test.ts","tenants"
"apps\erp-api\tests\e2e\rrhh-e2e.test.ts","empleados"
"apps\erp-api\tests\e2e\rrhh-e2e.test.ts","contratos"
"apps\erp-api\tests\e2e\rrhh-e2e.test.ts","tenants"
"apps\erp-api\tests\e2e\rrhh-e2e.test.ts","empleados"
"apps\erp-api\tests\e2e\rrhh-e2e.test.ts","contratos"
"apps\erp-api\tests\e2e\rrhh-e2e.test.ts","contratos"
"apps\erp-api\tests\e2e\rrhh-e2e.test.ts","empleados"
"apps\erp-api\tests\e2e\rrhh-e2e.test.ts","tenants"
"apps\erp-api\tests\e2e\rrhh-e2e.test.ts","tenants"
"apps\erp-api\tests\e2e\rrhh-e2e.test.ts","empleados"
"apps\erp-api\tests\e2e\rrhh-e2e.test.ts","asistencia"
"apps\erp-api\tests\e2e\rrhh-e2e.test.ts","tenants"
"apps\erp-api\tests\e2e\rrhh-e2e.test.ts","empleados"
"apps\erp-api\tests\e2e\rrhh-e2e.test.ts","asistencia"
"apps\erp-api\tests\e2e\rrhh-e2e.test.ts","asistencia"
"apps\erp-api\tests\e2e\rrhh-e2e.test.ts","empleados"
"apps\erp-api\tests\e2e\rrhh-e2e.test.ts","tenants"
"apps\erp-api\tests\e2e\rrhh-e2e.test.ts","tenants"
"apps\erp-api\tests\e2e\rrhh-e2e.test.ts","empleados"
"apps\erp-api\tests\e2e\rrhh-e2e.test.ts","solicitudes"
"apps\erp-api\tests\e2e\rrhh-e2e.test.ts","tenants"
"apps\erp-api\tests\e2e\rrhh-e2e.test.ts","empleados"
"apps\erp-api\tests\e2e\rrhh-e2e.test.ts","solicitudes"
"apps\erp-api\tests\e2e\rrhh-e2e.test.ts","solicitudes"
"apps\erp-api\tests\e2e\rrhh-e2e.test.ts","empleados"
"apps\erp-api\tests\e2e\rrhh-e2e.test.ts","tenants"
"apps\erp-api\tests\e2e\rrhh-e2e.test.ts","tenants"
"apps\erp-api\tests\e2e\rrhh-e2e.test.ts","empleados"
"apps\erp-api\tests\e2e\rrhh-e2e.test.ts","contratos"
"apps\erp-api\tests\e2e\rrhh-e2e.test.ts","tenants"
"apps\erp-api\tests\e2e\rrhh-e2e.test.ts","empleados"
"apps\erp-api\tests\e2e\rrhh-e2e.test.ts","contratos"
"apps\erp-api\tests\e2e\rrhh-e2e.test.ts","contratos"
"apps\erp-api\tests\e2e\rrhh-e2e.test.ts","empleados"
"apps\erp-api\tests\e2e\rrhh-e2e.test.ts","tenants"
"apps\erp-api\tests\e2e\rls-anon-e2e.test.ts","tenants"
"apps\erp-api\tests\e2e\rls-anon-e2e.test.ts","roles"
"apps\erp-api\tests\e2e\rls-anon-e2e.test.ts","usuarios_sistema"
"apps\erp-api\tests\e2e\rls-anon-e2e.test.ts","user_roles"
"apps\erp-api\tests\e2e\rls-anon-e2e.test.ts","user_roles"
"apps\erp-api\tests\e2e\rls-anon-e2e.test.ts","usuarios_sistema"
"apps\erp-api\tests\e2e\rls-anon-e2e.test.ts","roles"
"apps\erp-api\tests\e2e\rls-anon-e2e.test.ts","tenants"
"apps\erp-api\tests\e2e\pos-e2e.test.ts","ventas_pos"
"apps\erp-api\tests\e2e\pos-e2e.test.ts","sesiones_caja"
"apps\erp-api\tests\e2e\pos-e2e.test.ts","detalle_ventas_pos"
"apps\erp-api\tests\e2e\pos-e2e.test.ts","metodos_pago"
"apps\erp-api\tests\e2e\pos-e2e.test.ts","tenants"
"apps\erp-api\tests\e2e\pos-e2e.test.ts","sesiones_caja"
"apps\erp-api\tests\e2e\pos-e2e.test.ts","tenants"
"apps\erp-api\tests\e2e\pos-e2e.test.ts","sesiones_caja"
"apps\erp-api\tests\e2e\pos-e2e.test.ts","sesiones_caja"
"apps\erp-api\tests\e2e\pos-e2e.test.ts","tenants"
"apps\erp-api\tests\e2e\pos-e2e.test.ts","tenants"
"apps\erp-api\tests\e2e\pos-e2e.test.ts","ventas_pos"
"apps\erp-api\tests\e2e\pos-e2e.test.ts","tenants"
"apps\erp-api\tests\e2e\pos-e2e.test.ts","ventas_pos"
"apps\erp-api\tests\e2e\pos-e2e.test.ts","ventas_pos"
"apps\erp-api\tests\e2e\pos-e2e.test.ts","tenants"
"apps\erp-api\tests\e2e\pos-e2e.test.ts","tenants"
"apps\erp-api\tests\e2e\pos-e2e.test.ts","ventas_pos"
"apps\erp-api\tests\e2e\pos-e2e.test.ts","tenants"
"apps\erp-api\tests\e2e\pos-e2e.test.ts","tenants"
"apps\erp-api\tests\e2e\pos-e2e.test.ts","ventas_pos"
"apps\erp-api\tests\e2e\pos-e2e.test.ts","ventas_pos"
"apps\erp-api\tests\e2e\pos-e2e.test.ts","ventas_pos"
"apps\erp-api\tests\e2e\pos-e2e.test.ts","ventas_pos"
"apps\erp-api\tests\e2e\pos-e2e.test.ts","ventas_pos"
"apps\erp-api\tests\e2e\pos-e2e.test.ts","ventas_pos"
"apps\erp-api\tests\e2e\pos-e2e.test.ts","tenants"
"apps\erp-api\tests\e2e\pos-e2e.test.ts","tenants"
"apps\erp-api\tests\e2e\pos-e2e.test.ts","tenants"
"apps\erp-api\tests\e2e\pos-e2e.test.ts","metodos_pago"
"apps\erp-api\tests\e2e\pos-e2e.test.ts","tenants"
"apps\erp-api\tests\e2e\pos-e2e.test.ts","metodos_pago"
"apps\erp-api\tests\e2e\pos-e2e.test.ts","metodos_pago"
"apps\erp-api\tests\e2e\pos-e2e.test.ts","tenants"
"apps\erp-api\tests\e2e\pos-e2e.test.ts","tenants"
"apps\erp-api\tests\e2e\pos-e2e.test.ts","sesiones_caja"
"apps\erp-api\tests\e2e\pos-e2e.test.ts","tenants"
"apps\erp-api\tests\e2e\pos-e2e.test.ts","sesiones_caja"
"apps\erp-api\tests\e2e\pos-e2e.test.ts","sesiones_caja"
"apps\erp-api\tests\e2e\pos-e2e.test.ts","sesiones_caja"
"apps\erp-api\tests\e2e\pos-e2e.test.ts","tenants"
"apps\erp-api\tests\e2e\pos-e2e.test.ts","tenants"
"apps\erp-api\tests\e2e\pos-e2e.test.ts","ventas_pos"
"apps\erp-api\tests\e2e\pos-e2e.test.ts","tenants"
"apps\erp-api\tests\e2e\pos-e2e.test.ts","ventas_pos"
"apps\erp-api\tests\e2e\pos-e2e.test.ts","ventas_pos"
"apps\erp-api\tests\e2e\pos-e2e.test.ts","tenants"
"apps\erp-api\tests\e2e\pos-e2e.test.ts","tenants"
"apps\erp-api\tests\e2e\pos-e2e.test.ts","ventas_pos"
"apps\erp-api\tests\e2e\pos-e2e.test.ts","tenants"
"apps\erp-api\tests\e2e\pos-e2e.test.ts","ventas_pos"
"apps\erp-api\tests\e2e\pos-e2e.test.ts","ventas_pos"
"apps\erp-api\tests\e2e\pos-e2e.test.ts","tenants"
"apps\erp-api\tests\e2e\outbox-e2e.test.ts","tenants"
"apps\erp-api\tests\e2e\outbox-e2e.test.ts","outbox_events"
"apps\erp-api\tests\e2e\outbox-e2e.test.ts","tenants"
"apps\erp-api\tests\e2e\outbox-e2e.test.ts","outbox_events"
"apps\erp-api\tests\e2e\inventario-e2e.test.ts","productos"
"apps\erp-api\tests\e2e\inventario-e2e.test.ts","movimientos_inventario"
"apps\erp-api\tests\e2e\inventario-e2e.test.ts","almacenes"
"apps\erp-api\tests\e2e\inventario-e2e.test.ts","tenants"
"apps\erp-api\tests\e2e\inventario-e2e.test.ts","productos"
"apps\erp-api\tests\e2e\inventario-e2e.test.ts","productos"
"apps\erp-api\tests\e2e\inventario-e2e.test.ts","productos"
"apps\erp-api\tests\e2e\inventario-e2e.test.ts","productos"
"apps\erp-api\tests\e2e\inventario-e2e.test.ts","tenants"
"apps\erp-api\tests\e2e\inventario-e2e.test.ts","tenants"
"apps\erp-api\tests\e2e\inventario-e2e.test.ts","productos"
"apps\erp-api\tests\e2e\inventario-e2e.test.ts","movimientos_inventario"
"apps\erp-api\tests\e2e\inventario-e2e.test.ts","movimientos_inventario"
"apps\erp-api\tests\e2e\inventario-e2e.test.ts","movimientos_inventario"
"apps\erp-api\tests\e2e\inventario-e2e.test.ts","movimientos_inventario"
"apps\erp-api\tests\e2e\inventario-e2e.test.ts","movimientos_inventario"
"apps\erp-api\tests\e2e\inventario-e2e.test.ts","productos"
"apps\erp-api\tests\e2e\inventario-e2e.test.ts","productos"
"apps\erp-api\tests\e2e\inventario-e2e.test.ts","tenants"
"apps\erp-api\tests\e2e\inventario-e2e.test.ts","tenants"
"apps\erp-api\tests\e2e\inventario-e2e.test.ts","tenants"
"apps\erp-api\tests\e2e\inventario-e2e.test.ts","productos"
"apps\erp-api\tests\e2e\inventario-e2e.test.ts","productos"
"apps\erp-api\tests\e2e\inventario-e2e.test.ts","productos"
"apps\erp-api\tests\e2e\inventario-e2e.test.ts","tenants"
"apps\erp-api\tests\e2e\inventario-e2e.test.ts","tenants"
"apps\erp-api\tests\e2e\inventario-e2e.test.ts","productos"
"apps\erp-api\tests\e2e\inventario-e2e.test.ts","productos"
"apps\erp-api\tests\e2e\inventario-e2e.test.ts","tenants"
"apps\erp-api\tests\e2e\inventario-e2e.test.ts","productos"
"apps\erp-api\tests\e2e\inventario-e2e.test.ts","movimientos_inventario"
"apps\erp-api\tests\e2e\inventario-e2e.test.ts","productos"
"apps\erp-api\tests\e2e\inventario-e2e.test.ts","tenants"
"apps\erp-api\tests\e2e\inventario-e2e.test.ts","tenants"
"apps\erp-api\tests\e2e\inventario-e2e.test.ts","productos"
"apps\erp-api\tests\e2e\inventario-e2e.test.ts","productos"
"apps\erp-api\tests\e2e\inventario-e2e.test.ts","productos"
"apps\erp-api\tests\e2e\inventario-e2e.test.ts","tenants"
"apps\erp-api\tests\e2e\inventario-e2e.test.ts","tenants"
"apps\erp-api\tests\e2e\inventario-e2e.test.ts","almacenes"
"apps\erp-api\tests\e2e\inventario-e2e.test.ts","productos"
"apps\erp-api\tests\e2e\inventario-e2e.test.ts","productos"
"apps\erp-api\tests\e2e\inventario-e2e.test.ts","productos"
"apps\erp-api\tests\e2e\inventario-e2e.test.ts","movimientos_inventario"
"apps\erp-api\tests\e2e\inventario-e2e.test.ts","producto_existencias"
"apps\erp-api\tests\e2e\inventario-e2e.test.ts","productos"
"apps\erp-api\tests\e2e\inventario-e2e.test.ts","almacenes"
"apps\erp-api\tests\e2e\inventario-e2e.test.ts","tenants"
"apps\erp-api\tests\e2e\inventario-e2e.test.ts","tenants"
"apps\erp-api\tests\e2e\inventario-e2e.test.ts","almacenes"
"apps\erp-api\tests\e2e\inventario-e2e.test.ts","productos"
"apps\erp-api\tests\e2e\inventario-e2e.test.ts","productos"
"apps\erp-api\tests\e2e\inventario-e2e.test.ts","producto_existencias"
"apps\erp-api\tests\e2e\inventario-e2e.test.ts","movimientos_inventario"
"apps\erp-api\tests\e2e\inventario-e2e.test.ts","producto_existencias"
"apps\erp-api\tests\e2e\inventario-e2e.test.ts","productos"
"apps\erp-api\tests\e2e\inventario-e2e.test.ts","almacenes"
"apps\erp-api\tests\e2e\inventario-e2e.test.ts","tenants"
"apps\erp-api\tests\e2e\cpe-e2e.test.ts","cpe"
"apps\erp-api\tests\e2e\cpe-e2e.test.ts","tenants"
"apps\erp-api\tests\e2e\cpe-e2e.test.ts","cpe"
"apps\erp-api\tests\e2e\cpe-e2e.test.ts","cpe"
"apps\erp-api\tests\e2e\cpe-e2e.test.ts","cpe"
"apps\erp-api\tests\e2e\cpe-e2e.test.ts","tenants"
"apps\erp-api\tests\e2e\cpe-e2e.test.ts","tenants"
"apps\erp-api\tests\e2e\cpe-e2e.test.ts","cpe"
"apps\erp-api\tests\e2e\cpe-e2e.test.ts","cpe"
"apps\erp-api\tests\e2e\cpe-e2e.test.ts","cpe"
"apps\erp-api\tests\e2e\cpe-e2e.test.ts","cpe"
"apps\erp-api\tests\e2e\cpe-e2e.test.ts","cpe"
"apps\erp-api\tests\e2e\cpe-e2e.test.ts","cpe"
"apps\erp-api\tests\e2e\cpe-e2e.test.ts","tenants"
"apps\erp-api\tests\e2e\cpe-e2e.test.ts","tenants"
"apps\erp-api\tests\e2e\cpe-e2e.test.ts","tenants"
"apps\erp-api\tests\e2e\cpe-e2e.test.ts","cpe"
"apps\erp-api\tests\e2e\cpe-e2e.test.ts","cpe"
"apps\erp-api\tests\e2e\cpe-e2e.test.ts","tenants"
"apps\erp-api\tests\e2e\cpe-e2e.test.ts","tenants"
"apps\erp-api\tests\e2e\cpe-e2e.test.ts","cpe"
"apps\erp-api\tests\e2e\cpe-e2e.test.ts","cpe"
"apps\erp-api\tests\e2e\cpe-e2e.test.ts","tenants"
"apps\erp-api\tests\e2e\cpe-e2e.test.ts","vw_cpe_documentos_auditoria"
"apps\erp-api\tests\e2e\compras-e2e.test.ts","proveedores"
"apps\erp-api\tests\e2e\compras-e2e.test.ts","ordenes_compra"
"apps\erp-api\tests\e2e\compras-e2e.test.ts","cotizaciones_compra"
"apps\erp-api\tests\e2e\compras-e2e.test.ts","recepciones"
"apps\erp-api\tests\e2e\compras-e2e.test.ts","tenants"
"apps\erp-api\tests\e2e\compras-e2e.test.ts","proveedores"
"apps\erp-api\tests\e2e\compras-e2e.test.ts","proveedores"
"apps\erp-api\tests\e2e\compras-e2e.test.ts","tenants"
"apps\erp-api\tests\e2e\compras-e2e.test.ts","tenants"
"apps\erp-api\tests\e2e\compras-e2e.test.ts","proveedores"
"apps\erp-api\tests\e2e\compras-e2e.test.ts","proveedores"
"apps\erp-api\tests\e2e\compras-e2e.test.ts","proveedores"
"apps\erp-api\tests\e2e\compras-e2e.test.ts","proveedores"
"apps\erp-api\tests\e2e\compras-e2e.test.ts","proveedores"
"apps\erp-api\tests\e2e\compras-e2e.test.ts","proveedores"
"apps\erp-api\tests\e2e\compras-e2e.test.ts","tenants"
"apps\erp-api\tests\e2e\compras-e2e.test.ts","tenants"
"apps\erp-api\tests\e2e\compras-e2e.test.ts","tenants"
"apps\erp-api\tests\e2e\compras-e2e.test.ts","proveedores"
"apps\erp-api\tests\e2e\compras-e2e.test.ts","productos"
"apps\erp-api\tests\e2e\compras-e2e.test.ts","ordenes_compra"
"apps\erp-api\tests\e2e\compras-e2e.test.ts","orden_compra_detalles"
"apps\erp-api\tests\e2e\compras-e2e.test.ts","ordenes_compra"
"apps\erp-api\tests\e2e\compras-e2e.test.ts","orden_compra_detalles"
"apps\erp-api\tests\e2e\compras-e2e.test.ts","ordenes_compra"
"apps\erp-api\tests\e2e\compras-e2e.test.ts","productos"
"apps\erp-api\tests\e2e\compras-e2e.test.ts","proveedores"
"apps\erp-api\tests\e2e\compras-e2e.test.ts","tenants"
"apps\erp-api\tests\e2e\compras-e2e.test.ts","tenants"
"apps\erp-api\tests\e2e\compras-e2e.test.ts","proveedores"
"apps\erp-api\tests\e2e\compras-e2e.test.ts","ordenes_compra"
"apps\erp-api\tests\e2e\compras-e2e.test.ts","ordenes_compra"
"apps\erp-api\tests\e2e\compras-e2e.test.ts","proveedores"
"apps\erp-api\tests\e2e\compras-e2e.test.ts","tenants"
"apps\erp-api\tests\e2e\compras-e2e.test.ts","tenants"
"apps\erp-api\tests\e2e\compras-e2e.test.ts","proveedores"
"apps\erp-api\tests\e2e\compras-e2e.test.ts","proveedores"
"apps\erp-api\tests\e2e\compras-e2e.test.ts","tenants"
"apps\erp-api\tests\e2e\compras-e2e.test.ts","tenants"
"apps\erp-api\tests\e2e\compras-e2e.test.ts","ordenes_compra"
"apps\erp-api\tests\e2e\compras-e2e.test.ts","ordenes_compra"
"apps\erp-api\tests\e2e\compras-e2e.test.ts","ordenes_compra"
"apps\erp-api\tests\e2e\compras-e2e.test.ts","tenants"
"apps\erp-api\tests\e2e\finanzas-e2e.test.ts","cuentas_por_cobrar"
"apps\erp-api\tests\e2e\finanzas-e2e.test.ts","cuentas_por_pagar"
"apps\erp-api\tests\e2e\finanzas-e2e.test.ts","cuentas_bancarias"
"apps\erp-api\tests\e2e\finanzas-e2e.test.ts","movimientos_bancarios"
"apps\erp-api\tests\e2e\finanzas-e2e.test.ts","tenants"
"apps\erp-api\tests\e2e\finanzas-e2e.test.ts","clientes"
"apps\erp-api\tests\e2e\finanzas-e2e.test.ts","cuentas_por_cobrar"
"apps\erp-api\tests\e2e\finanzas-e2e.test.ts","cuentas_por_cobrar"
"apps\erp-api\tests\e2e\finanzas-e2e.test.ts","clientes"
"apps\erp-api\tests\e2e\finanzas-e2e.test.ts","tenants"
"apps\erp-api\tests\e2e\finanzas-e2e.test.ts","tenants"
"apps\erp-api\tests\e2e\finanzas-e2e.test.ts","proveedores"
"apps\erp-api\tests\e2e\finanzas-e2e.test.ts","cuentas_por_pagar"
"apps\erp-api\tests\e2e\finanzas-e2e.test.ts","cuentas_por_pagar"
"apps\erp-api\tests\e2e\finanzas-e2e.test.ts","proveedores"
"apps\erp-api\tests\e2e\finanzas-e2e.test.ts","tenants"
"apps\erp-api\tests\e2e\finanzas-e2e.test.ts","tenants"
"apps\erp-api\tests\e2e\finanzas-e2e.test.ts","clientes"
"apps\erp-api\tests\e2e\finanzas-e2e.test.ts","cuentas_por_cobrar"
"apps\erp-api\tests\e2e\finanzas-e2e.test.ts","cuentas_por_cobrar"
"apps\erp-api\tests\e2e\finanzas-e2e.test.ts","cuentas_por_cobrar"
"apps\erp-api\tests\e2e\finanzas-e2e.test.ts","cuentas_por_cobrar"
"apps\erp-api\tests\e2e\finanzas-e2e.test.ts","cuentas_por_cobrar"
"apps\erp-api\tests\e2e\finanzas-e2e.test.ts","cuentas_por_cobrar"
"apps\erp-api\tests\e2e\finanzas-e2e.test.ts","clientes"
"apps\erp-api\tests\e2e\finanzas-e2e.test.ts","clientes"
"apps\erp-api\tests\e2e\finanzas-e2e.test.ts","tenants"
"apps\erp-api\tests\e2e\finanzas-e2e.test.ts","tenants"
"apps\erp-api\tests\e2e\finanzas-e2e.test.ts","tenants"
"apps\erp-api\tests\e2e\finanzas-e2e.test.ts","cuentas_bancarias"
"apps\erp-api\tests\e2e\finanzas-e2e.test.ts","cuentas_bancarias"
"apps\erp-api\tests\e2e\finanzas-e2e.test.ts","tenants"
"apps\erp-api\tests\e2e\finanzas-e2e.test.ts","tenants"
"apps\erp-api\tests\e2e\finanzas-e2e.test.ts","cuentas_bancarias"
"apps\erp-api\tests\e2e\finanzas-e2e.test.ts","cuentas_bancarias"
"apps\erp-api\tests\e2e\finanzas-e2e.test.ts","cuentas_bancarias"
"apps\erp-api\tests\e2e\finanzas-e2e.test.ts","cuentas_bancarias"
"apps\erp-api\tests\e2e\finanzas-e2e.test.ts","tenants"
"apps\erp-api\tests\e2e\finanzas-e2e.test.ts","tenants"
"apps\erp-api\tests\e2e\finanzas-e2e.test.ts","clientes"
"apps\erp-api\tests\e2e\finanzas-e2e.test.ts","cuentas_por_cobrar"
"apps\erp-api\tests\e2e\finanzas-e2e.test.ts","cuentas_por_cobrar"
"apps\erp-api\tests\e2e\finanzas-e2e.test.ts","clientes"
"apps\erp-api\tests\e2e\finanzas-e2e.test.ts","tenants"
"apps\erp-api\tests\e2e\finanzas-e2e.test.ts","tenants"
"apps\erp-api\tests\e2e\finanzas-e2e.test.ts","clientes"
"apps\erp-api\tests\e2e\finanzas-e2e.test.ts","cuentas_por_cobrar"
"apps\erp-api\tests\e2e\finanzas-e2e.test.ts","cuentas_por_cobrar"
"apps\erp-api\tests\e2e\finanzas-e2e.test.ts","clientes"
"apps\erp-api\tests\e2e\finanzas-e2e.test.ts","tenants"
"apps\erp-api\src\app.controller.ts","profiles"
"apps\erp-api\tests\e2e\helpers\supabase-test-client.ts","tenants"
"apps\erp-api\tests\e2e\helpers\supabase-test-client.ts","clientes"
"apps\erp-api\tests\e2e\helpers\supabase-test-client.ts","productos"
"apps\erp-api\tests\e2e\helpers\supabase-test-client.ts","pedidos_venta_detalle"
"apps\erp-api\tests\e2e\helpers\supabase-test-client.ts","pedidos_venta"
"apps\erp-api\tests\e2e\helpers\supabase-test-client.ts","pedidos_venta"
"apps\erp-api\tests\e2e\helpers\supabase-test-client.ts","clientes"
"apps\erp-api\tests\e2e\helpers\supabase-test-client.ts","productos"
"apps\erp-api\tests\e2e\helpers\supabase-test-client.ts","tenants"
"apps\erp-api\tests\e2e\helpers\supabase-test-client.ts","tenants"
"apps\erp-api\src\shared\utils\tax-calculator.ts","empresa_config"
"apps\erp-api\src\shared\utils\tax-calculator.ts","configuracion_fiscal"
"apps\erp-api\src\modules\ventas\rma\rma.service.ts","rma_solicitudes"
"apps\erp-api\src\modules\ventas\rma\rma.service.ts","rma_solicitudes"
"apps\erp-api\src\modules\ventas\rma\rma.service.ts","rma_items"
"apps\erp-api\src\modules\ventas\rma\rma.service.ts","rma_solicitudes"
"apps\erp-api\src\modules\ventas\rma\rma.service.ts","rma_items"
"apps\erp-api\src\modules\ventas\rma\rma.service.ts","rma_solicitudes"
"apps\erp-api\src\modules\ventas\rma\rma.service.ts","rma_solicitudes"
"apps\erp-api\src\modules\ventas\rma\rma.service.ts","pedidos_venta"
"apps\erp-api\src\modules\ventas\rma\rma.service.ts","empresa_config"
"apps\erp-api\src\modules\ventas\rma\rma.service.ts","rma_solicitudes"
"apps\erp-api\src\modules\ventas\rma\rma.service.ts","rma_eventos"
"apps\erp-api\src\modules\ventas\rma\rma.service.ts","rma_solicitudes"
"apps\erp-api\src\modules\ventas\rma\rma.service.ts","empresa_config"
"apps\erp-api\src\modules\ventas\rma\rma.service.ts","pedidos_venta"
"apps\erp-api\src\modules\ventas\rma\rma.service.ts","almacen_ubicaciones"
"apps\erp-api\src\modules\reports.controller.ts","ventas"
"apps\erp-api\src\modules\reports.controller.ts","ventas"
"apps\erp-api\src\modules\reports.controller.ts","productos"
"apps\erp-api\src\modules\finanzas\tesoreria\tesoreria.service.ts","cuentas_por_pagar"
"apps\erp-api\src\modules\finanzas\tesoreria\tesoreria.service.ts","cuentas_bancarias"
"apps\erp-api\src\modules\finanzas\tesoreria\tesoreria.service.ts","cuentas_por_pagar"
"apps\erp-api\src\modules\finanzas\tesoreria\tesoreria.service.ts","movimientos_bancarios"
"apps\erp-api\src\modules\finanzas\tesoreria\tesoreria.service.ts","cuentas_por_pagar"
"apps\erp-api\src\modules\finanzas\tesoreria\tesoreria.service.ts","cuentas_bancarias"
"apps\erp-api\src\modules\finanzas\tesoreria\tesoreria.service.ts","movimientos_bancarios"
"apps\erp-api\src\modules\finanzas\tesoreria\tesoreria.service.ts","cuentas_por_pagar"
"apps\erp-api\src\modules\finanzas\tesoreria\tesoreria.service.ts","movimientos_bancarios"
"apps\erp-api\src\modules\finanzas\tesoreria\tesoreria.service.ts","cuentas_por_pagar"
"apps\erp-api\src\modules\finanzas\tesoreria\tesoreria.service.ts","cuentas_por_pagar"
"apps\erp-api\src\modules\finanzas\tesoreria\tesoreria.service.ts","cuentas_bancarias"
"apps\erp-api\src\modules\finanzas\tesoreria\tesoreria.service.ts","cuentas_por_pagar"
"apps\erp-api\src\modules\finanzas\tesoreria\tesoreria.service.ts","cuentas_por_cobrar"
"apps\erp-api\src\modules\ventas\reportes\reportes.service.ts","pedidos_venta"
"apps\erp-api\src\modules\ventas\reportes\reportes.service.ts","cotizaciones"
"apps\erp-api\src\modules\ventas\reportes\reportes.service.ts","pedidos_venta"
"apps\erp-api\src\modules\ventas\reportes\reportes.service.ts","pedidos_venta_detalle"
"apps\erp-api\src\modules\ventas\reportes\reportes.service.ts","pedidos_venta"
"apps\erp-api\src\modules\ventas\reportes\reportes.service.ts","pedidos_venta"
"apps\erp-api\src\modules\ventas\reportes\reportes.service.ts","cotizaciones"
"apps\erp-api\src\modules\ventas\reportes\reportes.service.ts","pedidos_venta"
"apps\erp-api\src\modules\ventas\reportes\reportes.service.ts","documentos"
"apps\erp-api\src\modules\ventas\reportes\reportes.service.ts","pedidos_venta"
"apps\erp-api\src\modules\ventas\reportes\reportes.service.ts","pedidos_venta_detalle"
"apps\erp-api\src\modules\ventas\reportes\reportes.service.ts","movimientos_inventario"
"apps\erp-api\src\modules\ventas\reportes\reportes.service.ts","pedido_backorders"
"apps\erp-api\src\modules\ventas\reportes\reportes.service.ts","cuentas_por_cobrar"
"apps\erp-api\src\modules\ventas\reportes\reportes.service.ts","v_kpis_sunat_multitenant"
"apps\erp-api\src\modules\ventas\reportes\reportes.service.ts","documentos"
"apps\erp-api\src\modules\ventas\reportes\reportes.service.ts","empresa_config"
"apps\erp-api\src\modules\ventas\pedidos\pedidos.service.ts","clientes"
"apps\erp-api\src\modules\ventas\pedidos\pedidos.service.ts","pedidos_venta"
"apps\erp-api\src\modules\ventas\pedidos\pedidos.service.ts","pedidos_venta"
"apps\erp-api\src\modules\ventas\pedidos\pedidos.service.ts","pedido_aprobaciones"
"apps\erp-api\src\modules\ventas\pedidos\pedidos.service.ts","usuarios_sistema"
"apps\erp-api\src\modules\ventas\pedidos\pedidos.service.ts","pedidos_venta"
"apps\erp-api\src\modules\ventas\pedidos\pedidos.service.ts","pedidos_venta"
"apps\erp-api\src\modules\ventas\pedidos\pedidos.service.ts","pedidos_venta_detalle"
"apps\erp-api\src\modules\ventas\pedidos\pedidos.service.ts","pedidos_venta_detalle"
"apps\erp-api\src\modules\ventas\pedidos\pedidos.service.ts","pedidos_venta_detalle"
"apps\erp-api\src\modules\ventas\pedidos\pedidos.service.ts","pedidos_venta"
"apps\erp-api\src\modules\ventas\pedidos\pedidos.service.ts","pedidos_venta"
"apps\erp-api\src\modules\ventas\pedidos\pedidos.service.ts","empresa_config"
"apps\erp-api\src\modules\ventas\pedidos\pedidos.service.ts","clientes"
"apps\erp-api\src\modules\ventas\pedidos\pedidos.service.ts","cuentas_por_cobrar"
"apps\erp-api\src\modules\ventas\pedidos\pedidos.service.ts","pedidos_venta"
"apps\erp-api\src\modules\ventas\pedidos\pedidos.service.ts","pedido_aprobaciones"
"apps\erp-api\src\modules\ventas\pedidos\pedidos.service.ts","movimientos_inventario"
"apps\erp-api\src\modules\ventas\pedidos\pedidos.service.ts","movimientos_inventario"
"apps\erp-api\src\modules\ventas\pedidos\pedidos.service.ts","movimientos_inventario"
"apps\erp-api\src\modules\ventas\pedidos\pedidos.service.ts","pedidos_venta"
"apps\erp-api\src\modules\ventas\pedidos\pedidos.service.ts","movimientos_inventario"
"apps\erp-api\src\modules\ventas\pedidos\pedidos.service.ts","movimientos_inventario"
"apps\erp-api\src\modules\ventas\pedidos\pedidos.service.ts","pedidos_venta_detalle"
"apps\erp-api\src\modules\ventas\pedidos\pedidos.service.ts","pedido_backorders"
"apps\erp-api\src\modules\ventas\pedidos\pedidos.service.ts","pedidos_venta"
"apps\erp-api\src\modules\ventas\pedidos\pedidos.service.ts","empresa_config"
"apps\erp-api\src\modules\ventas\pedidos\pedidos.service.ts","movimientos_inventario"
"apps\erp-api\src\modules\ventas\pedidos\pedidos.service.ts","movimientos_inventario"
"apps\erp-api\src\modules\ventas\pedidos\pedidos.service.ts","pedidos_venta_detalle"
"apps\erp-api\src\modules\ventas\pedidos\pedidos.service.ts","pedido_backorders"
"apps\erp-api\src\modules\ventas\pedidos\pedidos.service.ts","pedidos_venta"
"apps\erp-api\src\modules\ventas\pedidos\pedidos.service.ts","pedidos_venta_detalle"
"apps\erp-api\src\modules\ventas\pedidos\pedidos.service.ts","productos"
"apps\erp-api\src\modules\ventas\pedidos\pedidos.service.ts","pedidos_venta"
"apps\erp-api\src\modules\ventas\pedidos\pedidos.service.ts","pedido_gres"
"apps\erp-api\src\modules\ventas\pedidos\pedidos.service.ts","movimientos_inventario"
"apps\erp-api\src\modules\ventas\pedidos\pedidos.service.ts","empresa_config"
"apps\erp-api\src\modules\ventas\pedidos\pedidos.service.ts","documento_series"
"apps\erp-api\src\modules\ventas\pedidos\pedidos.service.ts","clientes"
"apps\erp-api\src\modules\ventas\pedidos\pedidos.service.ts","documentos"
"apps\erp-api\src\modules\ventas\pedidos\pedidos.service.ts","documento_detalles"
"apps\erp-api\src\modules\ventas\pedidos\pedidos.service.ts","documentos"
"apps\erp-api\src\modules\ventas\pedidos\pedidos.service.ts","cpe"
"apps\erp-api\src\modules\ventas\pedidos\pedidos.service.ts","cuentas_por_cobrar"
"apps\erp-api\src\modules\ventas\pedidos\pedidos.service.ts","pedidos_venta"
"apps\erp-api\src\modules\ventas\pedidos\gre-integration.service.ts","empresa_config"
"apps\erp-api\src\modules\ventas\pedidos\gre-integration.service.ts","clientes"
"apps\erp-api\src\modules\ventas\pedidos\gre-integration.service.ts","empresa_config"
"apps\web\app\api\help\sugerencias\route.ts","usuarios"
"apps\erp-api\src\modules\pos\services\pos-audit.service.ts","vw_eventos_pos_sospechosos"
"apps\erp-api\src\modules\pos\pos.worker.scheduler.ts","tenants"
"apps\erp-api\src\modules\pos\pos.service.ts","metodos_pago"
"apps\erp-api\src\modules\pos\pos.service.ts","vista_pos_productos"
"apps\erp-api\src\modules\pos\pos.service.ts","clientes"
"apps\erp-api\src\modules\pos\pos.service.ts","metodos_pago"
"apps\erp-api\src\modules\pos\pos.service.ts","empresa_config"
"apps\erp-api\src\modules\pos\pos.service.ts","sesiones_caja"
"apps\erp-api\src\modules\pos\pos.service.ts","sesiones_caja"
"apps\erp-api\src\modules\pos\pos.service.ts","ventas_pos"
"apps\erp-api\src\modules\pos\pos.service.ts","outbox_events"
"apps\erp-api\src\modules\pos\pos.service.ts","ventas_pos"
"apps\erp-api\src\modules\pos\pos.service.ts","empresa_config"
"apps\erp-api\src\modules\pos\pos.service.ts","sesiones_caja"
"apps\erp-api\src\modules\pos\pos.service.ts","outbox_events"
"apps\erp-api\src\modules\pos\pos.service.ts","movimientos_caja"
"apps\erp-api\src\modules\pos\pos.service.ts","empresa_config"
"apps\erp-api\src\modules\pos\pos.service.ts","clientes"
"apps\erp-api\src\modules\pos\pos.service.ts","clientes"
"apps\erp-api\src\modules\pos\pos.service.ts","clientes"
"apps\erp-api\src\modules\pos\pos.service.ts","empresa_config"
"apps\erp-api\src\modules\pos\pos.service.ts","cuentas_por_cobrar"
"apps\erp-api\src\modules\pos\pos.service.ts","empresa_config"
"apps\erp-api\src\modules\pos\pos.service.ts","sesiones_caja"
"apps\erp-api\src\modules\pos\pos.service.ts","detalle_ventas_pos"
"apps\erp-api\src\modules\pos\pos.service.ts","empresa_config"
"apps\erp-api\src\modules\pos\pos.service.ts","ventas_pos"
"apps\erp-api\src\modules\pos\pos.service.ts","ventas_pos"
"apps\erp-api\src\modules\pos\pos.service.ts","ventas_pos"
"apps\erp-api\src\modules\pos\pos.service.ts","ventas_pos"
"apps\erp-api\src\modules\pos\pos.service.ts","ventas_pos"
"apps\erp-api\src\modules\pos\pos.service.ts","ventas_pos"
"apps\erp-api\src\modules\pos\pos.service.ts","ventas_pos"
"apps\erp-api\src\modules\pos\pos.service.ts","ventas_pos"
"apps\erp-api\src\modules\pos\pos.service.ts","ventas_pos"
"apps\erp-api\src\modules\pos\pos.service.ts","detalle_ventas_pos"
"apps\erp-api\src\modules\pos\pos.service.ts","ventas_pos"
"apps\erp-api\src\modules\finanzas\shared\retenciones-validation.service.ts","clientes"
"apps\erp-api\src\modules\finanzas\shared\retenciones-validation.service.ts","empresa_config"
"apps\web\app\api\help\search\route.ts","usuarios"
"apps\erp-api\src\modules\permissions\role.service.ts","roles"
"apps\erp-api\src\modules\permissions\role.service.ts","roles"
"apps\erp-api\src\modules\permissions\role.service.ts","roles"
"apps\erp-api\src\modules\permissions\role.service.ts","roles"
"apps\erp-api\src\modules\permissions\role.service.ts","roles"
"apps\erp-api\src\modules\permissions\role.service.ts","roles"
"apps\erp-api\src\modules\permissions\role.service.ts","roles"
"apps\erp-api\src\modules\permissions\role.service.ts","roles"
"apps\erp-api\src\modules\permissions\role.service.ts","roles"
"apps\erp-api\src\modules\permissions\role.service.ts","rol_permisos"
"apps\erp-api\src\modules\permissions\role.service.ts","roles"
"apps\erp-api\src\modules\permissions\role.service.ts","user_roles"
"apps\erp-api\src\modules\permissions\role.service.ts","permisos"
"apps\erp-api\src\modules\permissions\role.service.ts","rol_permisos"
"apps\erp-api\src\modules\permissions\permission.service.ts","permisos"
"apps\erp-api\src\modules\permissions\permission.service.ts","roles"
"apps\erp-api\src\modules\permissions\permission.service.ts","rol_permisos"
"apps\erp-api\src\modules\permissions\permission.service.ts","roles"
"apps\erp-api\src\modules\permissions\permission.service.ts","permisos"
"apps\erp-api\src\modules\permissions\permission.service.ts","rol_permisos"
"apps\erp-api\src\modules\permissions\permission.service.ts","rol_permisos"
"apps\erp-api\src\modules\permissions\permission.service.ts","roles"
"apps\erp-api\src\modules\permissions\permission.service.ts","rol_permisos"
"apps\erp-api\src\modules\permissions\permission.service.ts","usuarios_sistema"
"apps\erp-api\src\modules\permissions\permission.service.ts","user_roles"
"apps\erp-api\src\modules\permissions\permission.service.ts","roles"
"apps\erp-api\src\modules\permissions\permission.service.ts","rol_permisos"
"apps\erp-api\src\modules\permissions\permission.service.ts","user_roles"
"apps\erp-api\src\modules\permissions\permission.service.ts","roles"
"apps\erp-api\src\modules\permissions\permission.service.ts","rol_permisos"
"apps\erp-api\src\modules\permissions\permission.service.ts","user_roles"
"apps\erp-api\src\shared\security\adaptive-rate-limit.service.ts","rate_limit_baselines"
"apps\erp-api\src\shared\security\adaptive-rate-limit.service.ts","trusted_ips"
"apps\erp-api\src\shared\security\adaptive-rate-limit.service.ts","rate_limit_baselines"
"apps\erp-api\src\shared\security\adaptive-rate-limit.service.ts","request_logs"
"apps\erp-api\src\shared\security\adaptive-rate-limit.service.ts","rate_limit_baselines"
"apps\erp-api\src\shared\security\adaptive-rate-limit.service.ts","rate_limit_blocks"
"apps\erp-api\src\shared\security\adaptive-rate-limit.service.ts","rate_limit_blocks"
"apps\erp-api\src\shared\security\adaptive-rate-limit.service.ts","trusted_ips"
"apps\erp-api\src\shared\security\adaptive-rate-limit.service.ts","rate_limit_anomalies"
"apps\web\app\api\configuracion-fiscal\route.ts","usuarios"
"apps\web\app\api\configuracion-fiscal\route.ts","empresa_config"
"apps\web\app\api\configuracion-fiscal\route.ts","configuracion_fiscal"
"apps\erp-api\src\modules\ventas\pedidos\cpe-integration.verify.spec.ts","pdf"
"apps\erp-api\src\modules\ventas\pedidos\cpe-integration.service.ts","clientes"
"apps\erp-api\src\modules\ventas\pedidos\cpe-integration.service.ts","empresa_config"
"apps\erp-api\src\modules\ventas\pedidos\cpe-integration.service.ts","empresa_config"
"apps\erp-api\src\modules\ventas\pedidos\cpe-integration.service.ts","empresa_config"
"apps\erp-api\src\shared\secrets\secret-rotation.service.ts","secret_rotation_state"
"apps\erp-api\src\shared\secrets\secret-rotation.service.ts","secret_rotation_state"
"apps\erp-api\src\shared\secrets\secret-rotation.service.ts","system_alerts"
"apps\erp-api\src\modules\usuarios\usuarios.service.ts","usuarios_sistema"
"apps\erp-api\src\modules\usuarios\usuarios.service.ts","usuarios_sistema"
"apps\erp-api\src\modules\usuarios\usuarios.service.ts","usuarios_sistema"
"apps\erp-api\src\modules\usuarios\usuarios.service.ts","usuarios_sistema"
"apps\erp-api\src\modules\usuarios\user-management.service.ts","usuarios_sistema"
"apps\erp-api\src\modules\usuarios\user-management.service.ts","usuarios_sistema"
"apps\erp-api\src\modules\usuarios\user-management.service.ts","usuarios_sistema"
"apps\erp-api\src\modules\usuarios\user-management.service.ts","usuarios_sistema"
"apps\erp-api\src\modules\usuarios\user-management.service.ts","usuarios_sistema"
"apps\erp-api\src\modules\usuarios\user-management.service.ts","usuarios_sistema"
"apps\erp-api\src\modules\usuarios\user-management.service.ts","audit_log"
"apps\erp-api\src\modules\usuarios\user-management.service.ts","usuarios_sistema"
"apps\erp-api\src\modules\usuarios\user-management.service.ts","usuarios_sistema"
"apps\erp-api\src\modules\usuarios\user-management.service.ts","usuarios_sistema"
"apps\erp-api\src\modules\usuarios\user-management.service.ts","roles"
"apps\erp-api\src\modules\usuarios\user-management.service.ts","user_roles"
"apps\erp-api\src\modules\usuarios\user-management.service.ts","user_roles"
"apps\erp-api\src\modules\usuarios\user-management.service.ts","usuarios_sistema"
"apps\erp-api\src\modules\usuarios\user-management.service.ts","user_roles"
"apps\erp-api\src\modules\usuarios\user-management.service.ts","usuarios_sistema"
"apps\erp-api\src\modules\usuarios\user-management.service.ts","usuarios_sistema"
"apps\erp-api\src\modules\usuarios\user-management.service.ts","user_sessions"
"apps\erp-api\src\modules\usuarios\user-management.service.ts","usuarios_sistema"
"apps\erp-api\src\modules\usuarios\user-management.service.ts","usuarios_sistema"
"apps\erp-api\src\modules\usuarios\user-management.service.ts","usuarios_sistema"
"apps\erp-api\src\modules\paises\paises.service.ts","paises"
"apps\erp-api\src\modules\paises\paises.service.ts","paises"
"apps\erp-api\src\modules\paises\paises.service.ts","configuracion_fiscal"
"apps\erp-api\src\modules\paises\paises.service.ts","configuracion_fiscal"
"apps\erp-api\src\modules\paises\paises.service.ts","usuario_configuracion"
"apps\erp-api\src\modules\paises\paises.service.ts","usuario_configuracion"
"apps\erp-api\src\modules\paises\paises.service.ts","usuario_configuracion"
"apps\erp-api\src\modules\paises\paises.service.ts","paises"
"apps\erp-api\src\modules\paises\paises.service.ts","tipos_documentos_fiscales"
"apps\erp-api\src\modules\paises\paises.service.ts","tipos_impuestos"
"apps\erp-api\src\modules\cpe\pdf-generator.service.ts","empresa_config"
"apps\erp-api\src\modules\cpe\pdf-generator.service.ts","paises"
"apps\erp-api\src\modules\cpe\pdf-generator.service.ts","cpe"
"apps\erp-api\src\modules\cpe\pdf-generator.service.ts","empresa_config"
"apps\erp-api\src\modules\cpe\fiscal-adapter.service.ts","paises"
"apps\erp-api\src\modules\cpe\fiscal-adapter.service.ts","paises"
"apps\erp-api\src\modules\cpe\fiscal-adapter.service.ts","configuracion_fiscal"
"apps\erp-api\src\modules\cpe\fiscal-adapter.service.ts","empresa_config"
"apps\erp-api\src\modules\cpe\fiscal-adapter.service.ts","empresa_config"
"apps\erp-api\src\modules\cpe\cpe.service.ts","empresa_config"
"apps\erp-api\src\modules\cpe\cpe.service.ts","documentos"
"apps\erp-api\src\modules\cpe\cpe.service.ts","cpe"
"apps\erp-api\src\modules\cpe\cpe.service.ts","empresa_config"
"apps\erp-api\src\modules\cpe\cpe.service.ts","cpe"
"apps\erp-api\src\modules\cpe\cpe.service.ts","cpe"
"apps\erp-api\src\modules\cpe\cpe.service.ts","cpe"
"apps\erp-api\src\modules\cpe\cpe.service.ts","cpe"
"apps\erp-api\src\modules\cpe\cpe.service.ts","cpe"
"apps\erp-api\src\modules\cpe\cpe.service.ts","cpe"
"apps\erp-api\src\modules\cpe\cpe.service.ts","cpe"
"apps\erp-api\src\modules\cpe\cpe.service.ts","cpe"
"apps\erp-api\src\modules\cpe\cpe.service.ts","cpe"
"apps\erp-api\src\modules\cpe\cpe.service.ts","empresa_config"
"apps\erp-api\src\modules\cpe\cpe.service.ts","cpe"
"apps\erp-api\src\modules\cpe\cpe.service.ts","cpe"
"apps\erp-api\src\modules\cpe\cpe.service.ts","cpe"
"apps\erp-api\src\modules\cpe\cpe.service.ts","cpe"
"apps\erp-api\src\modules\cpe\cpe.service.ts","cpe"
"apps\erp-api\src\modules\cpe\cpe.service.ts","cpe"
"apps\erp-api\src\modules\cpe\cpe.service.ts","comprobantes_electronicos"
"apps\erp-api\src\modules\cpe\cpe.service.ts","comprobantes_electronicos"
"apps\erp-api\src\modules\cpe\cpe.service.ts","comprobantes_electronicos"
"apps\erp-api\src\modules\cpe\cpe.service.ts","outbox_events"
"apps\erp-api\src\modules\cpe\cpe.service.ts","comprobantes_electronicos"
"apps\erp-api\src\modules\cpe\cpe-helper.service.ts","empresa_config"
"apps\erp-api\src\modules\cpe\cpe-helper.service.ts","paises"
"apps\erp-api\src\modules\cpe\cpe-helper.service.ts","empresa_config"
"apps\erp-api\src\modules\cpe\cpe-helper.service.ts","paises"
"apps\erp-api\src\modules\cpe\comunicacion-baja.service.ts","empresa_config"
"apps\erp-api\src\modules\cpe\comunicacion-baja.service.ts","paises"
"apps\erp-api\src\modules\cpe\comunicacion-baja.service.ts","cpe"
"apps\erp-api\src\modules\cpe\comunicacion-baja.service.ts","comunicaciones_baja"
"apps\erp-api\src\modules\cpe\comunicacion-baja.service.ts","detalle_comunicacion_baja"
"apps\erp-api\src\modules\cpe\comunicacion-baja.service.ts","comunicaciones_baja"
"apps\erp-api\src\modules\cpe\comunicacion-baja.service.ts","comunicaciones_baja"
"apps\erp-api\src\modules\cpe\comunicacion-baja.service.ts","comunicaciones_baja"
"apps\erp-api\src\modules\cpe\comunicacion-baja.service.ts","comunicaciones_baja"
"apps\erp-api\src\modules\cpe\comunicacion-baja.service.ts","comunicaciones_baja"
"apps\erp-api\src\modules\cpe\comunicacion-baja.service.ts","comunicaciones_baja"
"apps\erp-api\src\modules\cpe\comunicacion-baja.service.ts","comunicaciones_baja"
"apps\erp-api\src\modules\cpe\comunicacion-baja.service.ts","comunicaciones_baja"
"apps\erp-api\src\modules\cpe\comunicacion-baja.service.ts","comunicaciones_baja"
"apps\erp-api\src\modules\cpe\comunicacion-baja.service.ts","empresa_config"
"apps\erp-api\src\modules\cpe\comunicacion-baja.service.ts","paises"
"apps\erp-api\src\modules\cpe\comunicacion-baja.service.ts","cpe"
"apps\erp-api\src\modules\cpe\comunicacion-baja.service.ts","resumenes_diarios"
"apps\erp-api\src\modules\cpe\comunicacion-baja.service.ts","detalle_resumen_diario"
"apps\erp-api\src\modules\cpe\comunicacion-baja.service.ts","resumenes_diarios"
"apps\erp-api\src\modules\cpe\comunicacion-baja.service.ts","empresa_config"
"apps\erp-api\src\modules\cpe\comunicacion-baja.service.ts","cpe"
"apps\erp-api\src\modules\cotizaciones.controller.ts","cotizaciones"
"apps\erp-api\src\modules\cotizaciones.controller.ts","cotizaciones"
"apps\erp-api\src\modules\cotizaciones.controller.ts","cotizaciones"
"apps\erp-api\src\modules\cotizaciones.controller.ts","cotizaciones"
"apps\erp-api\src\modules\cotizaciones.controller.ts","cotizaciones"
"apps\erp-api\src\modules\cotizaciones.controller.ts","cotizaciones"
"apps\erp-api\src\modules\cotizaciones.controller.ts","cotizaciones"
"apps\erp-api\src\modules\cotizaciones.controller.ts","cotizaciones"
"apps\erp-api\src\modules\cotizaciones.controller.ts","cotizaciones"
"apps\erp-api\src\modules\cotizaciones.controller.ts","cotizaciones"
"apps\erp-api\src\modules\cotizaciones.controller.ts","cotizaciones"
"apps\erp-api\src\modules\cotizaciones.controller.ts","cotizaciones"
"apps\erp-api\src\modules\cotizaciones.controller.ts","cotizaciones"
"apps\erp-api\src\modules\cotizaciones.controller.ts","documentos"
"apps\erp-api\src\modules\cotizaciones.controller.ts","documentos"
"apps\erp-api\src\modules\cotizaciones.controller.ts","documento_detalles"
"apps\erp-api\src\modules\cotizaciones.controller.ts","cotizaciones"
"apps\erp-api\src\modules\cotizaciones.controller.ts","cotizaciones"
"apps\erp-api\src\modules\cotizaciones.controller.ts","cotizaciones"
"apps\erp-api\src\shared\outbox\outbox.service.ts","outbox_events"
"apps\erp-api\src\shared\outbox\outbox.service.ts","outbox_events"
"apps\erp-api\src\shared\outbox\outbox-worker.service.ts","outbox_events"
"apps\erp-api\src\modules\finanzas\cxp\cxp.service.ts","integration_logs"
"apps\erp-api\src\modules\finanzas\cxp\cxp.service.ts","integration_logs"
"apps\erp-api\src\modules\finanzas\cxp\cxp.service.ts","cuentas_por_pagar"
"apps\erp-api\src\modules\finanzas\cxp\cxp.service.ts","cuentas_por_pagar"
"apps\erp-api\src\modules\finanzas\cxp\cxp.service.ts","outbox_events"
"apps\erp-api\src\modules\finanzas\cxp\cxp.service.ts","proveedores"
"apps\erp-api\src\modules\finanzas\cxp\cxp.service.ts","cuentas_por_pagar"
"apps\erp-api\src\modules\finanzas\cxp\cxp.service.ts","cuentas_por_pagar"
"apps\erp-api\src\modules\finanzas\cxp\cxp.service.ts","cuentas_por_pagar"
"apps\erp-api\src\modules\finanzas\cxp\cxp.service.ts","cuentas_por_pagar"
"apps\erp-api\src\modules\finanzas\cxp\cxp.service.ts","cuentas_por_pagar"
"apps\erp-api\src\modules\finanzas\cxp\cxp.service.ts","cuentas_por_pagar"
"apps\erp-api\src\modules\finanzas\cxp\cxp.service.ts","cuentas_por_pagar"
"apps\erp-api\src\modules\finanzas\cxp\cxp.service.ts","cuentas_por_pagar"
"apps\erp-api\src\modules\finanzas\cxp\cxp.service.ts","cuentas_bancarias"
"apps\erp-api\src\modules\finanzas\cxp\cxp.service.ts","cuentas_por_pagar"
"apps\erp-api\src\modules\finanzas\cxp\cxp.service.ts","cuentas_por_pagar"
"apps\erp-api\src\modules\finanzas\cxp\cxp.service.ts","cuentas_por_pagar"
"apps\erp-api\src\modules\finanzas\cxp\cxp.service.ts","outbox_events"
"apps\erp-api\src\modules\finanzas\cxp\cxp.service.ts","cuentas_por_pagar"
"apps\erp-api\src\modules\finanzas\cxp\cxp.service.ts","cuentas_por_pagar"
"apps\erp-api\src\modules\finanzas\cxp\cxp.service.ts","cuentas_por_pagar"
"apps\erp-api\src\modules\finanzas\cxp\cxp.service.ts","movimientos_bancarios"
"apps\erp-api\src\modules\finanzas\cxp\cxp.service.ts","cuentas_por_pagar"
"apps\erp-api\src\modules\tenants\tenant-management.service.ts","paises"
"apps\erp-api\src\modules\tenants\tenant-management.service.ts","empresa_config"
"apps\erp-api\src\modules\tenants\tenant-management.service.ts","empresa_config"
"apps\erp-api\src\modules\tenants\tenant-management.service.ts","empresa_config"
"apps\erp-api\src\modules\tenants\tenant-management.service.ts","roles"
"apps\erp-api\src\modules\tenants\tenant-management.service.ts","roles"
"apps\erp-api\src\modules\tenants\tenant-management.service.ts","permisos"
"apps\erp-api\src\modules\tenants\tenant-management.service.ts","permisos"
"apps\erp-api\src\modules\tenants\tenant-management.service.ts","rol_permisos"
"apps\erp-api\src\modules\tenants\tenant-management.service.ts","empresa_config"
"apps\erp-api\src\modules\tenants\tenant-management.service.ts","empresa_config"
"apps\erp-api\src\modules\tenants\tenant-management.service.ts","paises"
"apps\erp-api\src\modules\tenants\tenant-management.service.ts","paises"
"apps\erp-api\src\modules\tenants\tenant-management.service.ts","empresa_config"
"apps\erp-api\src\modules\tenants\tenant-management.service.ts","empresa_config"
"apps\erp-api\src\modules\tenants\tenant-management.service.ts","empresa_config"
"apps\erp-api\src\modules\tenants\tenant-management.service.ts","empresa_config"
"apps\erp-api\src\modules\tenants\tenant-management.service.ts","empresa_config"
"apps\erp-api\src\modules\tenants\tenant-management.service.ts","empresa_config"
"apps\erp-api\src\modules\tenants\tenant-management.service.ts","empresa_config"
"apps\erp-api\src\modules\tenants\tenant-management.service.ts","roles"
"apps\erp-api\src\modules\tenants\tenant-management.service.ts","usuarios_sistema"
"apps\erp-api\src\modules\tenants\tenant-management.service.ts","usuarios_sistema"
"apps\erp-api\src\modules\tenants\tenant-management.service.ts","usuarios_sistema"
"apps\erp-api\src\modules\tenants\tenant-management.service.ts","empresa_config"
"apps\erp-api\src\modules\tenants\tenant-management.service.ts","empresa_config"
"apps\erp-api\src\modules\tenants\tenant-management.service.ts","usuarios_sistema"
"apps\erp-api\src\modules\tenants\tenant-management.service.ts","empresa_config"
"apps\erp-api\src\modules\tenants\tenant-management.service.ts","roles"
"apps\erp-api\src\modules\tenants\tenant-management.service.ts","user_roles"
"apps\erp-api\src\modules\tenants\tenant-management.service.ts","empresa_config"
"apps\erp-api\src\modules\tenants\tenant-management.service.ts","user_sessions"
"apps\erp-api\src\modules\tenants\tenant-management.service.ts","empresa_config"
"apps\erp-api\src\modules\tenants\tenant-management.service.ts","usuarios_sistema"
"apps\erp-api\src\modules\tenants\tenant-management.service.ts","usuarios_sistema"
"apps\erp-api\src\modules\tenants\tenant-management.service.ts","empresa_config"
"apps\erp-api\src\modules\tenants\tenant-management.service.ts","usuarios_sistema"
"apps\erp-api\src\modules\contabilidad.controller.ts","periodos_contables"
"apps\erp-api\src\modules\contabilidad.controller.ts","periodos_contables"
"apps\erp-api\src\modules\contabilidad.controller.ts","periodos_contables"
"apps\erp-api\src\modules\contabilidad.controller.ts","periodos_contables"
"apps\erp-api\src\modules\contabilidad.controller.ts","periodos_contables"
"apps\erp-api\src\modules\contabilidad.controller.ts","centros_costo"
"apps\erp-api\src\modules\contabilidad.controller.ts","periodos_contables"
"apps\erp-api\src\modules\contabilidad.controller.ts","pg_matviews"
"apps\erp-api\src\modules\contabilidad.controller.ts","asientos_contables_rrhh"
"apps\erp-api\src\modules\notifications\notifications.service.ts","notificaciones"
"apps\erp-api\src\modules\notifications\notifications.service.ts","user_roles"
"apps\erp-api\src\modules\notifications\notifications.service.ts","roles"
"apps\erp-api\src\modules\notifications\notifications.service.ts","notificaciones"
"apps\erp-api\src\modules\notifications\notifications.service.ts","notificaciones"
"apps\erp-api\src\modules\notifications\notifications.service.ts","notificaciones"
"apps\erp-api\src\modules\notifications\notifications.service.ts","notificaciones"
"apps\erp-api\src\modules\notifications\notifications.service.ts","notificaciones"
"apps\erp-api\src\modules\notifications\notifications.service.ts","notificaciones"
"apps\erp-api\src\modules\notifications\notifications.service.ts","notificaciones"
"apps\erp-api\src\modules\notifications\notifications.service.ts","notificaciones"
"apps\erp-api\src\modules\notifications\inventory-stock-alerts.listener.ts","productos"
"apps\erp-api\src\modules\notifications\inventory-stock-alerts.listener.ts","notificaciones"
"apps\erp-api\src\modules\notifications\inventory-stock-alerts.listener.ts","usuarios_sistema"
"apps\erp-api\src\modules\notifications\inventory-stock-alerts.listener.ts","usuarios_sistema"
"apps\erp-api\src\modules\notifications\inventory-stock-alerts.listener.ts","usuarios_sistema"
"apps\erp-api\src\modules\notifications\integration-alerts.service.ts","integration_logs"
"apps\erp-api\src\modules\ventas\cotizaciones\cotizaciones.service.ts","clientes"
"apps\erp-api\src\modules\ventas\cotizaciones\cotizaciones.service.ts","productos"
"apps\erp-api\src\modules\ventas\cotizaciones\cotizaciones.service.ts","usuarios"
"apps\erp-api\src\modules\ventas\cotizaciones\cotizaciones.service.ts","cotizaciones"
"apps\erp-api\src\modules\ventas\cotizaciones\cotizaciones.service.ts","productos"
"apps\erp-api\src\modules\ventas\cotizaciones\cotizaciones.service.ts","cotizacion_detalles"
"apps\erp-api\src\modules\ventas\cotizaciones\cotizaciones.service.ts","cotizaciones"
"apps\erp-api\src\modules\ventas\cotizaciones\cotizaciones.service.ts","cotizaciones"
"apps\erp-api\src\modules\ventas\cotizaciones\cotizaciones.service.ts","cotizaciones"
"apps\erp-api\src\modules\ventas\cotizaciones\cotizaciones.service.ts","cotizacion_detalles"
"apps\erp-api\src\modules\ventas\cotizaciones\cotizaciones.service.ts","cotizacion_detalles"
"apps\erp-api\src\modules\ventas\cotizaciones\cotizaciones.service.ts","cotizacion_detalles"
"apps\erp-api\src\modules\ventas\cotizaciones\cotizaciones.service.ts","cotizaciones"
"apps\erp-api\src\modules\ventas\cotizaciones\cotizaciones.service.ts","cotizacion_detalles"
"apps\erp-api\src\modules\ventas\cotizaciones\cotizaciones.service.ts","cotizaciones"
"apps\erp-api\src\modules\ventas\cotizaciones\cotizaciones.service.ts","cotizaciones"
"apps\erp-api\src\modules\ventas\cotizaciones\cotizaciones.service.ts","cotizaciones"
"apps\erp-api\src\modules\ventas\cotizaciones\cotizaciones.service.ts","cotizacion_detalles"
"apps\erp-api\src\modules\ventas\cotizaciones\cotizaciones.service.ts","cotizaciones"
"apps\erp-api\src\modules\sunat-retry\sunat-retry.service.ts","cpe"
"apps\erp-api\src\modules\sunat-retry\sunat-retry.service.ts","gre_guias"
"apps\erp-api\src\modules\sunat-retry\sunat-retry.service.ts","cpe"
"apps\erp-api\src\modules\sunat-retry\sunat-retry.service.ts","cpe"
"apps\erp-api\src\modules\sunat-retry\sunat-retry.service.ts","cpe"
"apps\erp-api\src\modules\sunat-retry\sunat-retry.service.ts","cpe"
"apps\erp-api\src\modules\sunat-retry\sunat-retry.service.ts","gre_guias"
"apps\erp-api\src\modules\sunat-retry\sunat-retry.service.ts","gre_guias"
"apps\erp-api\src\modules\sunat-retry\sunat-retry.service.ts","gre_guias"
"apps\erp-api\src\modules\sunat-retry\sunat-retry.service.ts","gre_guias"
"apps\erp-api\src\modules\sunat-retry\sunat-retry.service.ts","cpe"
"apps\erp-api\src\modules\sunat-retry\sunat-retry.service.ts","gre_guias"
"apps\erp-api\src\modules\finanzas\cxc\listeners\cxc-factura.listener.ts","cuentas_por_cobrar"
"apps\erp-api\src\modules\finanzas\cxc\listeners\cxc-factura.listener.ts","cuentas_por_cobrar"
"apps\erp-api\src\modules\finanzas\cxc\listeners\cxc-factura.listener.ts","cuentas_por_cobrar"
"apps\erp-api\src\modules\finanzas\cxc\cxc.service.ts","integration_logs"
"apps\erp-api\src\modules\finanzas\cxc\cxc.service.ts","cuentas_por_cobrar"
"apps\erp-api\src\modules\finanzas\cxc\cxc.service.ts","cuentas_por_cobrar"
"apps\erp-api\src\modules\finanzas\cxc\cxc.service.ts","cuentas_por_cobrar"
"apps\erp-api\src\modules\finanzas\cxc\cxc.service.ts","cuentas_por_cobrar"
"apps\erp-api\src\modules\finanzas\cxc\cxc.service.ts","cxc_pagos"
"apps\erp-api\src\modules\finanzas\cxc\cxc.service.ts","cuentas_por_cobrar"
"apps\erp-api\src\modules\finanzas\cxc\cxc.service.ts","cuentas_bancarias"
"apps\erp-api\src\modules\finanzas\cxc\cxc.service.ts","cxc_pagos"
"apps\erp-api\src\modules\finanzas\cxc\cxc.service.ts","cxc_pagos"
"apps\erp-api\src\modules\finanzas\cxc\cxc.service.ts","cxc_pagos"
"apps\erp-api\src\modules\finanzas\cxc\cxc.service.ts","movimientos_bancarios"
"apps\erp-api\src\modules\finanzas\cxc\cxc.service.ts","cxc_pagos"
"apps\erp-api\src\modules\finanzas\cxc\cxc.service.ts","cuentas_bancarias"
"apps\erp-api\src\modules\finanzas\cxc\cxc.service.ts","movimientos_bancarios"
"apps\erp-api\src\modules\finanzas\cxc\cxc.service.ts","cxc_pagos"
"apps\erp-api\src\modules\finanzas\cxc\cxc.service.ts","cuentas_por_cobrar"
"apps\erp-api\src\modules\finanzas\cxc\cxc.service.ts","outbox_events"
"apps\erp-api\src\modules\finanzas\cxc\cxc.service.ts","cuentas_por_cobrar"
"apps\erp-api\src\modules\finanzas\cxc\cxc.service.ts","empresa_config"
"apps\erp-api\src\modules\finanzas\cxc\cxc.service.ts","clientes"
"apps\erp-api\src\modules\finanzas\cxc\cxc.service.ts","cuentas_por_cobrar"
"apps\erp-api\src\modules\finanzas\cxc\cxc.service.ts","cuentas_por_cobrar"
"apps\erp-api\src\modules\finanzas\cxc\cxc.service.ts","cpe"
"apps\erp-api\src\modules\finanzas\cxc\cxc.service.ts","clientes"
"apps\erp-api\src\modules\finanzas\cxc\cxc.service.ts","documentos"
"apps\erp-api\src\modules\finanzas\cxc\cxc.service.ts","documentos"
"apps\erp-api\src\modules\finanzas\cxc\cxc.service.ts","cpe"
"apps\erp-api\src\modules\finanzas\cxc\cxc.service.ts","cpe"
"apps\erp-api\src\modules\finanzas\cxc\cxc.service.ts","empresa_config"
"apps\erp-api\src\modules\finanzas\cxc\cxc.service.ts","clientes"
"apps\erp-api\src\modules\finanzas\cxc\cxc.service.ts","clientes"
"apps\erp-api\src\modules\finanzas\cxc\cxc.service.ts","cpe"
"apps\erp-api\src\modules\finanzas\cxc\cxc.service.ts","clientes"
"apps\erp-api\src\modules\sire\sire.service.ts","sire_files"
"apps\erp-api\src\modules\sire\sire.service.ts","sire_files"
"apps\erp-api\src\modules\sire\sire.service.ts","sire_files"
"apps\erp-api\src\modules\sire\sire.service.ts","sire_files"
"apps\erp-api\src\modules\sire\sire.service.ts","sire_registros_detalle"
"apps\erp-api\src\modules\sire\sire.service.ts","sire_registros_detalle"
"apps\erp-api\src\modules\sire\sire.service.ts","sire_files"
"apps\erp-api\src\modules\sire\sire.service.ts","sire_files"
"apps\erp-api\src\modules\sire\sire.service.ts","sire_registros_detalle"
"apps\erp-api\src\modules\sire\sire.service.ts","sire_files"
"apps\erp-api\src\modules\sire\sire.service.ts","sire_files"
"apps\erp-api\src\modules\sire\sire.service.ts","sire_files"
"apps\erp-api\src\modules\sire\sire.service.ts","sire_files"
"apps\erp-api\src\modules\sire\sire.service.ts","sire_files"
"apps\erp-api\src\modules\sire\sire.service.ts","sire_files"
"apps\erp-api\src\modules\sire\sire.service.ts","sire_files"
"apps\erp-api\src\modules\sire\sire.service.ts","sire_files"
"apps\erp-api\src\modules\sire\sire.service.ts","sire_files"
"apps\erp-api\src\modules\sire\sire.service.ts","cpe"
"apps\erp-api\src\modules\sire\sire.service.ts","cuentas_por_pagar"
"apps\erp-api\src\modules\contabilidad\services\presupuestos.service.ts","presupuestos"
"apps\erp-api\src\modules\contabilidad\services\presupuestos.service.ts","centros_costo"
"apps\erp-api\src\modules\contabilidad\services\presupuestos.service.ts","plan_cuentas"
"apps\erp-api\src\modules\contabilidad\services\presupuestos.service.ts","periodos_contables"
"apps\erp-api\src\modules\contabilidad\services\presupuestos.service.ts","presupuestos"
"apps\erp-api\src\modules\contabilidad\services\presupuestos.service.ts","presupuestos"
"apps\erp-api\src\modules\contabilidad\services\presupuestos.service.ts","presupuestos"
"apps\erp-api\src\modules\contabilidad\services\presupuestos.service.ts","periodos_contables"
"apps\erp-api\src\modules\contabilidad\services\presupuestos.service.ts","presupuestos"
"apps\erp-api\src\modules\contabilidad\services\presupuestos.service.ts","periodos_contables"
"apps\erp-api\src\modules\contabilidad\services\presupuestos.service.ts","presupuestos"
"apps\erp-api\src\modules\contabilidad\services\presupuestos.service.ts","periodos_contables"
"apps\erp-api\src\modules\contabilidad\services\presupuestos.service.ts","detalle_asientos"
"apps\erp-api\src\modules\contabilidad\services\presupuestos.service.ts","presupuestos"
"apps\erp-api\src\modules\contabilidad\services\presupuestos.service.ts","presupuestos"
"apps\erp-api\src\modules\contabilidad\services\presupuestos.service.ts","periodos_contables"
"apps\erp-api\src\modules\contabilidad\services\presupuestos.service.ts","presupuestos"
"apps\erp-api\src\modules\contabilidad\services\presupuestos.service.ts","periodos_contables"
"apps\erp-api\src\modules\contabilidad\services\presupuestos.service.ts","presupuestos"
"apps\erp-api\src\modules\contabilidad\services\ple-export.service.ts","empresa_config"
"apps\erp-api\src\modules\contabilidad\services\ple-export.service.ts","asientos_contables"
"apps\erp-api\src\modules\contabilidad\services\ple-export.service.ts","empresa_config"
"apps\erp-api\src\modules\contabilidad\services\ple-export.service.ts","detalle_asientos"
"apps\erp-api\src\modules\contabilidad\services\ple-export.service.ts","empresa_config"
"apps\erp-api\src\modules\contabilidad\services\ple-export.service.ts","plan_cuentas"
"apps\erp-api\src\modules\contabilidad\services\ple-export.service.ts","detalle_asientos"
"apps\erp-api\src\modules\contabilidad\services\plan-cuentas.service.ts","plan_cuentas"
"apps\erp-api\src\modules\contabilidad\services\plan-cuentas.service.ts","plan_cuentas"
"apps\erp-api\src\modules\contabilidad\services\plan-cuentas.service.ts","plan_cuentas"
"apps\erp-api\src\modules\contabilidad\services\plan-cuentas.service.ts","plan_cuentas"
"apps\erp-api\src\modules\contabilidad\services\plan-cuentas.service.ts","plan_cuentas"
"apps\erp-api\src\modules\contabilidad\services\plan-cuentas.service.ts","plan_cuentas"
"apps\erp-api\src\modules\contabilidad\services\plan-cuentas.service.ts","plan_cuentas"
"apps\erp-api\src\modules\contabilidad\services\periodos.service.ts","periodos_contables"
"apps\erp-api\src\modules\contabilidad\services\periodos.service.ts","periodos_contables"
"apps\erp-api\src\modules\contabilidad\services\periodos.service.ts","periodos_contables"
"apps\erp-api\src\modules\contabilidad\services\periodos.service.ts","periodos_contables"
"apps\erp-api\src\modules\contabilidad\services\periodos.service.ts","asientos_contables"
"apps\erp-api\src\modules\contabilidad\services\periodos.service.ts","outbox_events"
"apps\erp-api\src\modules\contabilidad\services\periodos.service.ts","periodos_contables"
"apps\erp-api\src\modules\contabilidad\services\periodos.service.ts","plan_cuentas"
"apps\erp-api\src\modules\contabilidad\services\periodos.service.ts","asientos_contables"
"apps\erp-api\src\modules\contabilidad\services\periodos.service.ts","detalle_asientos"
"apps\erp-api\src\modules\contabilidad\services\periodos.service.ts","periodos_contables"
"apps\erp-api\src\modules\contabilidad\services\periodos.service.ts","periodos_contables"
"apps\erp-api\src\modules\contabilidad\services\outbox-events.service.ts","outbox_events"
"apps\erp-api\src\modules\contabilidad\services\outbox-events.service.ts","outbox_events"
"apps\erp-api\src\modules\contabilidad\services\outbox-events.service.ts","outbox_events"
"apps\erp-api\src\modules\contabilidad\services\outbox-events.service.ts","outbox_events"
"apps\erp-api\src\modules\contabilidad\services\outbox-events.service.ts","outbox_events"
"apps\erp-api\src\modules\contabilidad\services\outbox-events.service.ts","outbox_events"
"apps\erp-api\src\modules\contabilidad\services\outbox-events.service.ts","outbox_events"
"apps\erp-api\src\modules\contabilidad\services\outbox-events.service.ts","outbox_events"
"apps\erp-api\src\modules\contabilidad\services\estados-financieros.service.ts","mv_balance_comprobacion"
"apps\erp-api\src\modules\contabilidad\services\estados-financieros.service.ts","mv_estado_resultados"
"apps\erp-api\src\modules\contabilidad\services\estados-financieros.service.ts","mv_balance_general"
"apps\erp-api\src\modules\contabilidad\services\depreciacion-scheduler.service.ts","depreciaciones"
"apps\erp-api\src\modules\contabilidad\services\depreciacion-scheduler.service.ts","outbox_events"
"apps\erp-api\src\modules\contabilidad\services\depreciacion-scheduler.service.ts","depreciaciones"
"apps\erp-api\src\modules\contabilidad\services\centros-costo.service.ts","centros_costo"
"apps\erp-api\src\modules\contabilidad\services\centros-costo.service.ts","centros_costo"
"apps\erp-api\src\modules\contabilidad\services\centros-costo.service.ts","centros_costo"
"apps\erp-api\src\modules\contabilidad\services\centros-costo.service.ts","centros_costo"
"apps\erp-api\src\modules\contabilidad\services\centros-costo.service.ts","centros_costo"
"apps\erp-api\src\modules\contabilidad\services\centros-costo.service.ts","centros_costo"
"apps\erp-api\src\modules\contabilidad\services\centros-costo.service.ts","detalle_asientos"
"apps\erp-api\src\modules\contabilidad\services\centros-costo.service.ts","asientos_contables"
"apps\erp-api\src\modules\contabilidad\services\centros-costo.service.ts","detalle_asientos"
"apps\erp-api\src\modules\contabilidad\services\centros-costo.service.ts","detalle_asientos"
"apps\erp-api\src\modules\contabilidad\services\centros-costo.service.ts","asientos_contables"
"apps\erp-api\src\modules\contabilidad\services\cashflow.service.ts","mv_balance_comprobacion"
"apps\erp-api\src\modules\contabilidad\services\asientos.service.ts","asientos_contables"
"apps\erp-api\src\modules\contabilidad\services\asientos.service.ts","detalle_asientos"
"apps\erp-api\src\modules\contabilidad\services\asientos.service.ts","plan_cuentas"
"apps\erp-api\src\modules\contabilidad\services\asientos.service.ts","asientos_contables"
"apps\erp-api\src\modules\contabilidad\services\asientos.service.ts","plan_cuentas"
"apps\erp-api\src\modules\contabilidad\services\asientos.service.ts","asientos_contables"
"apps\erp-api\src\modules\contabilidad\services\asientos.service.ts","detalle_asientos"
"apps\erp-api\src\modules\contabilidad\services\asientos.service.ts","asientos_contables"
"apps\erp-api\src\modules\contabilidad\services\asientos.service.ts","asientos_contables"
"apps\erp-api\src\modules\contabilidad\services\asientos.service.ts","asientos_contables"
"apps\erp-api\src\modules\contabilidad\services\asientos.service.ts","outbox_events"
"apps\erp-api\src\modules\contabilidad\services\asientos.service.ts","asientos_contables"
"apps\erp-api\src\modules\contabilidad\services\asientos.service.ts","detalle_asientos"
"apps\erp-api\src\modules\contabilidad\services\asientos-generator.service.ts","asientos_contables"
"apps\erp-api\src\modules\contabilidad\services\asientos-generator.service.ts","detalle_asientos"
"apps\erp-api\src\modules\contabilidad\services\asientos-generator.service.ts","asientos_contables"
"apps\erp-api\src\modules\contabilidad\services\asientos-generator.service.ts","outbox_events"
"apps\erp-api\src\modules\contabilidad\services\asientos-generator.service.ts","outbox_events"
"apps\erp-api\src\modules\contabilidad\services\asientos-generator.service.ts","outbox_events"
"apps\erp-api\src\modules\contabilidad\services\asientos-generator.service.ts","outbox_events"
"apps\erp-api\src\modules\contabilidad\services\asientos-generator.service.ts","outbox_events"
"apps\erp-api\src\modules\contabilidad\services\asientos-generator.service.ts","asientos_contables"
"apps\erp-api\src\modules\contabilidad\services\asientos-generator.service.ts","asientos_contables"
"apps\erp-api\src\modules\contabilidad\services\asientos-generator.service.ts","plantillas_asientos_ventas"
"apps\erp-api\src\modules\inventario\logistica\logistica.service.ts","pedidos_venta"
"apps\erp-api\src\modules\inventario\logistica\logistica.service.ts","pedidos_venta_detalle"
"apps\erp-api\src\modules\inventario\logistica\logistica.service.ts","pedidos_venta"
"apps\erp-api\src\modules\inventario\logistica\logistica.service.ts","pedidos_venta_detalle"
"apps\erp-api\src\modules\inventario\logistica\logistica.service.ts","pedidos_venta"
"apps\erp-api\src\modules\inventario\logistica\logistica.service.ts","pedidos_venta"
"apps\erp-api\src\modules\inventario\logistica\logistica.service.ts","pedidos_venta"
"apps\erp-api\src\modules\inventario\logistica\logistica.service.ts","pedidos_venta_detalle"
"apps\erp-api\src\modules\inventario\logistica\logistica.service.ts","productos"
"apps\erp-api\src\modules\inventario\logistica\logistica.service.ts","movimientos_inventario"
"apps\erp-api\src\modules\inventario\logistica\logistica.service.ts","pedidos_venta_detalle"
"apps\erp-api\src\modules\inventario\logistica\logistica.service.ts","pedido_despachos"
"apps\erp-api\src\modules\inventario\logistica\logistica.service.ts","pedido_backorders"
"apps\erp-api\src\modules\inventario\logistica\logistica.service.ts","pedido_backorders"
"apps\erp-api\src\modules\inventario\logistica\logistica.service.ts","pedidos_venta"
"apps\erp-api\src\modules\inventario\logistica\logistica.service.ts","pedidos_venta"
"apps\erp-api\src\modules\inventario\logistica\logistica.service.ts","pedidos_venta"
"apps\erp-api\src\modules\inventario\logistica\logistica.service.ts","logistica_eventos"
"apps\erp-api\src\modules\inventario\logistica\logistica.service.ts","pedidos_venta"
"apps\erp-api\src\modules\inventario\logistica\logistica.service.ts","pedidos_venta"
"apps\erp-api\src\modules\inventario\logistica\logistica.service.ts","pedido_backorders"
"apps\erp-api\src\modules\inventario\logistica\logistica.service.ts","pedido_backorders"
"apps\erp-api\src\modules\inventario\logistica\logistica.service.ts","pedido_backorders"
"apps\erp-api\src\modules\inventario\logistica\logistica.service.ts","almacen_ubicaciones"
"apps\erp-api\src\modules\inventario\logistica\logistica.service.ts","empresa_config"
"apps\erp-api\src\modules\inventario\logistica\logistica.service.ts","pedidos_venta"
"apps\erp-api\src\modules\inventario\logistica\logistica.service.ts","logistica_eventos"
"apps\erp-api\src\modules\inventario\logistica\logistica.service.ts","pedidos_venta"
"apps\erp-api\src\modules\security\security-dashboard.service.ts","rls_audit_log"
"apps\erp-api\src\modules\security\security-dashboard.service.ts","rls_audit_log"
"apps\erp-api\src\modules\security\security-dashboard.service.ts","rls_audit_log"
"apps\erp-api\src\modules\security\security-dashboard.service.ts","rls_audit_log"
"apps\erp-api\src\modules\security\security-dashboard.service.ts","rls_alert_history"
"apps\erp-api\src\modules\security\security-dashboard.service.ts","rls_alert_history"
"apps\erp-api\src\modules\security\security-dashboard.service.ts","v_rls_violations_by_table"
"apps\erp-api\src\modules\security\security-dashboard.service.ts","rls_audit_log"
"apps\erp-api\src\modules\security\security-dashboard.service.ts","v_rls_violations_by_user"
"apps\erp-api\src\modules\security\security-dashboard.service.ts","v_rls_violations_hourly"
"apps\erp-api\src\modules\security\security-dashboard.service.ts","v_rls_alerts_recent"
"apps\erp-api\src\modules\security\security-dashboard.service.ts","v_rls_alerts_unacknowledged"
"apps\erp-api\src\modules\inventario\inventario.service.ts","productos"
"apps\erp-api\src\modules\inventario\inventario.service.ts","movimientos_inventario"
"apps\erp-api\src\modules\inventario\inventario.service.ts","productos"
"apps\erp-api\src\modules\inventario\inventario.service.ts","outbox_events"
"apps\erp-api\src\modules\inventario\inventario.service.ts","productos"
"apps\erp-api\src\modules\inventario\inventario.service.ts","productos"
"apps\erp-api\src\modules\inventario\inventario.service.ts","productos"
"apps\erp-api\src\modules\inventario\inventario.service.ts","productos"
"apps\erp-api\src\modules\inventario\inventario.service.ts","productos"
"apps\erp-api\src\modules\inventario\inventario.service.ts","productos"
"apps\erp-api\src\modules\inventario\inventario.service.ts","productos"
"apps\erp-api\src\modules\inventario\inventario.service.ts","productos"
"apps\erp-api\src\modules\inventario\inventario.service.ts","producto_existencias"
"apps\erp-api\src\modules\inventario\inventario.service.ts","productos"
"apps\erp-api\src\modules\inventario\inventario.service.ts","movimientos_inventario"
"apps\erp-api\src\modules\inventario\inventario.service.ts","producto_existencias"
"apps\erp-api\src\modules\inventario\inventario.service.ts","productos"
"apps\erp-api\src\modules\inventario\inventario.service.ts","productos"
"apps\erp-api\src\modules\inventario\inventario.service.ts","vw_kardex_valorizado"
"apps\erp-api\src\modules\inventario\inventario.service.ts","recepciones"
"apps\erp-api\src\modules\inventario\inventario.service.ts","recepcion_items"
"apps\erp-api\src\modules\inventario\inventario.service.ts","productos"
"apps\erp-api\src\modules\inventario\inventario.service.ts","orden_compra_detalles"
"apps\erp-api\src\modules\inventario\inventario.service.ts","almacenes"
"apps\erp-api\src\modules\inventario\inventario.service.ts","almacen_ubicaciones"
"apps\erp-api\src\modules\inventario\inventario.service.ts","vw_inventario_recepciones"
"apps\erp-api\src\modules\inventario\inventario.service.ts","recepcion_items"
"apps\erp-api\src\modules\inventario\inventario.service.ts","productos"
"apps\erp-api\src\modules\inventario\inventario.service.ts","orden_compra_detalles"
"apps\erp-api\src\modules\inventario\inventario.service.ts","almacenes"
"apps\erp-api\src\modules\inventario\inventario.service.ts","almacen_ubicaciones"
"apps\erp-api\src\modules\inventario\inventario.service.ts","ordenes_compra"
"apps\erp-api\src\modules\inventario\inventario.service.ts","proveedores"
"apps\erp-api\src\modules\inventario\inventario.service.ts","integration_logs"
"apps\erp-api\src\modules\inventario\inventario.controller.ts","almacen_ubicaciones"
"apps\erp-api\src\modules\inventario\inventario.controller.ts","productos"
"apps\erp-api\src\modules\inventario\inventario.controller.ts","stock_movimientos"
"apps\erp-api\src\modules\inventario\inventario.controller.ts","productos"
"apps\erp-api\src\modules\inventario\inventario.controller.ts","producto_precios_sucursal"
"apps\erp-api\src\modules\inventario\inventario.controller.ts","producto_stock_sucursal"
"apps\erp-api\src\modules\inventario\inventario.controller.ts","productos"
"apps\erp-api\src\modules\inventario\inventario.controller.ts","productos"
"apps\erp-api\src\modules\inventario\inventario.controller.ts","stock_movimientos"
"apps\erp-api\src\modules\inventario\inventario.controller.ts","producto_precios_sucursal"
"apps\erp-api\src\modules\inventario\inventario.controller.ts","producto_stock_sucursal"
"apps\erp-api\src\modules\inventario\inventario.controller.ts","stock_movimientos"
"apps\erp-api\src\modules\inventario\inventario.controller.ts","productos"
"apps\erp-api\src\modules\inventario\inventario.controller.ts","producto_precios_sucursal"
"apps\erp-api\src\modules\inventario\inventario.controller.ts","producto_stock_sucursal"
"apps\erp-api\src\modules\inventario\inventario.controller.ts","productos"
"apps\erp-api\src\modules\inventario\inventario.controller.ts","stock_movimientos"
"apps\erp-api\src\modules\inventario\inventario.controller.ts","productos"
"apps\erp-api\src\modules\inventario\inventario.controller.ts","productos"
"apps\erp-api\src\modules\inventario\inventario.controller.ts","productos"
"apps\erp-api\src\modules\inventario\inventario.controller.ts","productos"
"apps\erp-api\src\modules\inventario\inventario.controller.ts","productos"
"apps\erp-api\src\modules\inventario\inventario.controller.ts","producto_precios_sucursal"
"apps\erp-api\src\modules\inventario\inventario.controller.ts","producto_stock_sucursal"
"apps\erp-api\src\modules\rrhh\rrhh.service.ts","empleados"
"apps\erp-api\src\modules\rrhh\rrhh.service.ts","departamentos"
"apps\erp-api\src\modules\rrhh\rrhh.service.ts","empleados"
"apps\erp-api\src\modules\rrhh\rrhh.service.ts","empleados"
"apps\erp-api\src\modules\rrhh\rrhh.service.ts","empleados"
"apps\erp-api\src\modules\rrhh\rrhh.service.ts","departamentos"
"apps\erp-api\src\modules\rrhh\rrhh.service.ts","vacantes"
"apps\erp-api\src\modules\rrhh\rrhh.service.ts","vacantes"
"apps\erp-api\src\modules\rrhh\rrhh.service.ts","candidatos"
"apps\erp-api\src\modules\rrhh\rrhh.service.ts","candidatos"
"apps\erp-api\src\modules\rrhh\rrhh.service.ts","candidatos"
"apps\erp-api\src\modules\rrhh\rrhh.service.ts","asistencia"
"apps\erp-api\src\modules\rrhh\rrhh.service.ts","asistencia"
"apps\erp-api\src\modules\rrhh\rrhh.service.ts","asistencia"
"apps\erp-api\src\modules\rrhh\rrhh.service.ts","asistencia"
"apps\erp-api\src\modules\rrhh\rrhh.service.ts","solicitudes"
"apps\erp-api\src\modules\rrhh\rrhh.service.ts","solicitudes"
"apps\erp-api\src\modules\rrhh\rrhh.service.ts","solicitudes"
"apps\erp-api\src\modules\rrhh\rrhh.service.ts","solicitudes"
"apps\erp-api\src\modules\rrhh\rrhh.service.ts","beneficios"
"apps\erp-api\src\modules\rrhh\rrhh.service.ts","empleado_beneficios"
"apps\erp-api\src\modules\rrhh\rrhh.service.ts","empleado_beneficios"
"apps\erp-api\src\modules\rrhh\rrhh.service.ts","evaluaciones"
"apps\erp-api\src\modules\rrhh\rrhh.service.ts","evaluaciones"
"apps\erp-api\src\modules\rrhh\rrhh.service.ts","evaluaciones"
"apps\erp-api\src\modules\rrhh\rrhh.service.ts","capacitaciones"
"apps\erp-api\src\modules\rrhh\rrhh.service.ts","empleado_capacitaciones"
"apps\erp-api\src\modules\rrhh\rrhh.service.ts","empleado_capacitaciones"
"apps\erp-api\src\modules\rrhh\rrhh.service.ts","empleados"
"apps\erp-api\src\modules\rrhh\rrhh.service.ts","liquidaciones"
"apps\erp-api\src\modules\rrhh\rrhh.service.ts","empleados"
"apps\erp-api\src\modules\rrhh\rrhh.service.ts","contratos"
"apps\erp-api\src\modules\rrhh\rrhh.service.ts","solicitudes"
"apps\erp-api\src\modules\rrhh\rrhh.service.ts","horarios_trabajo"
"apps\erp-api\src\modules\rrhh\rrhh.service.ts","empleado_horarios"
"apps\erp-api\src\modules\rrhh\rrhh.service.ts","empleado_horarios"
"apps\erp-api\src\modules\rrhh\rrhh.service.ts","expediente_documentos"
"apps\erp-api\src\modules\rrhh\rrhh.service.ts","expediente_documentos"
"apps\erp-api\src\modules\rrhh\rrhh.service.ts","empleados"
"apps\erp-api\src\modules\rrhh\rrhh.service.ts","solicitudes"
"apps\erp-api\src\modules\rrhh\rrhh.service.ts","evaluaciones"
"apps\erp-api\src\modules\rrhh\rrhh.service.ts","empleados"
"apps\erp-api\src\modules\rrhh\rrhh.service.ts","rrhh_pagos"
"apps\erp-api\src\modules\rrhh\rrhh.service.ts","empleados"
"apps\erp-api\src\modules\rrhh\rrhh.service.ts","rrhh_pagos"
"apps\erp-api\src\modules\rrhh\rrhh.service.ts","empleados"
"apps\erp-api\src\modules\rrhh\rrhh.service.ts","rrhh_pagos"
"apps\erp-api\src\modules\rrhh\rrhh.service.ts","contratos"
"apps\erp-api\src\modules\rrhh\rrhh.service.ts","contratos"
"apps\erp-api\src\modules\rrhh\rrhh.service.ts","contratos"
"apps\erp-api\src\modules\rrhh\rrhh.service.ts","contratos"
"apps\erp-api\src\modules\rrhh\rrhh.service.ts","contratos"
"apps\erp-api\src\modules\rrhh\rrhh.service.ts","asistencia"
"apps\erp-api\src\modules\rrhh\rrhh.service.ts","asistencia"
"apps\erp-api\src\modules\rrhh\rrhh.service.ts","asistencia"
"apps\erp-api\src\modules\rrhh\rrhh.service.ts","asistencia"
"apps\erp-api\src\modules\rrhh\rrhh-accounting-integration.service.ts","asientos_contables"
"apps\erp-api\src\modules\rrhh\rrhh-accounting-integration.service.ts","detalle_asientos"
"apps\erp-api\src\modules\rrhh\rrhh-accounting-integration.service.ts","planillas"
"apps\erp-api\src\modules\rrhh\rrhh-accounting-integration.service.ts","asientos_contables"
"apps\erp-api\src\modules\rrhh\rrhh-accounting-integration.service.ts","detalle_asientos"
"apps\erp-api\src\modules\rrhh\rrhh-accounting-integration.service.ts","liquidaciones"
"apps\erp-api\src\modules\rrhh\rrhh-accounting-integration.service.ts","asientos_contables"
"apps\erp-api\src\modules\rrhh\rrhh-accounting-integration.service.ts","detalle_asientos"
"apps\erp-api\src\modules\rrhh\rrhh-accounting-integration.service.ts","asientos_contables"
"apps\erp-api\src\modules\rrhh\planillas.service.ts","planillas"
"apps\erp-api\src\modules\rrhh\planillas.service.ts","planillas"
"apps\erp-api\src\modules\rrhh\planillas.service.ts","empleados"
"apps\erp-api\src\modules\rrhh\planillas.service.ts","conceptos_planilla"
"apps\erp-api\src\modules\rrhh\planillas.service.ts","planillas"
"apps\erp-api\src\modules\rrhh\planillas.service.ts","empleado_planilla"
"apps\erp-api\src\modules\rrhh\planillas.service.ts","empleado_planilla_conceptos"
"apps\erp-api\src\modules\rrhh\planillas.service.ts","planillas"
"apps\erp-api\src\modules\rrhh\planillas.service.ts","empleado_planilla"
"apps\erp-api\src\modules\rrhh\planillas.service.ts","empleado_planilla"
"apps\erp-api\src\modules\rrhh\planillas.service.ts","planillas"
"apps\erp-api\src\modules\rrhh\planillas.service.ts","planillas"
"apps\erp-api\src\modules\rrhh\planillas.service.ts","conceptos_planilla"
"apps\erp-api\src\modules\rrhh\planillas.service.ts","conceptos_planilla"
"apps\erp-api\src\modules\rrhh\planillas.service.ts","empleado_planilla"
"apps\erp-api\src\modules\rrhh\planillas.service.ts","empleado_planilla_conceptos"
"apps\erp-api\src\modules\rrhh\planillas.service.ts","planillas"
"apps\erp-api\src\modules\rrhh\planillas.service.ts","planillas"
"apps\erp-api\src\modules\rrhh\planillas.service.ts","pagos_empleados"
"apps\erp-api\src\modules\rrhh\planillas.service.ts","planillas"
"apps\erp-api\src\modules\rrhh\planillas.service.ts","empleado_planilla"
"apps\erp-api\src\modules\rrhh\planillas.service.ts","empleado_planilla"
"apps\erp-api\src\modules\rrhh\planillas.service.ts","historial_pagos_planilla"
"apps\erp-api\src\modules\rrhh\planillas.service.ts","planillas"
"apps\erp-api\src\modules\rrhh\planillas.service.ts","rrhh_pagos"
"apps\erp-api\src\modules\rrhh\planillas.service.ts","plan_cuentas"
"apps\erp-api\src\modules\rrhh\planillas.service.ts","planillas"
"apps\erp-api\src\modules\rrhh\planillas.service.ts","outbox_events"
"apps\erp-api\src\modules\rrhh\planillas.service.ts","planillas"
"apps\erp-api\src\modules\rrhh\planillas.service.ts","asientos_contables"
"apps\erp-api\src\modules\rrhh\planillas.service.ts","detalle_asientos"
"apps\erp-api\src\modules\rrhh\planillas.service.ts","asientos_contables"
"apps\erp-api\src\modules\rrhh\planillas.service.ts","planillas"
"apps\erp-api\src\modules\rrhh\planillas.service.ts","historial_pagos_planilla"
"apps\erp-api\src\shared\jobs\background-jobs.service.ts","tenants"
"apps\erp-api\src\shared\jobs\background-jobs.service.ts","integration_logs"
"apps\erp-api\src\shared\jobs\background-jobs.service.ts","integration_logs"
"apps\erp-api\src\shared\jobs\background-jobs.service.ts","productos"
"apps\erp-api\src\shared\jobs\background-jobs.service.ts","feriados"
"apps\erp-api\src\shared\jobs\background-jobs.service.ts","empleados"
"apps\erp-api\src\shared\jobs\background-jobs.service.ts","asistencias"
"apps\erp-api\src\shared\jobs\background-jobs.service.ts","asistencias"
"apps\erp-api\src\modules\contabilidad\listeners\contabilidad-events.listener.ts","outbox_events"
"apps\erp-api\src\modules\contabilidad\listeners\contabilidad-events.listener.ts","event_processing_log"
"apps\erp-api\src\modules\contabilidad\listeners\contabilidad-events.listener.ts","event_processing_log"
"apps\erp-api\src\modules\contabilidad\listeners\contabilidad-events.listener.ts","event_processing_log"
"apps\erp-api\src\modules\contabilidad\listeners\contabilidad-events.listener.ts","outbox_events"
"apps\erp-api\src\modules\contabilidad\listeners\contabilidad-events.listener.ts","asientos_contables"
"apps\erp-api\src\modules\contabilidad\listeners\contabilidad-events.listener.ts","asientos_contables"
"apps\erp-api\src\modules\contabilidad\listeners\contabilidad-events.listener.ts","detalle_asientos"
"apps\erp-api\src\modules\contabilidad\listeners\contabilidad-events.listener.ts","asientos_contables"
"apps\erp-api\src\modules\inventario\almacenes\almacenes.service.ts","almacenes"
"apps\erp-api\src\modules\inventario\almacenes\almacenes.service.ts","almacenes"
"apps\erp-api\src\modules\inventario\almacenes\almacenes.service.ts","almacenes"
"apps\erp-api\src\modules\retenciones\retenciones.service.ts","proveedores_cuarta_categoria"
"apps\erp-api\src\modules\retenciones\retenciones.service.ts","configuracion_retenciones"
"apps\erp-api\src\modules\retenciones\retenciones.service.ts","libro_retenciones"
"apps\erp-api\src\modules\retenciones\retenciones.service.ts","libro_retenciones"
"apps\erp-api\src\modules\retenciones\retenciones.service.ts","libro_retenciones"
"apps\erp-api\src\modules\retenciones\retenciones.service.ts","libro_retenciones"
"apps\erp-api\src\modules\retenciones\retenciones.service.ts","libro_retenciones"
"apps\erp-api\src\modules\retenciones\retenciones.service.ts","libro_retenciones"
"apps\erp-api\src\modules\retenciones\retenciones.service.ts","libro_retenciones"
"apps\erp-api\src\modules\retenciones\retenciones.service.ts","libro_retenciones"
"apps\erp-api\src\modules\retenciones\retenciones.service.ts","configuracion_retenciones"
"apps\erp-api\src\modules\retenciones\retenciones.service.ts","configuracion_retenciones"
"apps\erp-api\src\modules\ventas\clientes\clientes.service.ts","clientes"
"apps\erp-api\src\modules\ventas\clientes\clientes.service.ts","clientes"
"apps\erp-api\src\modules\ventas\clientes\clientes.service.ts","clientes"
"apps\erp-api\src\modules\ventas\clientes\clientes.service.ts","clientes"
"apps\erp-api\src\modules\ventas\clientes\clientes.service.ts","clientes"
"apps\erp-api\src\modules\ventas\clientes\clientes.service.ts","clientes"
"apps\erp-api\src\modules\ventas\clientes\clientes.service.ts","cotizaciones"
"apps\erp-api\src\modules\ventas\clientes\clientes.service.ts","pedidos_venta"
"apps\erp-api\src\modules\ventas\clientes\clientes.service.ts","clientes"
"apps\erp-api\src\modules\import-export\import-export.service.ts","productos"
"apps\erp-api\src\modules\import-export\import-export.service.ts","productos"
"apps\erp-api\src\modules\import-export\import-export.service.ts","productos"
"apps\erp-api\src\modules\import-export\import-export.service.ts","producto_precios_sucursal"
"apps\erp-api\src\modules\import-export\import-export.service.ts","producto_stock_sucursal"
"apps\erp-api\src\modules\usuarios.controller.ts","usuarios_sistema"
"apps\erp-api\src\modules\usuarios.controller.ts","usuarios_sistema"
"apps\erp-api\src\modules\usuarios.controller.ts","usuarios_sistema"
"apps\erp-api\src\modules\usuarios.controller.ts","usuarios_sistema"
"apps\erp-api\src\modules\usuarios.controller.ts","roles"
"apps\erp-api\src\modules\usuarios.controller.ts","roles"
"apps\erp-api\src\modules\usuarios.controller.ts","usuarios_sistema"
"apps\erp-api\src\modules\usuarios.controller.ts","usuarios_sistema"
"apps\erp-api\src\modules\usuarios.controller.ts","user_roles"
"apps\erp-api\src\modules\usuarios.controller.ts","usuarios_sistema"
"apps\erp-api\src\modules\usuarios.controller.ts","usuarios_sistema"
"apps\erp-api\src\modules\usuarios.controller.ts","usuarios_sistema"
"apps\erp-api\src\modules\usuarios.controller.ts","usuarios_sistema"
"apps\erp-api\src\modules\usuarios.controller.ts","usuarios_sistema"
"apps\erp-api\src\modules\usuarios.controller.ts","usuarios_sistema"
"apps\erp-api\src\modules\usuarios.controller.ts","user_roles"
"apps\erp-api\src\modules\usuarios.controller.ts","usuarios_sistema"
"apps\erp-api\src\modules\usuarios.controller.ts","user_roles"
"apps\erp-api\src\modules\usuarios.controller.ts","rol_permisos"
"apps\erp-api\src\modules\usuarios.controller.ts","usuarios_sistema"
"apps\erp-api\src\shared\integration\inventory-integration.service.ts","productos"
"apps\erp-api\src\shared\integration\inventory-integration.service.ts","productos"
"apps\erp-api\src\shared\integration\inventory-integration.service.ts","productos"
"apps\erp-api\src\shared\integration\inventory-integration.service.ts","productos"
"apps\erp-api\src\shared\integration\inventory-integration.service.ts","productos"
"apps\erp-api\src\shared\integration\inventory-integration.service.ts","stock_movimientos"
"apps\erp-api\src\shared\integration\inventory-integration.service.ts","productos"
"apps\erp-api\src\shared\integration\inventory-integration.service.ts","stock_movimientos"
"apps\erp-api\src\shared\integration\inventory-integration.service.ts","productos"
"apps\erp-api\src\shared\integration\inventory-integration.service.ts","productos"
"apps\erp-api\src\shared\integration\inventory-integration.service.ts","productos"
"apps\erp-api\src\shared\integration\financial-integration.service.ts","ventas"
"apps\erp-api\src\shared\integration\financial-integration.service.ts","gastos"
"apps\erp-api\src\shared\integration\financial-integration.service.ts","pagos_ventas"
"apps\erp-api\src\shared\integration\financial-integration.service.ts","ventas"
"apps\erp-api\src\shared\integration\financial-integration.service.ts","gastos"
"apps\erp-api\src\shared\integration\financial-integration.service.ts","cuentas_por_cobrar"
"apps\erp-api\src\shared\integration\financial-integration.service.ts","cuentas_por_pagar"
"apps\erp-api\src\shared\integration\financial-integration.service.ts","productos"
"apps\erp-api\src\shared\integration\financial-integration.service.ts","ventas"
"apps\erp-api\src\shared\integration\dashboard-integration.service.ts","ventas_pos"
"apps\erp-api\src\shared\integration\dashboard-integration.service.ts","ventas_pos"
"apps\erp-api\src\shared\integration\dashboard-integration.service.ts","ventas_pos"
"apps\erp-api\src\shared\integration\dashboard-integration.service.ts","ordenes_compra"
"apps\erp-api\src\shared\integration\dashboard-integration.service.ts","ordenes_compra"
"apps\erp-api\src\shared\integration\dashboard-integration.service.ts","productos"
"apps\erp-api\src\shared\integration\dashboard-integration.service.ts","productos"
"apps\erp-api\src\shared\integration\dashboard-integration.service.ts","movimientos_stock"
"apps\erp-api\src\shared\integration\dashboard-integration.service.ts","cpe"
"apps\erp-api\src\shared\integration\dashboard-integration.service.ts","gre"
"apps\erp-api\src\shared\integration\dashboard-integration.service.ts","sire_files"
"apps\erp-api\src\shared\integration\dashboard-integration.service.ts","cotizaciones"
"apps\erp-api\src\shared\integration\dashboard-integration.service.ts","cotizaciones"
"apps\erp-api\src\shared\integration\dashboard-integration.service.ts","cotizaciones"
"apps\erp-api\src\shared\integration\dashboard-integration.service.ts","usuarios_sistema"
"apps\erp-api\src\shared\integration\dashboard-integration.service.ts","ventas_pos"
"apps\erp-api\src\shared\integration\dashboard-integration.service.ts","ordenes_compra"
"apps\erp-api\src\shared\integration\dashboard-integration.service.ts","cotizaciones"
"apps\erp-api\src\shared\integration\dashboard-integration.service.ts","cpe"
"apps\erp-api\src\shared\integration\dashboard-integration.service.ts","gre"
"apps\erp-api\src\shared\integration\accounting-reports.service.ts","ventas"
"apps\erp-api\src\shared\integration\accounting-reports.service.ts","compras"
"apps\erp-api\src\shared\integration\accounting-reports.service.ts","activos_fijos"
"apps\erp-api\src\shared\integration\accounting-reports.service.ts","planillas"
"apps\erp-api\src\shared\integration\accounting-reports.service.ts","detalle_asientos"
"apps\erp-api\src\shared\integration\accounting-reports.service.ts","asientos_contables"
"apps\erp-api\src\shared\integration\accounting-reports.service.ts","detalle_asientos"
"apps\erp-api\src\shared\integration\accounting-entries.service.ts","plan_cuentas"
"apps\erp-api\src\shared\integration\accounting-entries.service.ts","plan_cuentas"
"apps\erp-api\src\shared\integration\accounting-entries.service.ts","productos"
"apps\erp-api\src\shared\integration\accounting-entries.service.ts","asientos_contables"
"apps\erp-api\src\shared\integration\accounting-entries.service.ts","asientos_contables"
"apps\erp-api\src\shared\integration\accounting-entries.service.ts","asientos_contables"
"apps\erp-api\src\shared\integration\accounting-entries.service.ts","asientos_contables"
"apps\erp-api\src\shared\integration\accounting-entries.service.ts","detalle_asientos"
"apps\erp-api\src\shared\integration\accounting-entries.service.ts","plan_cuentas"
"apps\erp-api\src\shared\integration\accounting-entries.service.ts","asientos_contables"
"apps\erp-api\src\shared\integration\accounting-books.service.ts","plan_cuentas"
"apps\erp-api\src\shared\integration\accounting-books.service.ts","asientos_contables"
"apps\erp-api\src\shared\integration\accounting-books.service.ts","detalle_asientos"
"apps\erp-api\src\shared\integration\accounting-books.service.ts","detalle_asientos"
"apps\erp-api\src\shared\integration\accounting-books.service.ts","asientos_contables"
"apps\erp-api\src\shared\integration\accounting-books.service.ts","detalle_asientos"
"apps\erp-api\src\shared\integration\accounting-books.service.ts","vw_kardex_valorizado"
"apps\erp-api\src\shared\integration\accounting-books.service.ts","detalle_asientos"
"apps\erp-api\src\shared\integration\accounting-books.service.ts","detalle_asientos"
"apps\erp-api\src\shared\integration\accounting-books.service.ts","detalle_asientos"
"apps\erp-api\src\shared\integration\accounting-books.service.ts","detalle_asientos"
"apps\erp-api\src\shared\integration\accounting-books.service.ts","detalle_asientos"
"apps\erp-api\src\shared\integration\accounting-books.service.ts","asientos_contables"
"apps\erp-api\src\shared\integration\accounting-books.service.ts","detalle_asientos"
"apps\erp-api\src\shared\integration\accounting-books.service.ts","detalle_asientos"
"apps\erp-api\src\shared\integration\accounting-books.service.ts","registro_consignaciones"
"apps\erp-api\src\shared\integration\accounting-books.service.ts","registro_consignaciones"
"apps\erp-api\src\shared\integration\accounting-books.service.ts","registro_consignaciones"
"apps\erp-api\src\modules\configuracion.controller.ts","empresa_config"
"apps\erp-api\src\modules\configuracion.controller.ts","empresa_config"
"apps\erp-api\src\modules\configuracion.controller.ts","documento_series"
"apps\erp-api\src\modules\configuracion.controller.ts","empresa_config"
"apps\erp-api\src\modules\configuracion.controller.ts","empresa_config"
"apps\erp-api\src\modules\validations\validation.service.ts","empresa_config"
"apps\erp-api\src\modules\validations\validation.service.ts","empresa_config"
"apps\erp-api\src\modules\validations\validation.service.ts","paises"
"apps\erp-api\src\modules\validations\validation.service.ts","empresa_config"
"apps\erp-api\src\modules\validations\validation.service.ts","configuracion_fiscal"
"apps\erp-api\src\modules\validations\validation.service.ts","paises"
"apps\erp-api\src\modules\finanzas\conciliacion\conciliacion.service.ts","conciliaciones_bancarias"
"apps\erp-api\src\modules\finanzas\conciliacion\conciliacion.service.ts","conciliaciones_bancarias"
"apps\erp-api\src\modules\finanzas\conciliacion\conciliacion.service.ts","cuentas_bancarias"
"apps\erp-api\src\modules\finanzas\conciliacion\conciliacion.service.ts","conciliaciones_bancarias"
"apps\erp-api\src\modules\finanzas\conciliacion\conciliacion.service.ts","movimientos_bancarios"
"apps\erp-api\src\modules\finanzas\conciliacion\conciliacion.service.ts","conciliaciones_bancarias"
"apps\erp-api\src\modules\finanzas\conciliacion\conciliacion.service.ts","conciliaciones_bancarias"
"apps\erp-api\src\modules\finanzas\conciliacion\conciliacion.service.ts","movimientos_bancarios"
"apps\erp-api\src\modules\finanzas\conciliacion\conciliacion.service.ts","conciliaciones_bancarias"
"apps\erp-api\src\modules\finanzas\conciliacion\conciliacion.service.ts","conciliaciones_bancarias"
"apps\erp-api\src\modules\finanzas\conciliacion\conciliacion.service.ts","movimientos_bancarios"
"apps\erp-api\src\modules\finanzas\conciliacion\conciliacion.service.ts","movimientos_bancarios"
"apps\erp-api\src\modules\finanzas\conciliacion\conciliacion.service.ts","movimientos_bancarios"
"apps\erp-api\src\modules\finanzas\conciliacion\conciliacion.service.ts","movimientos_bancarios"
"apps\erp-api\src\modules\finanzas\conciliacion\conciliacion.service.ts","conciliaciones_bancarias"
"apps\erp-api\src\modules\finanzas\conciliacion\conciliacion.service.ts","movimientos_bancarios"
"apps\erp-api\src\modules\finanzas\conciliacion\conciliacion.service.ts","movimientos_bancarios"
"apps\erp-api\src\modules\finanzas\conciliacion\conciliacion.service.ts","movimientos_bancarios"
"apps\erp-api\src\modules\finanzas\conciliacion\conciliacion.service.ts","movimientos_bancarios"
"apps\erp-api\src\modules\finanzas\conciliacion\conciliacion.service.ts","conciliaciones_bancarias"
"apps\erp-api\src\modules\finanzas\conciliacion\conciliacion.service.ts","movimientos_bancarios"
"apps\erp-api\src\modules\finanzas\conciliacion\conciliacion.service.ts","movimientos_bancarios"
"apps\erp-api\src\modules\finanzas\conciliacion\conciliacion.service.ts","conciliaciones_bancarias"
"apps\erp-api\src\modules\finanzas\conciliacion\conciliacion.service.ts","movimientos_bancarios"
"apps\erp-api\src\modules\finanzas\conciliacion\conciliacion.service.ts","movimientos_bancarios"
"apps\erp-api\src\modules\finanzas\conciliacion\conciliacion.service.ts","conciliaciones_bancarias"
"apps\erp-api\src\modules\finanzas\conciliacion\conciliacion.service.ts","conciliaciones_bancarias"
"apps\erp-api\src\modules\finanzas\conciliacion\conciliacion.service.ts","movimientos_bancarios"
"apps\erp-api\src\modules\finanzas\conciliacion\conciliacion.service.ts","movimientos_bancarios"
"apps\erp-api\src\modules\configuracion\configuration.service.ts","empresa_config"
"apps\erp-api\src\modules\configuracion\configuration.service.ts","empresa_config"
"apps\erp-api\src\modules\configuracion\configuration.service.ts","empresa_config"
"apps\erp-api\src\modules\configuracion\configuration.service.ts","empresa_config"
"apps\erp-api\src\modules\configuracion\configuration.service.ts","empresa_config"
"apps\erp-api\src\modules\configuracion\configuration.service.ts","wizard_progress"
"apps\erp-api\src\modules\configuracion\configuration.service.ts","wizard_progress"
"apps\erp-api\src\modules\configuracion\configuration.service.ts","wizard_progress"
"apps\erp-api\src\modules\configuracion\configuration.service.ts","empresa_config"
"apps\erp-api\src\modules\configuracion\configuration.service.ts","empresa_config"
"apps\erp-api\src\modules\configuracion\configuration.service.ts","wizard_progress"
"apps\erp-api\src\modules\configuracion\configuration.service.ts","wizard_progress"
"apps\erp-api\src\modules\configuracion\configuration.service.ts","empresa_config"
"apps\erp-api\src\modules\configuracion\configuration.controller.ts","empresa_config"
"apps\erp-api\src\modules\configuracion\configuration.controller.ts","paises"
"apps\erp-api\src\modules\configuracion\configuration.controller.ts","paises"
"apps\erp-api\src\modules\configuracion\configuration.controller.ts","paises"
"apps\erp-api\src\modules\configuracion\configuration.controller.ts","empresa_config"
"apps\erp-api\src\modules\configuracion\configuration.controller.ts","empresa_config"
"apps\erp-api\src\modules\configuracion\configuracion-fiscal.controller.ts","configuracion_fiscal"
"apps\erp-api\src\modules\compras.controller.ts","ordenes_compra"
"apps\erp-api\src\modules\compras.controller.ts","proveedores"
"apps\erp-api\src\modules\compras.controller.ts","ordenes_compra"
"apps\erp-api\src\modules\compras.controller.ts","ordenes_compra"
"apps\erp-api\src\modules\compras.controller.ts","ordenes_compra"
"apps\erp-api\src\modules\compras.controller.ts","orden_compra_detalles"
"apps\erp-api\src\modules\compras.controller.ts","ordenes_compra"
"apps\erp-api\src\modules\compras.controller.ts","orden_compra_detalles"
"apps\erp-api\src\modules\compras.controller.ts","orden_compra_detalles"
"apps\erp-api\src\modules\compras.controller.ts","ordenes_compra"
"apps\erp-api\src\modules\compras.controller.ts","ordenes_compra"
"apps\erp-api\src\modules\compras.controller.ts","proveedores"
"apps\erp-api\src\modules\compras.controller.ts","proveedores"
"apps\erp-api\src\modules\compras.controller.ts","tenants"
"apps\erp-api\src\modules\compras.controller.ts","proveedores"
"apps\erp-api\src\modules\compras.controller.ts","proveedores"
"apps\erp-api\src\modules\compras.controller.ts","proveedores"
"apps\erp-api\src\modules\compras.controller.ts","proveedores"
"apps\erp-api\src\modules\compras.controller.ts","ordenes_compra"
"apps\erp-api\src\modules\compras.controller.ts","productos"
"apps\erp-api\src\modules\compras.controller.ts","ordenes_compra"
"apps\erp-api\src\modules\gre\gre.service.ts","comprobantes_electronicos"
"apps\erp-api\src\modules\gre\gre.service.ts","gre_guias"
"apps\erp-api\src\modules\gre\gre.service.ts","gre_guias"
"apps\erp-api\src\modules\gre\gre.service.ts","gre_guias"
"apps\erp-api\src\modules\gre\gre.service.ts","integration_logs"
"apps\erp-api\src\modules\gre\gre.service.ts","empresa_config"
"apps\erp-api\src\modules\gre\gre.service.ts","paises"
"apps\erp-api\src\modules\gre\gre.service.ts","gre_guias"
"apps\erp-api\src\modules\gre\gre.service.ts","gre_guias"
"apps\erp-api\src\modules\gre\gre.service.ts","integration_logs"
"apps\erp-api\src\modules\gre\gre.service.ts","gre_guias"
"apps\erp-api\src\modules\gre\gre.service.ts","integration_logs"
"apps\erp-api\src\modules\gre\gre.service.ts","empresa_config"
"apps\erp-api\src\modules\gre\gre.service.ts","cpe"
"apps\erp-api\src\modules\gre\gre.service.ts","gre_detalles"
"apps\erp-api\src\modules\gre\gre.service.ts","pedidos_venta"
"apps\erp-api\src\modules\gre\gre.service.ts","pedido_gres"
"apps\erp-api\src\modules\gre\gre.service.ts","pedidos_venta"
"apps\erp-api\src\modules\gre\gre.service.ts","gre_guias"
"apps\erp-api\src\modules\gre\gre.service.ts","gre_guias"
"apps\erp-api\src\modules\gre\gre.service.ts","gre_guias"
"apps\erp-api\src\modules\gre\gre.service.ts","gre_guias"
"apps\erp-api\src\modules\gre\gre.service.ts","gre_guias"
"apps\erp-api\src\modules\gre\gre.service.ts","gre_guias"
"apps\erp-api\src\modules\gre\gre.service.ts","gre_guias"
"apps\erp-api\src\modules\gre\gre.service.ts","empresa_config"
"apps\erp-api\src\modules\gre\gre.service.ts","stock_movimientos"
"apps\erp-api\src\modules\gre\gre.controller.ts","empresa_config"
"apps\erp-api\src\shared\events\event-emitter.service.ts","outbox_events"
"apps\erp-api\src\modules\finanzas\bancos\bancos.service.ts","cuentas_bancarias"
"apps\erp-api\src\modules\finanzas\bancos\bancos.service.ts","cuentas_bancarias"
"apps\erp-api\src\modules\finanzas\bancos\bancos.service.ts","cuentas_bancarias"
"apps\erp-api\src\modules\finanzas\bancos\bancos.service.ts","cuentas_bancarias"
"apps\erp-api\src\modules\finanzas\bancos\bancos.service.ts","cuentas_bancarias"
"apps\erp-api\src\modules\finanzas\bancos\bancos.service.ts","cuentas_bancarias"
"apps\erp-api\src\modules\finanzas\bancos\bancos.service.ts","cuentas_bancarias"
"apps\erp-api\src\modules\finanzas\bancos\bancos.service.ts","cuentas_bancarias"
"apps\erp-api\src\modules\finanzas\bancos\bancos.service.ts","movimientos_bancarios"
"apps\erp-api\src\modules\finanzas\bancos\bancos.service.ts","cuentas_bancarias"
"apps\erp-api\src\modules\finanzas\bancos\bancos.service.ts","proveedores"
"apps\erp-api\src\modules\finanzas\bancos\bancos.service.ts","movimientos_bancarios"
"apps\erp-api\src\modules\finanzas\bancos\bancos.service.ts","cuentas_bancarias"
"apps\erp-api\src\modules\finanzas\bancos\bancos.service.ts","movimientos_bancarios"
"apps\erp-api\src\modules\finanzas\bancos\bancos.service.ts","outbox_events"
"apps\erp-api\src\modules\finanzas\bancos\bancos.service.ts","cuentas_bancarias"
"apps\erp-api\src\modules\finanzas\bancos\bancos.service.ts","cuentas_bancarias"
"apps\erp-api\src\modules\finanzas\bancos\bancos.service.ts","movimientos_bancarios"
"apps\erp-api\src\modules\finanzas\bancos\bancos.service.ts","movimientos_bancarios"
"apps\erp-api\src\modules\finanzas\bancos\bancos.service.ts","movimientos_bancarios"
"apps\erp-api\src\modules\documentos.service.ts","documentos"
"apps\erp-api\src\modules\documentos.service.ts","documentos"
"apps\erp-api\src\modules\documentos.service.ts","documentos"
"apps\erp-api\src\modules\documentos.service.ts","documentos"
"apps\erp-api\src\modules\documentos.service.ts","documentos"
"apps\erp-api\src\modules\documentos.service.ts","documentos"
"apps\erp-api\src\modules\documentos.service.ts","documentos"
"apps\erp-api\src\modules\documentos.service.ts","documentos"
"apps\erp-api\src\modules\documentos.service.ts","documento_detalles"
"apps\erp-api\src\modules\documentos.service.ts","clientes"
"apps\erp-api\src\modules\documentos.service.ts","empresa_config"
"apps\erp-api\src\modules\documentos.service.ts","documento_series"
"apps\erp-api\src\modules\documentos.service.ts","documentos"
"apps\erp-api\src\modules\documentos.service.ts","documentos"
"apps\erp-api\src\modules\documentos.service.ts","documento_series"
"apps\erp-api\src\modules\documentos.service.ts","documento_series"
"apps\erp-api\src\modules\documentos.service.ts","fe_configuracion"
"apps\erp-api\src\modules\documentos.service.ts","documento_auditoria"
"apps\erp-api\src\modules\documentos.service.ts","documento_series"
"apps\erp-api\src\modules\documentos.service.ts","documento_series"
"apps\erp-api\src\modules\documentos.service.ts","documento_auditoria"
"apps\erp-api\src\modules\documentos.service.ts","documentos"
"apps\erp-api\src\modules\documentos.service.ts","documentos"
"apps\erp-api\src\modules\fiscal\dian-fiscal.service.ts","empresa_config"
"apps\erp-api\src\modules\compras\services\recepciones.service.ts","integration_logs"
"apps\erp-api\src\modules\compras\services\recepciones.service.ts","recepciones"
"apps\erp-api\src\modules\compras\services\recepciones.service.ts","recepciones"
"apps\erp-api\src\modules\compras\services\recepciones.service.ts","ordenes_compra"
"apps\erp-api\src\modules\compras\services\recepciones.service.ts","recepciones"
"apps\erp-api\src\modules\compras\services\recepciones.service.ts","recepcion_items"
"apps\erp-api\src\modules\compras\services\recepciones.service.ts","recepciones"
"apps\erp-api\src\modules\compras\services\recepciones.service.ts","movimientos_inventario"
"apps\erp-api\src\modules\compras\services\recepciones.service.ts","orden_compra_detalles"
"apps\erp-api\src\modules\compras\services\recepciones.service.ts","orden_compra_detalles"
"apps\erp-api\src\modules\compras\services\recepciones.service.ts","ordenes_compra"
"apps\erp-api\src\modules\compras\services\recepciones.service.ts","recepciones"
"apps\erp-api\src\modules\compras\services\recepciones.service.ts","orden_compra_detalles"
"apps\erp-api\src\modules\compras\services\recepciones.service.ts","ordenes_compra"
"apps\erp-api\src\modules\compras\services\recepciones.service.ts","recepciones"
"apps\erp-api\src\modules\compras\services\recepciones.service.ts","recepciones"
"apps\erp-api\src\modules\compras\services\recepciones.service.ts","ordenes_compra"
"apps\erp-api\src\modules\compras\services\recepciones.service.ts","orden_compra_detalles"
"apps\erp-api\src\modules\compras\services\recepciones.service.ts","orden_compra_detalles"
"apps\erp-api\src\modules\compras\services\ordenes-compra.service.ts","usuarios"
"apps\erp-api\src\modules\compras\services\ordenes-compra.service.ts","usuarios"
"apps\erp-api\src\modules\compras\services\ordenes-compra.service.ts","proveedores"
"apps\erp-api\src\modules\compras\services\ordenes-compra.service.ts","recepciones"
"apps\erp-api\src\modules\compras\services\ordenes-compra.service.ts","recepciones"
"apps\erp-api\src\modules\compras\services\ordenes-compra.service.ts","recepciones"
"apps\erp-api\src\modules\compras\services\ordenes-compra.service.ts","devoluciones_proveedor"
"apps\erp-api\src\modules\compras\services\ordenes-compra.service.ts","usuarios_sistema"
"apps\erp-api\src\modules\compras\services\ordenes-compra.service.ts","usuarios_sistema"
"apps\erp-api\src\modules\compras\services\ordenes-compra.service.ts","empresa_config"
"apps\erp-api\src\modules\compras\services\ordenes-compra.service.ts","usuarios_sistema"
"apps\erp-api\src\modules\compras\services\ordenes-compra.service.ts","usuarios_sistema"
"apps\erp-api\src\modules\compras\services\ordenes-compra.service.ts","usuarios_sistema"
"apps\erp-api\src\modules\compras\services\ordenes-compra.service.ts","empresa_config"
"apps\erp-api\src\modules\compras\services\ordenes-compra.service.ts","proveedores"
"apps\erp-api\src\modules\compras\services\ordenes-compra.service.ts","orden_compra_detalles"
"apps\erp-api\src\modules\compras\services\devoluciones-proveedor.service.ts","ordenes_compra"
"apps\erp-api\src\modules\compras\services\devoluciones-proveedor.service.ts","recepciones"
"apps\erp-api\src\modules\compras\services\devoluciones-proveedor.service.ts","proveedores"
"apps\erp-api\src\modules\compras\services\devoluciones-proveedor.service.ts","ordenes_compra"
"apps\erp-api\src\modules\compras\services\devoluciones-proveedor.service.ts","recepciones"
"apps\erp-api\src\modules\compras\services\devoluciones-proveedor.service.ts","empresa_config"
"apps\erp-api\src\modules\compras\services\compras-cxp-integration.service.ts","empresa_config"
"apps\erp-api\src\modules\compras\services\compras-cxp-integration.service.ts","cuentas_por_pagar"
"apps\erp-api\src\modules\compras\services\compras-cxp-integration.service.ts","proveedores"
"apps\erp-api\src\modules\compras\services\compras-cxp-integration.service.ts","cuentas_por_pagar"
"apps\erp-api\src\modules\compras\services\compras-cxp-integration.service.ts","ordenes_compra"
"apps\erp-api\src\modules\compras\services\compras-cxp-integration.service.ts","orden_compra_detalles"
"apps\erp-api\src\modules\compras\services\compras-cxp-integration.service.ts","recepcion_items"
"apps\erp-api\src\modules\compras\services\compras-cxp-integration.service.ts","recepciones"
"apps\erp-api\src\modules\compras\services\compras-cxp-integration.service.ts","ordenes_compra"
"apps\erp-api\src\modules\compras\services\compras-cxp-integration.service.ts","cuentas_por_pagar"
"apps\erp-api\src\modules\compras\repositories\proveedores.repository.ts","proveedores"
"apps\erp-api\src\modules\compras\repositories\proveedores.repository.ts","proveedores"
"apps\erp-api\src\modules\compras\repositories\proveedores.repository.ts","proveedores"
"apps\erp-api\src\modules\compras\repositories\proveedores.repository.ts","proveedores"
"apps\erp-api\src\modules\compras\repositories\proveedores.repository.ts","proveedores"
"apps\erp-api\src\modules\compras\repositories\proveedores.repository.ts","proveedores"
"apps\erp-api\src\modules\compras\repositories\ordenes-compra.repository.ts","ordenes_compra"
"apps\erp-api\src\modules\compras\repositories\ordenes-compra.repository.ts","orden_compra_detalles"
"apps\erp-api\src\modules\compras\repositories\ordenes-compra.repository.ts","ordenes_compra"
"apps\erp-api\src\modules\compras\repositories\ordenes-compra.repository.ts","ordenes_compra"
"apps\erp-api\src\modules\compras\repositories\ordenes-compra.repository.ts","orden_compra_detalles"
"apps\erp-api\src\modules\compras\repositories\ordenes-compra.repository.ts","ordenes_compra"
"apps\erp-api\src\modules\compras\repositories\ordenes-compra.repository.ts","ordenes_compra"
"apps\erp-api\src\modules\compras\repositories\ordenes-compra.repository.ts","ordenes_compra"
"apps\erp-api\src\modules\compras\repositories\ordenes-compra.repository.ts","ordenes_compra"
"apps\erp-api\src\modules\compras\repositories\ordenes-compra.repository.ts","ordenes_compra"
"apps\erp-api\src\modules\compras\repositories\ordenes-compra.repository.ts","orden_compra_detalles"
"apps\erp-api\src\modules\compras\repositories\ordenes-compra.repository.ts","orden_compra_detalles"
"apps\erp-api\src\modules\compras\repositories\ordenes-compra.repository.ts","orden_compra_detalles"
"apps\erp-api\src\modules\compras\repositories\ordenes-compra.repository.ts","ordenes_compra"
"apps\erp-api\src\modules\compras\repositories\ordenes-compra.repository.ts","orden_compra_detalles"
"apps\erp-api\src\modules\compras\repositories\ordenes-compra.repository.ts","recepciones"
"apps\erp-api\src\modules\compras\repositories\oc-aprobaciones.repository.ts","oc_aprobaciones"
"apps\erp-api\src\modules\compras\repositories\oc-aprobaciones.repository.ts","oc_aprobaciones"
"apps\erp-api\src\modules\compras\repositories\oc-aprobaciones.repository.ts","oc_aprobaciones"
"apps\erp-api\src\modules\compras\repositories\oc-aprobaciones.repository.ts","oc_aprobaciones"
"apps\erp-api\src\modules\compras\repositories\oc-aprobaciones.repository.ts","oc_aprobaciones"
"apps\erp-api\src\modules\compras\repositories\oc-aprobaciones.repository.ts","oc_aprobaciones"
"apps\erp-api\src\modules\compras\repositories\devoluciones-proveedor.repository.ts","devoluciones_proveedor"
"apps\erp-api\src\modules\compras\repositories\devoluciones-proveedor.repository.ts","devoluciones_proveedor"
"apps\erp-api\src\modules\compras\repositories\devoluciones-proveedor.repository.ts","devolucion_items"
"apps\erp-api\src\modules\compras\repositories\devoluciones-proveedor.repository.ts","devoluciones_proveedor"
"apps\erp-api\src\modules\compras\repositories\devoluciones-proveedor.repository.ts","devoluciones_proveedor"
"apps\erp-api\src\modules\compras\repositories\devoluciones-proveedor.repository.ts","devoluciones_proveedor"
"apps\erp-api\src\modules\compras\repositories\cotizaciones-compra.repository.ts","cotizaciones_compra"
"apps\erp-api\src\modules\compras\repositories\cotizaciones-compra.repository.ts","cotizacion_compra_detalles"
"apps\erp-api\src\modules\compras\repositories\cotizaciones-compra.repository.ts","cotizaciones_compra"
"apps\erp-api\src\modules\compras\repositories\cotizaciones-compra.repository.ts","cotizaciones_compra"
"apps\erp-api\src\modules\compras\repositories\cotizaciones-compra.repository.ts","cotizacion_compra_detalles"
"apps\erp-api\src\modules\compras\repositories\cotizaciones-compra.repository.ts","cotizaciones_compra"
"apps\erp-api\src\modules\compras\repositories\cotizaciones-compra.repository.ts","cotizaciones_compra"
"apps\erp-api\src\modules\compras\repositories\cotizaciones-compra.repository.ts","cotizaciones_compra"
"apps\erp-api\src\modules\compras\repositories\cotizaciones-compra.repository.ts","cotizacion_compra_detalles"
"apps\erp-api\src\modules\compras\repositories\cotizaciones-compra.repository.ts","cotizacion_compra_detalles"
"apps\erp-api\src\modules\compras\repositories\cotizaciones-compra.repository.ts","cotizacion_compra_detalles"
"apps\erp-api\src\modules\compras\repositories\cotizaciones-compra.repository.ts","cotizaciones_compra"
"apps\erp-api\src\modules\compras\repositories\cotizaciones-compra.repository.ts","cotizacion_compra_detalles"
"apps\erp-api\src\modules\compras\repositories\cotizaciones-compra.repository.ts","cotizaciones_compra"
"apps\erp-api\src\modules\compras\repositories\cotizaciones-compra.repository.ts","cotizacion_compra_detalles"
"apps\erp-api\src\modules\compras\repositories\cotizaciones-compra.repository.ts","cotizaciones_compra"
"apps\erp-api\src\modules\demo\interceptors\demo-restrictions.interceptor.ts","empresa_config"
"apps\erp-api\src\modules\demo\guards\demo-expired.guard.ts","empresa_config"
"apps\erp-api\src\modules\cajas\services\configuracion-caja.service.ts","configuracion_caja"
"apps\erp-api\src\modules\cajas\services\configuracion-caja.service.ts","configuracion_caja"
"apps\erp-api\src\modules\cajas\services\cash-withdrawals.service.ts","sesiones_caja"
"apps\erp-api\src\modules\cajas\services\cash-withdrawals.service.ts","retiros_caja"
"apps\erp-api\src\modules\cajas\services\cash-withdrawals.service.ts","retiros_caja"
"apps\erp-api\src\modules\cajas\services\cash-withdrawals.service.ts","retiros_caja"
"apps\erp-api\src\modules\cajas\services\cash-withdrawals.service.ts","retiros_caja"
"apps\erp-api\src\modules\cajas\services\cash-withdrawals.service.ts","retiros_caja"
"apps\erp-api\src\modules\cajas\services\cash-withdrawals.service.ts","retiros_caja"
"apps\erp-api\src\modules\cajas\services\cash-withdrawals.service.ts","retiros_caja"
"apps\erp-api\src\modules\cajas\services\cash-withdrawals.service.ts","retiros_caja"
"apps\erp-api\src\modules\cajas\services\cash-shift-changes.service.ts","sesiones_caja"
"apps\erp-api\src\modules\cajas\services\cash-shift-changes.service.ts","cambios_turno"
"apps\erp-api\src\modules\cajas\services\cash-shift-changes.service.ts","sesiones_caja"
"apps\erp-api\src\modules\cajas\services\cash-shift-changes.service.ts","cambios_turno"
"apps\erp-api\src\modules\cajas\services\cash-shift-changes.service.ts","sesiones_caja"
"apps\erp-api\src\modules\cajas\services\cash-shift-changes.service.ts","cambios_turno"
"apps\erp-api\src\modules\cajas\services\cash-shift-changes.service.ts","configuracion_caja"
"apps\erp-api\src\modules\cajas\services\cash-shift-changes.service.ts","cambios_turno"
"apps\erp-api\src\modules\cajas\services\cash-shift-changes.service.ts","sesiones_caja"
"apps\erp-api\src\modules\cajas\services\cash-shift-changes.service.ts","sesiones_caja"
"apps\erp-api\src\modules\cajas\services\cash-shift-changes.service.ts","integration_logs"
"apps\erp-api\src\modules\cajas\services\cash-shift-changes.service.ts","cambios_turno"
"apps\erp-api\src\modules\cajas\services\cash-shift-changes.service.ts","sesiones_caja"
"apps\erp-api\src\modules\cajas\services\cash-shift-changes.service.ts","cambios_turno"
"apps\erp-api\src\modules\cajas\services\cash-shift-changes.service.ts","cambios_turno"
"apps\erp-api\src\modules\cajas\services\cash-shift-changes.service.ts","cambios_turno"
"apps\erp-api\src\modules\cajas\services\cash-reports.service.ts","sesiones_caja"
"apps\erp-api\src\modules\cajas\services\cash-reports.service.ts","retiros_caja"
"apps\erp-api\src\modules\cajas\services\cash-reports.service.ts","cambios_turno"
"apps\erp-api\src\modules\cajas\services\cash-reports.service.ts","ventas_pos"
"apps\erp-api\src\modules\cajas\services\cash-reports.service.ts","ventas_pos_pagos"
"apps\erp-api\src\modules\cajas\services\cash-reports.service.ts","sesiones_caja"
"apps\erp-api\src\modules\cajas\services\cash-reports.service.ts","cortes_caja"
"apps\erp-api\src\modules\cajas\services\cash-reports.service.ts","asientos_contables"
"apps\erp-api\src\modules\cajas\services\cash-reports.service.ts","detalle_asientos"
"apps\erp-api\src\modules\cajas\services\cash-reports.service.ts","plan_cuentas"
"apps\erp-api\src\modules\cajas\services\cash-reports.service.ts","cortes_caja"
"apps\erp-api\src\modules\cajas\services\cash-reconciliation.service.ts","sesiones_caja"
"apps\erp-api\src\modules\cajas\services\cash-reconciliation.service.ts","movimientos_caja"
"apps\erp-api\src\modules\cajas\services\cash-reconciliation.service.ts","configuracion_caja"
"apps\erp-api\src\modules\cajas\services\cash-movements.service.ts","movimientos_caja"
"apps\erp-api\src\modules\cajas\services\cash-movements.service.ts","movimientos_caja"
"apps\erp-api\src\modules\cajas\services\cash-movements.service.ts","sesiones_caja"
"apps\erp-api\src\modules\cajas\services\cash-movements.service.ts","movimientos_caja"
"apps\erp-api\src\modules\cajas\services\cash-movements.service.ts","sesiones_caja"
"apps\erp-api\src\modules\cajas\services\cash-fraud-detection.service.ts","sesiones_caja"
"apps\erp-api\src\modules\cajas\services\cash-fraud-detection.service.ts","sesiones_caja"
"apps\erp-api\src\modules\cajas\services\cash-fraud-detection.service.ts","sesiones_caja"
"apps\erp-api\src\modules\cajas\services\cash-fraud-detection.service.ts","caja_audit_log"
"apps\erp-api\src\modules\cajas\services\cash-fraud-detection.service.ts","sesiones_caja"
"apps\erp-api\src\modules\cajas\services\cash-flow.spec.ts","sesiones_caja"
"apps\erp-api\src\modules\cajas\services\cash-flow.spec.ts","sesiones_caja"
"apps\erp-api\src\modules\cajas\services\cash-flow.spec.ts","ventas_pos"
"apps\erp-api\src\modules\cajas\services\cash-flow.spec.ts","cambios_turno"
"apps\erp-api\src\modules\cajas\services\cash-flow.spec.ts","retiros_caja"
"apps\erp-api\src\modules\cajas\services\cash-flow.spec.ts","configuracion_caja"
"apps\erp-api\src\modules\cajas\services\cash-flow.spec.ts","sesiones_caja"
"apps\erp-api\src\modules\cajas\services\cash-flow.spec.ts","sesiones_caja"
"apps\erp-api\src\modules\cajas\services\cash-flow.spec.ts","ventas_pos"
"apps\erp-api\src\modules\cajas\services\cash-flow.spec.ts","cambios_turno"
"apps\erp-api\src\modules\cajas\services\cash-flow.spec.ts","retiros_caja"
"apps\erp-api\src\modules\cajas\services\cash-flow.spec.ts","configuracion_caja"
"apps\erp-api\src\modules\cajas\services\cash-concurrency.service.ts","sesiones_caja"
"apps\erp-api\src\modules\cajas\services\cash-concurrency.service.ts","sesiones_caja"
"apps\erp-api\src\modules\cajas\services\cash-concurrency.service.ts","sesiones_caja"
"apps\erp-api\src\modules\cajas\services\cash-concurrency.service.ts","users"
"apps\erp-api\src\modules\cajas\services\cash-concurrency.service.ts","sesiones_caja"
"apps\erp-api\src\modules\cajas\services\cash-concurrency.service.ts","movimientos_caja"
"apps\erp-api\src\modules\cajas\services\cash-concurrency.service.ts","sesiones_caja"
"apps\erp-api\src\modules\cajas\services\cash-concurrency.service.ts","caja_audit_log"
"apps\erp-api\src\modules\cajas\services\cash-concurrency.service.ts","sesiones_caja"
"apps\erp-api\src\modules\cajas\services\cash-concurrency.service.ts","sesiones_caja"
"apps\erp-api\src\modules\cajas\services\cash-closing.service.ts","sesiones_caja"
"apps\erp-api\src\modules\cajas\services\cash-closing.service.ts","ventas_pos"
"apps\erp-api\src\modules\cajas\services\cash-closing.service.ts","ventas_pos"
"apps\erp-api\src\modules\cajas\services\cash-closing.service.ts","cambios_turno"
"apps\erp-api\src\modules\cajas\services\cash-closing.service.ts","retiros_caja"
"apps\erp-api\src\modules\cajas\services\cash-closing.service.ts","sesiones_caja"
"apps\erp-api\src\modules\cajas\services\cash-closing.service.ts","sesiones_caja"
"apps\erp-api\src\modules\cajas\services\cash-closing.service.ts","sesiones_caja"
"apps\erp-api\src\modules\cajas\services\cash-closing.service.ts","sesiones_caja"
"apps\erp-api\src\modules\cajas\services\cash-closing.service.ts","retiros_caja"
"apps\erp-api\src\modules\cajas\services\cash-closing.service.ts","cambios_turno"
"apps\erp-api\src\modules\cajas\services\cash-closing.service.ts","sesiones_caja"
"apps\erp-api\src\modules\cajas\services\cash-closing.service.ts","sesiones_caja"
"apps\erp-api\src\modules\cajas\services\cash-authorization.service.ts","configuracion_caja"
"apps\erp-api\src\modules\cajas\services\cash-authorization.service.ts","configuracion_caja"
"apps\erp-api\src\modules\cajas\services\cash-authorization.service.ts","users"
"apps\erp-api\src\modules\cajas\services\cash-authorization.service.ts","supervisor_pins"
"apps\erp-api\src\modules\cajas\services\cash-authorization.service.ts","caja_audit_log"
"apps\erp-api\src\modules\cajas\services\cash-authorization.service.ts","caja_audit_log"
"apps\erp-api\src\modules\cajas\services\cash-audit.service.ts","caja_audit_log"
"apps\erp-api\src\modules\cajas\services\cash-audit.service.ts","caja_audit_log"
"apps\erp-api\src\modules\cajas\services\cash-audit.service.ts","caja_audit_log"
"apps\erp-api\src\modules\cajas\services\cash-audit.service.ts","caja_audit_log"
"apps\erp-api\src\modules\cajas\services\cash-audit.service.ts","caja_audit_log"
"apps\erp-api\src\modules\cajas\services\autorizaciones-caja.service.ts","usuarios"
"apps\erp-api\src\modules\cajas\services\autorizaciones-caja.service.ts","usuarios"
"apps\erp-api\src\modules\cajas\services\autorizaciones-caja.service.ts","autorizaciones_caja"
"apps\erp-api\src\modules\cajas\services\autorizaciones-caja.service.ts","autorizaciones_caja"
"apps\erp-api\src\modules\cajas\services\autorizaciones-caja.service.ts","autorizaciones_caja"
"apps\erp-api\src\modules\demo\demo.service.ts","empresa_config"
"apps\erp-api\src\modules\demo\demo.service.ts","empresa_config"
"apps\erp-api\src\modules\demo\demo.service.ts","usuarios_sistema"
"apps\erp-api\src\modules\demo\demo.service.ts","empresa_config"
"apps\erp-api\src\modules\demo\demo.service.ts","demo_conversiones_pendientes"
"apps\erp-api\src\modules\demo\demo.service.ts","empresa_config"
"apps\erp-api\src\modules\demo\demo.service.ts","usuarios_sistema"
"apps\erp-api\src\modules\demo\demo.service.ts","usuarios_sistema"
"apps\erp-api\src\modules\demo\demo.service.ts","demo_conversiones_pendientes"
"apps\erp-api\src\modules\demo\demo.service.ts","demo_conversiones_pendientes"
"apps\erp-api\src\modules\dashboard.controller.ts","cpe"
"apps\erp-api\src\modules\dashboard.controller.ts","gre_guias"
"apps\erp-api\src\modules\cajas\cajas.service.ts","cajas"
"apps\erp-api\src\modules\cajas\cajas.service.ts","cajas"
"apps\erp-api\src\modules\cajas\cajas.service.ts","cajas"
"apps\erp-api\src\modules\cajas\cajas.service.ts","cajas"
"apps\erp-api\src\modules\cajas\cajas.service.ts","cajas"
"apps\erp-api\src\modules\cajas\cajas.service.ts","sesiones_caja"
"apps\erp-api\src\modules\cajas\cajas.service.ts","sesiones_caja"
"apps\erp-api\src\modules\cajas\cajas.service.ts","sesiones_caja"
"apps\erp-api\src\modules\cajas\cajas.service.ts","sesiones_caja"
"apps\erp-api\src\modules\cajas\cajas.service.ts","sesiones_caja"
"apps\erp-api\src\modules\cajas\cajas.service.ts","usuarios"
"apps\erp-api\src\modules\cajas\cajas.service.ts","sesiones_caja"
"apps\erp-api\src\modules\cajas\cajas.service.ts","sesiones_caja"
"apps\erp-api\src\modules\cajas\cajas.service.ts","sesiones_caja"
"apps\erp-api\src\modules\cajas\cajas.service.ts","sesiones_caja"
"apps\erp-api\src\modules\cajas\cajas.service.ts","sesiones_caja"
"apps\erp-api\src\modules\cajas\cajas.service.ts","sesiones_caja"
"apps\erp-api\src\modules\cajas\cajas.service.ts","cortes_caja"
"apps\erp-api\src\modules\cajas\cajas.service.ts","sesiones_caja"
"apps\erp-api\src\modules\cajas\cajas.service.ts","movimientos_caja"
"apps\erp-api\src\modules\cajas\cajas.service.ts","vw_ranking_cajeros"
"apps\erp-api\src\modules\cajas\cajas.service.ts","vw_sesiones_activas"
"apps\erp-api\src\modules\dashboard\dashboard-metrics.service.ts","cpe"
"apps\erp-api\src\modules\dashboard\dashboard-metrics.service.ts","cpe"
"apps\erp-api\src\modules\dashboard\dashboard-metrics.service.ts","gre_guias"
"apps\erp-api\src\modules\dashboard\dashboard-metrics.service.ts","productos"
"apps\erp-api\src\modules\dashboard\dashboard-metrics.service.ts","ordenes_compra"
"apps\erp-api\src\modules\dashboard\dashboard-metrics.service.ts","usuarios_sistema"
"apps\erp-api\src\modules\dashboard\dashboard-metrics.service.ts","cotizaciones"
"apps\erp-api\src\modules\dashboard\dashboard-metrics.service.ts","cotizaciones"
"apps\erp-api\src\modules\dashboard\dashboard-metrics.service.ts","sire_files"
"apps\erp-api\src\modules\dashboard\dashboard-metrics.service.ts","cpe"
"apps\erp-api\src\modules\dashboard\dashboard-metrics.service.ts","gre_guias"
"apps\erp-api\src\modules\dashboard\dashboard-metrics.service.ts","ordenes_compra"
"apps\erp-api\src\modules\dashboard\dashboard-metrics.service.ts","cotizaciones"
"apps\erp-api\src\modules\auth\auth.service.ts","auth_login_attempts"
"apps\erp-api\src\modules\auth\auth.service.ts","auth_login_attempts"
"apps\erp-api\src\modules\auth\auth.service.ts","usuarios_sistema"
"apps\erp-api\src\modules\auth\auth.service.ts","user_roles"
"apps\erp-api\src\modules\auth\auth.service.ts","usuarios_sistema"
"apps\erp-api\src\modules\auth\auth.service.ts","usuarios_sistema"
"apps\erp-api\src\modules\auth\auth.service.ts","usuarios_sistema"
"apps\erp-api\src\modules\auth\auth.service.ts","usuarios_sistema"
"apps\erp-api\src\modules\auth\auth.service.ts","usuarios_sistema"
"apps\erp-api\src\modules\auth\auth.service.ts","usuarios_sistema"
"apps\erp-api\src\modules\auth\auth.service.ts","tenants"
"apps\erp-api\src\modules\auth\auth.service.ts","audit_log"
"apps\erp-api\src\modules\auth\auth.service.ts","user_sessions"
"apps\erp-api\src\modules\auth\auth.service.ts","user_sessions"
"apps\erp-api\src\modules\auth\auth.service.ts","user_sessions"
"apps\erp-api\src\modules\auth\auth.service.ts","user_sessions"
"apps\erp-api\src\modules\auth\auth.service.ts","user_sessions"
"apps\erp-api\src\modules\auth\auth.service.ts","user_sessions"
"apps\erp-api\src\modules\auth\auth.service.spec.ts","usuarios_sistema"
"apps\erp-api\src\modules\auth\auth.service.spec.ts","user_roles"
"apps\erp-api\src\modules\analytics.controller.ts","ventas"
"apps\erp-api\src\modules\analytics.controller.ts","ventas"
"apps\erp-api\src\modules\analytics.controller.ts","cuentas_por_cobrar"
"apps\erp-api\src\modules\analytics.controller.ts","productos"
"apps\erp-api\src\modules\analytics.controller.ts","venta_detalles"
"apps\erp-api\src\modules\analytics.controller.ts","orden_compra_detalles"
"apps\erp-api\src\modules\analytics.controller.ts","productos"
"apps\erp-api\src\modules\analytics.controller.ts","venta_detalles"
"apps\erp-api\src\modules\analytics.controller.ts","orden_compra_detalles"
"apps\erp-api\src\modules\analytics.controller.ts","gastos"
"apps\erp-api\src\modules\analytics.controller.ts","ventas"
"apps\erp-api\src\modules\analytics.controller.ts","gastos"
"apps\erp-api\src\modules\audit\audit.service.ts","audit_log"
"apps\erp-api\src\modules\audit\audit.service.ts","audit_log"
"apps\erp-api\src\modules\audit\audit.service.ts","audit_log"
"apps\erp-api\src\modules\audit\audit.service.ts","audit_log"
"apps\erp-api\src\modules\audit\audit.service.ts","integration_logs"
"apps\erp-api\src\modules\audit\audit.service.ts","integration_logs"
