"table","file","module"
"ventas_pos","scripts\seed_pos_pending_sale.ts","otros"
"asientos_contables","apps\erp-api\tests\run-tests.ts","tests"
"detalle_asientos","apps\erp-api\tests\run-tests.ts","tests"
"asientos_contables","apps\erp-api\tests\run-tests.ts","tests"
"asientos_contables","apps\erp-api\tests\run-tests.ts","tests"
"planillas","apps\erp-api\tests\run-tests.ts","tests"
"tenants","apps\worker\src\jobs\pos-facturacion-pendiente.job.ts","otros"
"tenants","apps\worker\src\jobs\pos-cpe-retry.job.ts","otros"
"empresa_config","apps\worker\src\jobs\configuration-check.job.ts","otros"
"notificaciones","apps\worker\src\jobs\configuration-check.job.ts","otros"
"notificaciones","apps\worker\src\jobs\configuration-check.job.ts","otros"
"empresa_config","apps\worker\src\jobs\configuration-check.job.ts","otros"
"tenants","apps\worker\src\jobs\configuration-check.job.ts","otros"
"empresa_config","apps\worker\src\jobs\certificate-validation.job.ts","otros"
"notificaciones","apps\worker\src\jobs\certificate-validation.job.ts","otros"
"notificaciones","apps\worker\src\jobs\certificate-validation.job.ts","otros"
"empresa_config","apps\worker\src\jobs\certificate-validation.job.ts","otros"
"tenants","apps\worker\src\jobs\certificate-validation.job.ts","otros"
"integration_logs","apps\worker\src\index.ts","otros"
"cpe","apps\worker\src\index.ts","otros"
"integration_logs","apps\worker\src\index.ts","otros"
"cpe","apps\worker\src\index.ts","otros"
"integration_logs","apps\worker\src\index.ts","otros"
"cpe","apps\worker\src\index.ts","otros"
"integration_logs","apps\worker\src\index.ts","otros"
"cpe","apps\worker\src\index.ts","otros"
"sire_files","apps\worker\src\index.ts","otros"
"sire_files","apps\worker\src\index.ts","otros"
"integration_logs","apps\worker\src\index.ts","otros"
"sire_files","apps\worker\src\index.ts","otros"
"integration_logs","apps\worker\src\index.ts","otros"
"cpe","apps\worker\src\index.ts","otros"
"cpe","apps\worker\src\index.ts","otros"
"gre","apps\worker\src\index.ts","otros"
"productos","apps\worker\src\index.ts","otros"
"ventas_pos","apps\worker\src\index.ts","otros"
"productos","apps\worker\src\index.ts","otros"
"clientes","apps\erp-api\tests\integration\ventas-rls.test.ts","tests"
"clientes","apps\erp-api\tests\integration\ventas-rls.test.ts","tests"
"clientes","apps\erp-api\tests\integration\ventas-rls.test.ts","tests"
"clientes","apps\erp-api\tests\integration\ventas-rls.test.ts","tests"
"pedidos_venta","apps\erp-api\tests\integration\ventas-rls.test.ts","tests"
"pedidos_venta_detalle","apps\erp-api\tests\integration\ventas-rls.test.ts","tests"
"pedidos_venta","apps\erp-api\tests\integration\ventas-rls.test.ts","tests"
"pedidos_venta","apps\erp-api\tests\integration\ventas-rls.test.ts","tests"
"pedidos_venta","apps\erp-api\tests\integration\ventas-rls.test.ts","tests"
"pedidos_venta","apps\erp-api\tests\integration\ventas-rls.test.ts","tests"
"pedidos_venta","apps\erp-api\tests\integration\ventas-rls.test.ts","tests"
"pedidos_venta","apps\erp-api\tests\integration\ventas-rls.test.ts","tests"
"clientes","apps\erp-api\tests\integration\ventas-rls.test.ts","tests"
"pedidos_venta","apps\erp-api\tests\integration\ventas-rls.test.ts","tests"
"pedidos_venta_detalle","apps\erp-api\tests\integration\ventas-rls.test.ts","tests"
"pedidos_venta","apps\erp-api\tests\integration\ventas-rls.test.ts","tests"
"cuentas_por_cobrar","apps\erp-api\tests\integration\ventas-rls.test.ts","tests"
"pedidos_venta","apps\erp-api\tests\integration\ventas-rls.test.ts","tests"
"almacenes","apps\erp-api\tests\integration\inventario-rls.test.ts","tests"
"almacenes","apps\erp-api\tests\integration\inventario-rls.test.ts","tests"
"almacenes","apps\erp-api\tests\integration\inventario-rls.test.ts","tests"
"movimientos_inventario","apps\erp-api\tests\integration\inventario-rls.test.ts","tests"
"movimientos_inventario","apps\erp-api\tests\integration\inventario-rls.test.ts","tests"
"movimientos_inventario","apps\erp-api\tests\integration\inventario-rls.test.ts","tests"
"movimientos_inventario","apps\erp-api\tests\integration\inventario-rls.test.ts","tests"
"movimientos_inventario","apps\erp-api\tests\integration\inventario-rls.test.ts","tests"
"movimientos_inventario","apps\erp-api\tests\integration\inventario-rls.test.ts","tests"
"almacenes","apps\erp-api\tests\integration\inventario-rls.test.ts","tests"
"productos","apps\erp-api\tests\integration\inventario-rls.test.ts","tests"
"producto_existencias","apps\erp-api\tests\integration\inventario-rls.test.ts","tests"
"movimientos_inventario","apps\erp-api\tests\integration\inventario-rls.test.ts","tests"
"producto_existencias","apps\erp-api\tests\integration\inventario-rls.test.ts","tests"
"movimientos_inventario","apps\erp-api\tests\integration\inventario-rls.test.ts","tests"
"producto_existencias","apps\erp-api\tests\integration\inventario-rls.test.ts","tests"
"movimientos_inventario","apps\erp-api\tests\integration\inventario-rls.test.ts","tests"
"producto_existencias","apps\erp-api\tests\integration\inventario-rls.test.ts","tests"
"tenants","apps\erp-api\scripts\run-pos-pending-worker.js","otros"
"empresa_config","apps\erp-api\scripts\reencrypt-certs.ts","otros"
"empresa_config","apps\erp-api\scripts\reencrypt-certs.ts","otros"
"tenants","apps\erp-api\tests\e2e\ventas-e2e.test.ts","tests"
"clientes","apps\erp-api\tests\e2e\ventas-e2e.test.ts","tests"
"productos","apps\erp-api\tests\e2e\ventas-e2e.test.ts","tests"
"pedidos_venta","apps\erp-api\tests\e2e\ventas-e2e.test.ts","tests"
"tenants","apps\erp-api\tests\e2e\ventas-e2e.test.ts","tests"
"productos","apps\erp-api\tests\e2e\ventas-e2e.test.ts","tests"
"productos","apps\erp-api\tests\e2e\ventas-e2e.test.ts","tests"
"productos","apps\erp-api\tests\e2e\ventas-e2e.test.ts","tests"
"productos","apps\erp-api\tests\e2e\ventas-e2e.test.ts","tests"
"tenants","apps\erp-api\tests\e2e\ventas-e2e.test.ts","tests"
"tenants","apps\erp-api\tests\e2e\ventas-e2e.test.ts","tests"
"clientes","apps\erp-api\tests\e2e\ventas-e2e.test.ts","tests"
"clientes","apps\erp-api\tests\e2e\ventas-e2e.test.ts","tests"
"clientes","apps\erp-api\tests\e2e\ventas-e2e.test.ts","tests"
"clientes","apps\erp-api\tests\e2e\ventas-e2e.test.ts","tests"
"clientes","apps\erp-api\tests\e2e\ventas-e2e.test.ts","tests"
"clientes","apps\erp-api\tests\e2e\ventas-e2e.test.ts","tests"
"tenants","apps\erp-api\tests\e2e\ventas-e2e.test.ts","tests"
"tenants","apps\erp-api\tests\e2e\ventas-e2e.test.ts","tests"
"pedidos_venta_detalle","apps\erp-api\tests\e2e\ventas-e2e.test.ts","tests"
"pedidos_venta","apps\erp-api\tests\e2e\ventas-e2e.test.ts","tests"
"clientes","apps\erp-api\tests\e2e\ventas-e2e.test.ts","tests"
"productos","apps\erp-api\tests\e2e\ventas-e2e.test.ts","tests"
"tenants","apps\erp-api\tests\e2e\ventas-e2e.test.ts","tests"
"empleados","apps\erp-api\tests\e2e\rrhh-e2e.test.ts","tests"
"departamentos","apps\erp-api\tests\e2e\rrhh-e2e.test.ts","tests"
"contratos","apps\erp-api\tests\e2e\rrhh-e2e.test.ts","tests"
"asistencia","apps\erp-api\tests\e2e\rrhh-e2e.test.ts","tests"
"tenants","apps\erp-api\tests\e2e\rrhh-e2e.test.ts","tests"
"departamentos","apps\erp-api\tests\e2e\rrhh-e2e.test.ts","tests"
"tenants","apps\erp-api\tests\e2e\rrhh-e2e.test.ts","tests"
"departamentos","apps\erp-api\tests\e2e\rrhh-e2e.test.ts","tests"
"departamentos","apps\erp-api\tests\e2e\rrhh-e2e.test.ts","tests"
"tenants","apps\erp-api\tests\e2e\rrhh-e2e.test.ts","tests"
"tenants","apps\erp-api\tests\e2e\rrhh-e2e.test.ts","tests"
"empleados","apps\erp-api\tests\e2e\rrhh-e2e.test.ts","tests"
"departamentos","apps\erp-api\tests\e2e\rrhh-e2e.test.ts","tests"
"tenants","apps\erp-api\tests\e2e\rrhh-e2e.test.ts","tests"
"departamentos","apps\erp-api\tests\e2e\rrhh-e2e.test.ts","tests"
"empleados","apps\erp-api\tests\e2e\rrhh-e2e.test.ts","tests"
"empleados","apps\erp-api\tests\e2e\rrhh-e2e.test.ts","tests"
"departamentos","apps\erp-api\tests\e2e\rrhh-e2e.test.ts","tests"
"tenants","apps\erp-api\tests\e2e\rrhh-e2e.test.ts","tests"
"tenants","apps\erp-api\tests\e2e\rrhh-e2e.test.ts","tests"
"empleados","apps\erp-api\tests\e2e\rrhh-e2e.test.ts","tests"
"tenants","apps\erp-api\tests\e2e\rrhh-e2e.test.ts","tests"
"tenants","apps\erp-api\tests\e2e\rrhh-e2e.test.ts","tests"
"empleados","apps\erp-api\tests\e2e\rrhh-e2e.test.ts","tests"
"empleados","apps\erp-api\tests\e2e\rrhh-e2e.test.ts","tests"
"empleados","apps\erp-api\tests\e2e\rrhh-e2e.test.ts","tests"
"empleados","apps\erp-api\tests\e2e\rrhh-e2e.test.ts","tests"
"empleados","apps\erp-api\tests\e2e\rrhh-e2e.test.ts","tests"
"empleados","apps\erp-api\tests\e2e\rrhh-e2e.test.ts","tests"
"tenants","apps\erp-api\tests\e2e\rrhh-e2e.test.ts","tests"
"tenants","apps\erp-api\tests\e2e\rrhh-e2e.test.ts","tests"
"tenants","apps\erp-api\tests\e2e\rrhh-e2e.test.ts","tests"
"empleados","apps\erp-api\tests\e2e\rrhh-e2e.test.ts","tests"
"contratos","apps\erp-api\tests\e2e\rrhh-e2e.test.ts","tests"
"tenants","apps\erp-api\tests\e2e\rrhh-e2e.test.ts","tests"
"empleados","apps\erp-api\tests\e2e\rrhh-e2e.test.ts","tests"
"contratos","apps\erp-api\tests\e2e\rrhh-e2e.test.ts","tests"
"contratos","apps\erp-api\tests\e2e\rrhh-e2e.test.ts","tests"
"empleados","apps\erp-api\tests\e2e\rrhh-e2e.test.ts","tests"
"tenants","apps\erp-api\tests\e2e\rrhh-e2e.test.ts","tests"
"tenants","apps\erp-api\tests\e2e\rrhh-e2e.test.ts","tests"
"empleados","apps\erp-api\tests\e2e\rrhh-e2e.test.ts","tests"
"asistencia","apps\erp-api\tests\e2e\rrhh-e2e.test.ts","tests"
"tenants","apps\erp-api\tests\e2e\rrhh-e2e.test.ts","tests"
"empleados","apps\erp-api\tests\e2e\rrhh-e2e.test.ts","tests"
"asistencia","apps\erp-api\tests\e2e\rrhh-e2e.test.ts","tests"
"asistencia","apps\erp-api\tests\e2e\rrhh-e2e.test.ts","tests"
"empleados","apps\erp-api\tests\e2e\rrhh-e2e.test.ts","tests"
"tenants","apps\erp-api\tests\e2e\rrhh-e2e.test.ts","tests"
"tenants","apps\erp-api\tests\e2e\rrhh-e2e.test.ts","tests"
"empleados","apps\erp-api\tests\e2e\rrhh-e2e.test.ts","tests"
"solicitudes","apps\erp-api\tests\e2e\rrhh-e2e.test.ts","tests"
"tenants","apps\erp-api\tests\e2e\rrhh-e2e.test.ts","tests"
"empleados","apps\erp-api\tests\e2e\rrhh-e2e.test.ts","tests"
"solicitudes","apps\erp-api\tests\e2e\rrhh-e2e.test.ts","tests"
"solicitudes","apps\erp-api\tests\e2e\rrhh-e2e.test.ts","tests"
"empleados","apps\erp-api\tests\e2e\rrhh-e2e.test.ts","tests"
"tenants","apps\erp-api\tests\e2e\rrhh-e2e.test.ts","tests"
"tenants","apps\erp-api\tests\e2e\rrhh-e2e.test.ts","tests"
"empleados","apps\erp-api\tests\e2e\rrhh-e2e.test.ts","tests"
"contratos","apps\erp-api\tests\e2e\rrhh-e2e.test.ts","tests"
"tenants","apps\erp-api\tests\e2e\rrhh-e2e.test.ts","tests"
"empleados","apps\erp-api\tests\e2e\rrhh-e2e.test.ts","tests"
"contratos","apps\erp-api\tests\e2e\rrhh-e2e.test.ts","tests"
"contratos","apps\erp-api\tests\e2e\rrhh-e2e.test.ts","tests"
"empleados","apps\erp-api\tests\e2e\rrhh-e2e.test.ts","tests"
"tenants","apps\erp-api\tests\e2e\rrhh-e2e.test.ts","tests"
"tenants","apps\erp-api\tests\e2e\rls-anon-e2e.test.ts","tests"
"roles","apps\erp-api\tests\e2e\rls-anon-e2e.test.ts","tests"
"usuarios_sistema","apps\erp-api\tests\e2e\rls-anon-e2e.test.ts","tests"
"user_roles","apps\erp-api\tests\e2e\rls-anon-e2e.test.ts","tests"
"user_roles","apps\erp-api\tests\e2e\rls-anon-e2e.test.ts","tests"
"usuarios_sistema","apps\erp-api\tests\e2e\rls-anon-e2e.test.ts","tests"
"roles","apps\erp-api\tests\e2e\rls-anon-e2e.test.ts","tests"
"tenants","apps\erp-api\tests\e2e\rls-anon-e2e.test.ts","tests"
"ventas_pos","apps\erp-api\tests\e2e\pos-e2e.test.ts","tests"
"sesiones_caja","apps\erp-api\tests\e2e\pos-e2e.test.ts","tests"
"detalle_ventas_pos","apps\erp-api\tests\e2e\pos-e2e.test.ts","tests"
"metodos_pago","apps\erp-api\tests\e2e\pos-e2e.test.ts","tests"
"tenants","apps\erp-api\tests\e2e\pos-e2e.test.ts","tests"
"sesiones_caja","apps\erp-api\tests\e2e\pos-e2e.test.ts","tests"
"tenants","apps\erp-api\tests\e2e\pos-e2e.test.ts","tests"
"sesiones_caja","apps\erp-api\tests\e2e\pos-e2e.test.ts","tests"
"sesiones_caja","apps\erp-api\tests\e2e\pos-e2e.test.ts","tests"
"tenants","apps\erp-api\tests\e2e\pos-e2e.test.ts","tests"
"tenants","apps\erp-api\tests\e2e\pos-e2e.test.ts","tests"
"ventas_pos","apps\erp-api\tests\e2e\pos-e2e.test.ts","tests"
"tenants","apps\erp-api\tests\e2e\pos-e2e.test.ts","tests"
"ventas_pos","apps\erp-api\tests\e2e\pos-e2e.test.ts","tests"
"ventas_pos","apps\erp-api\tests\e2e\pos-e2e.test.ts","tests"
"tenants","apps\erp-api\tests\e2e\pos-e2e.test.ts","tests"
"tenants","apps\erp-api\tests\e2e\pos-e2e.test.ts","tests"
"ventas_pos","apps\erp-api\tests\e2e\pos-e2e.test.ts","tests"
"tenants","apps\erp-api\tests\e2e\pos-e2e.test.ts","tests"
"tenants","apps\erp-api\tests\e2e\pos-e2e.test.ts","tests"
"ventas_pos","apps\erp-api\tests\e2e\pos-e2e.test.ts","tests"
"ventas_pos","apps\erp-api\tests\e2e\pos-e2e.test.ts","tests"
"ventas_pos","apps\erp-api\tests\e2e\pos-e2e.test.ts","tests"
"ventas_pos","apps\erp-api\tests\e2e\pos-e2e.test.ts","tests"
"ventas_pos","apps\erp-api\tests\e2e\pos-e2e.test.ts","tests"
"ventas_pos","apps\erp-api\tests\e2e\pos-e2e.test.ts","tests"
"tenants","apps\erp-api\tests\e2e\pos-e2e.test.ts","tests"
"tenants","apps\erp-api\tests\e2e\pos-e2e.test.ts","tests"
"tenants","apps\erp-api\tests\e2e\pos-e2e.test.ts","tests"
"metodos_pago","apps\erp-api\tests\e2e\pos-e2e.test.ts","tests"
"tenants","apps\erp-api\tests\e2e\pos-e2e.test.ts","tests"
"metodos_pago","apps\erp-api\tests\e2e\pos-e2e.test.ts","tests"
"metodos_pago","apps\erp-api\tests\e2e\pos-e2e.test.ts","tests"
"tenants","apps\erp-api\tests\e2e\pos-e2e.test.ts","tests"
"tenants","apps\erp-api\tests\e2e\pos-e2e.test.ts","tests"
"sesiones_caja","apps\erp-api\tests\e2e\pos-e2e.test.ts","tests"
"tenants","apps\erp-api\tests\e2e\pos-e2e.test.ts","tests"
"sesiones_caja","apps\erp-api\tests\e2e\pos-e2e.test.ts","tests"
"sesiones_caja","apps\erp-api\tests\e2e\pos-e2e.test.ts","tests"
"sesiones_caja","apps\erp-api\tests\e2e\pos-e2e.test.ts","tests"
"tenants","apps\erp-api\tests\e2e\pos-e2e.test.ts","tests"
"tenants","apps\erp-api\tests\e2e\pos-e2e.test.ts","tests"
"ventas_pos","apps\erp-api\tests\e2e\pos-e2e.test.ts","tests"
"tenants","apps\erp-api\tests\e2e\pos-e2e.test.ts","tests"
"ventas_pos","apps\erp-api\tests\e2e\pos-e2e.test.ts","tests"
"ventas_pos","apps\erp-api\tests\e2e\pos-e2e.test.ts","tests"
"tenants","apps\erp-api\tests\e2e\pos-e2e.test.ts","tests"
"tenants","apps\erp-api\tests\e2e\pos-e2e.test.ts","tests"
"ventas_pos","apps\erp-api\tests\e2e\pos-e2e.test.ts","tests"
"tenants","apps\erp-api\tests\e2e\pos-e2e.test.ts","tests"
"ventas_pos","apps\erp-api\tests\e2e\pos-e2e.test.ts","tests"
"ventas_pos","apps\erp-api\tests\e2e\pos-e2e.test.ts","tests"
"tenants","apps\erp-api\tests\e2e\pos-e2e.test.ts","tests"
"tenants","apps\erp-api\tests\e2e\outbox-e2e.test.ts","tests"
"outbox_events","apps\erp-api\tests\e2e\outbox-e2e.test.ts","tests"
"tenants","apps\erp-api\tests\e2e\outbox-e2e.test.ts","tests"
"outbox_events","apps\erp-api\tests\e2e\outbox-e2e.test.ts","tests"
"productos","apps\erp-api\tests\e2e\inventario-e2e.test.ts","tests"
"movimientos_inventario","apps\erp-api\tests\e2e\inventario-e2e.test.ts","tests"
"almacenes","apps\erp-api\tests\e2e\inventario-e2e.test.ts","tests"
"tenants","apps\erp-api\tests\e2e\inventario-e2e.test.ts","tests"
"productos","apps\erp-api\tests\e2e\inventario-e2e.test.ts","tests"
"productos","apps\erp-api\tests\e2e\inventario-e2e.test.ts","tests"
"productos","apps\erp-api\tests\e2e\inventario-e2e.test.ts","tests"
"productos","apps\erp-api\tests\e2e\inventario-e2e.test.ts","tests"
"tenants","apps\erp-api\tests\e2e\inventario-e2e.test.ts","tests"
"tenants","apps\erp-api\tests\e2e\inventario-e2e.test.ts","tests"
"productos","apps\erp-api\tests\e2e\inventario-e2e.test.ts","tests"
"movimientos_inventario","apps\erp-api\tests\e2e\inventario-e2e.test.ts","tests"
"movimientos_inventario","apps\erp-api\tests\e2e\inventario-e2e.test.ts","tests"
"movimientos_inventario","apps\erp-api\tests\e2e\inventario-e2e.test.ts","tests"
"movimientos_inventario","apps\erp-api\tests\e2e\inventario-e2e.test.ts","tests"
"movimientos_inventario","apps\erp-api\tests\e2e\inventario-e2e.test.ts","tests"
"productos","apps\erp-api\tests\e2e\inventario-e2e.test.ts","tests"
"productos","apps\erp-api\tests\e2e\inventario-e2e.test.ts","tests"
"tenants","apps\erp-api\tests\e2e\inventario-e2e.test.ts","tests"
"tenants","apps\erp-api\tests\e2e\inventario-e2e.test.ts","tests"
"tenants","apps\erp-api\tests\e2e\inventario-e2e.test.ts","tests"
"productos","apps\erp-api\tests\e2e\inventario-e2e.test.ts","tests"
"productos","apps\erp-api\tests\e2e\inventario-e2e.test.ts","tests"
"productos","apps\erp-api\tests\e2e\inventario-e2e.test.ts","tests"
"tenants","apps\erp-api\tests\e2e\inventario-e2e.test.ts","tests"
"tenants","apps\erp-api\tests\e2e\inventario-e2e.test.ts","tests"
"productos","apps\erp-api\tests\e2e\inventario-e2e.test.ts","tests"
"productos","apps\erp-api\tests\e2e\inventario-e2e.test.ts","tests"
"tenants","apps\erp-api\tests\e2e\inventario-e2e.test.ts","tests"
"productos","apps\erp-api\tests\e2e\inventario-e2e.test.ts","tests"
"movimientos_inventario","apps\erp-api\tests\e2e\inventario-e2e.test.ts","tests"
"productos","apps\erp-api\tests\e2e\inventario-e2e.test.ts","tests"
"tenants","apps\erp-api\tests\e2e\inventario-e2e.test.ts","tests"
"tenants","apps\erp-api\tests\e2e\inventario-e2e.test.ts","tests"
"productos","apps\erp-api\tests\e2e\inventario-e2e.test.ts","tests"
"productos","apps\erp-api\tests\e2e\inventario-e2e.test.ts","tests"
"productos","apps\erp-api\tests\e2e\inventario-e2e.test.ts","tests"
"tenants","apps\erp-api\tests\e2e\inventario-e2e.test.ts","tests"
"tenants","apps\erp-api\tests\e2e\inventario-e2e.test.ts","tests"
"almacenes","apps\erp-api\tests\e2e\inventario-e2e.test.ts","tests"
"productos","apps\erp-api\tests\e2e\inventario-e2e.test.ts","tests"
"productos","apps\erp-api\tests\e2e\inventario-e2e.test.ts","tests"
"productos","apps\erp-api\tests\e2e\inventario-e2e.test.ts","tests"
"movimientos_inventario","apps\erp-api\tests\e2e\inventario-e2e.test.ts","tests"
"producto_existencias","apps\erp-api\tests\e2e\inventario-e2e.test.ts","tests"
"productos","apps\erp-api\tests\e2e\inventario-e2e.test.ts","tests"
"almacenes","apps\erp-api\tests\e2e\inventario-e2e.test.ts","tests"
"tenants","apps\erp-api\tests\e2e\inventario-e2e.test.ts","tests"
"tenants","apps\erp-api\tests\e2e\inventario-e2e.test.ts","tests"
"almacenes","apps\erp-api\tests\e2e\inventario-e2e.test.ts","tests"
"productos","apps\erp-api\tests\e2e\inventario-e2e.test.ts","tests"
"productos","apps\erp-api\tests\e2e\inventario-e2e.test.ts","tests"
"producto_existencias","apps\erp-api\tests\e2e\inventario-e2e.test.ts","tests"
"movimientos_inventario","apps\erp-api\tests\e2e\inventario-e2e.test.ts","tests"
"producto_existencias","apps\erp-api\tests\e2e\inventario-e2e.test.ts","tests"
"productos","apps\erp-api\tests\e2e\inventario-e2e.test.ts","tests"
"almacenes","apps\erp-api\tests\e2e\inventario-e2e.test.ts","tests"
"tenants","apps\erp-api\tests\e2e\inventario-e2e.test.ts","tests"
"cpe","apps\erp-api\tests\e2e\cpe-e2e.test.ts","tests"
"tenants","apps\erp-api\tests\e2e\cpe-e2e.test.ts","tests"
"cpe","apps\erp-api\tests\e2e\cpe-e2e.test.ts","tests"
"cpe","apps\erp-api\tests\e2e\cpe-e2e.test.ts","tests"
"cpe","apps\erp-api\tests\e2e\cpe-e2e.test.ts","tests"
"tenants","apps\erp-api\tests\e2e\cpe-e2e.test.ts","tests"
"tenants","apps\erp-api\tests\e2e\cpe-e2e.test.ts","tests"
"cpe","apps\erp-api\tests\e2e\cpe-e2e.test.ts","tests"
"cpe","apps\erp-api\tests\e2e\cpe-e2e.test.ts","tests"
"cpe","apps\erp-api\tests\e2e\cpe-e2e.test.ts","tests"
"cpe","apps\erp-api\tests\e2e\cpe-e2e.test.ts","tests"
"cpe","apps\erp-api\tests\e2e\cpe-e2e.test.ts","tests"
"cpe","apps\erp-api\tests\e2e\cpe-e2e.test.ts","tests"
"tenants","apps\erp-api\tests\e2e\cpe-e2e.test.ts","tests"
"tenants","apps\erp-api\tests\e2e\cpe-e2e.test.ts","tests"
"tenants","apps\erp-api\tests\e2e\cpe-e2e.test.ts","tests"
"cpe","apps\erp-api\tests\e2e\cpe-e2e.test.ts","tests"
"cpe","apps\erp-api\tests\e2e\cpe-e2e.test.ts","tests"
"tenants","apps\erp-api\tests\e2e\cpe-e2e.test.ts","tests"
"tenants","apps\erp-api\tests\e2e\cpe-e2e.test.ts","tests"
"cpe","apps\erp-api\tests\e2e\cpe-e2e.test.ts","tests"
"cpe","apps\erp-api\tests\e2e\cpe-e2e.test.ts","tests"
"tenants","apps\erp-api\tests\e2e\cpe-e2e.test.ts","tests"
"vw_cpe_documentos_auditoria","apps\erp-api\tests\e2e\cpe-e2e.test.ts","tests"
"proveedores","apps\erp-api\tests\e2e\compras-e2e.test.ts","tests"
"ordenes_compra","apps\erp-api\tests\e2e\compras-e2e.test.ts","tests"
"cotizaciones_compra","apps\erp-api\tests\e2e\compras-e2e.test.ts","tests"
"recepciones","apps\erp-api\tests\e2e\compras-e2e.test.ts","tests"
"tenants","apps\erp-api\tests\e2e\compras-e2e.test.ts","tests"
"proveedores","apps\erp-api\tests\e2e\compras-e2e.test.ts","tests"
"proveedores","apps\erp-api\tests\e2e\compras-e2e.test.ts","tests"
"tenants","apps\erp-api\tests\e2e\compras-e2e.test.ts","tests"
"tenants","apps\erp-api\tests\e2e\compras-e2e.test.ts","tests"
"proveedores","apps\erp-api\tests\e2e\compras-e2e.test.ts","tests"
"proveedores","apps\erp-api\tests\e2e\compras-e2e.test.ts","tests"
"proveedores","apps\erp-api\tests\e2e\compras-e2e.test.ts","tests"
"proveedores","apps\erp-api\tests\e2e\compras-e2e.test.ts","tests"
"proveedores","apps\erp-api\tests\e2e\compras-e2e.test.ts","tests"
"proveedores","apps\erp-api\tests\e2e\compras-e2e.test.ts","tests"
"tenants","apps\erp-api\tests\e2e\compras-e2e.test.ts","tests"
"tenants","apps\erp-api\tests\e2e\compras-e2e.test.ts","tests"
"tenants","apps\erp-api\tests\e2e\compras-e2e.test.ts","tests"
"proveedores","apps\erp-api\tests\e2e\compras-e2e.test.ts","tests"
"productos","apps\erp-api\tests\e2e\compras-e2e.test.ts","tests"
"ordenes_compra","apps\erp-api\tests\e2e\compras-e2e.test.ts","tests"
"orden_compra_detalles","apps\erp-api\tests\e2e\compras-e2e.test.ts","tests"
"ordenes_compra","apps\erp-api\tests\e2e\compras-e2e.test.ts","tests"
"orden_compra_detalles","apps\erp-api\tests\e2e\compras-e2e.test.ts","tests"
"ordenes_compra","apps\erp-api\tests\e2e\compras-e2e.test.ts","tests"
"productos","apps\erp-api\tests\e2e\compras-e2e.test.ts","tests"
"proveedores","apps\erp-api\tests\e2e\compras-e2e.test.ts","tests"
"tenants","apps\erp-api\tests\e2e\compras-e2e.test.ts","tests"
"tenants","apps\erp-api\tests\e2e\compras-e2e.test.ts","tests"
"proveedores","apps\erp-api\tests\e2e\compras-e2e.test.ts","tests"
"ordenes_compra","apps\erp-api\tests\e2e\compras-e2e.test.ts","tests"
"ordenes_compra","apps\erp-api\tests\e2e\compras-e2e.test.ts","tests"
"proveedores","apps\erp-api\tests\e2e\compras-e2e.test.ts","tests"
"tenants","apps\erp-api\tests\e2e\compras-e2e.test.ts","tests"
"tenants","apps\erp-api\tests\e2e\compras-e2e.test.ts","tests"
"proveedores","apps\erp-api\tests\e2e\compras-e2e.test.ts","tests"
"proveedores","apps\erp-api\tests\e2e\compras-e2e.test.ts","tests"
"tenants","apps\erp-api\tests\e2e\compras-e2e.test.ts","tests"
"tenants","apps\erp-api\tests\e2e\compras-e2e.test.ts","tests"
"ordenes_compra","apps\erp-api\tests\e2e\compras-e2e.test.ts","tests"
"ordenes_compra","apps\erp-api\tests\e2e\compras-e2e.test.ts","tests"
"ordenes_compra","apps\erp-api\tests\e2e\compras-e2e.test.ts","tests"
"tenants","apps\erp-api\tests\e2e\compras-e2e.test.ts","tests"
"cuentas_por_cobrar","apps\erp-api\tests\e2e\finanzas-e2e.test.ts","tests"
"cuentas_por_pagar","apps\erp-api\tests\e2e\finanzas-e2e.test.ts","tests"
"cuentas_bancarias","apps\erp-api\tests\e2e\finanzas-e2e.test.ts","tests"
"movimientos_bancarios","apps\erp-api\tests\e2e\finanzas-e2e.test.ts","tests"
"tenants","apps\erp-api\tests\e2e\finanzas-e2e.test.ts","tests"
"clientes","apps\erp-api\tests\e2e\finanzas-e2e.test.ts","tests"
"cuentas_por_cobrar","apps\erp-api\tests\e2e\finanzas-e2e.test.ts","tests"
"cuentas_por_cobrar","apps\erp-api\tests\e2e\finanzas-e2e.test.ts","tests"
"clientes","apps\erp-api\tests\e2e\finanzas-e2e.test.ts","tests"
"tenants","apps\erp-api\tests\e2e\finanzas-e2e.test.ts","tests"
"tenants","apps\erp-api\tests\e2e\finanzas-e2e.test.ts","tests"
"proveedores","apps\erp-api\tests\e2e\finanzas-e2e.test.ts","tests"
"cuentas_por_pagar","apps\erp-api\tests\e2e\finanzas-e2e.test.ts","tests"
"cuentas_por_pagar","apps\erp-api\tests\e2e\finanzas-e2e.test.ts","tests"
"proveedores","apps\erp-api\tests\e2e\finanzas-e2e.test.ts","tests"
"tenants","apps\erp-api\tests\e2e\finanzas-e2e.test.ts","tests"
"tenants","apps\erp-api\tests\e2e\finanzas-e2e.test.ts","tests"
"clientes","apps\erp-api\tests\e2e\finanzas-e2e.test.ts","tests"
"cuentas_por_cobrar","apps\erp-api\tests\e2e\finanzas-e2e.test.ts","tests"
"cuentas_por_cobrar","apps\erp-api\tests\e2e\finanzas-e2e.test.ts","tests"
"cuentas_por_cobrar","apps\erp-api\tests\e2e\finanzas-e2e.test.ts","tests"
"cuentas_por_cobrar","apps\erp-api\tests\e2e\finanzas-e2e.test.ts","tests"
"cuentas_por_cobrar","apps\erp-api\tests\e2e\finanzas-e2e.test.ts","tests"
"cuentas_por_cobrar","apps\erp-api\tests\e2e\finanzas-e2e.test.ts","tests"
"clientes","apps\erp-api\tests\e2e\finanzas-e2e.test.ts","tests"
"clientes","apps\erp-api\tests\e2e\finanzas-e2e.test.ts","tests"
"tenants","apps\erp-api\tests\e2e\finanzas-e2e.test.ts","tests"
"tenants","apps\erp-api\tests\e2e\finanzas-e2e.test.ts","tests"
"tenants","apps\erp-api\tests\e2e\finanzas-e2e.test.ts","tests"
"cuentas_bancarias","apps\erp-api\tests\e2e\finanzas-e2e.test.ts","tests"
"cuentas_bancarias","apps\erp-api\tests\e2e\finanzas-e2e.test.ts","tests"
"tenants","apps\erp-api\tests\e2e\finanzas-e2e.test.ts","tests"
"tenants","apps\erp-api\tests\e2e\finanzas-e2e.test.ts","tests"
"cuentas_bancarias","apps\erp-api\tests\e2e\finanzas-e2e.test.ts","tests"
"cuentas_bancarias","apps\erp-api\tests\e2e\finanzas-e2e.test.ts","tests"
"cuentas_bancarias","apps\erp-api\tests\e2e\finanzas-e2e.test.ts","tests"
"cuentas_bancarias","apps\erp-api\tests\e2e\finanzas-e2e.test.ts","tests"
"tenants","apps\erp-api\tests\e2e\finanzas-e2e.test.ts","tests"
"tenants","apps\erp-api\tests\e2e\finanzas-e2e.test.ts","tests"
"clientes","apps\erp-api\tests\e2e\finanzas-e2e.test.ts","tests"
"cuentas_por_cobrar","apps\erp-api\tests\e2e\finanzas-e2e.test.ts","tests"
"cuentas_por_cobrar","apps\erp-api\tests\e2e\finanzas-e2e.test.ts","tests"
"clientes","apps\erp-api\tests\e2e\finanzas-e2e.test.ts","tests"
"tenants","apps\erp-api\tests\e2e\finanzas-e2e.test.ts","tests"
"tenants","apps\erp-api\tests\e2e\finanzas-e2e.test.ts","tests"
"clientes","apps\erp-api\tests\e2e\finanzas-e2e.test.ts","tests"
"cuentas_por_cobrar","apps\erp-api\tests\e2e\finanzas-e2e.test.ts","tests"
"cuentas_por_cobrar","apps\erp-api\tests\e2e\finanzas-e2e.test.ts","tests"
"clientes","apps\erp-api\tests\e2e\finanzas-e2e.test.ts","tests"
"tenants","apps\erp-api\tests\e2e\finanzas-e2e.test.ts","tests"
"profiles","apps\erp-api\src\app.controller.ts","otros"
"tenants","apps\erp-api\tests\e2e\helpers\supabase-test-client.ts","tests"
"clientes","apps\erp-api\tests\e2e\helpers\supabase-test-client.ts","tests"
"productos","apps\erp-api\tests\e2e\helpers\supabase-test-client.ts","tests"
"pedidos_venta_detalle","apps\erp-api\tests\e2e\helpers\supabase-test-client.ts","tests"
"pedidos_venta","apps\erp-api\tests\e2e\helpers\supabase-test-client.ts","tests"
"pedidos_venta","apps\erp-api\tests\e2e\helpers\supabase-test-client.ts","tests"
"clientes","apps\erp-api\tests\e2e\helpers\supabase-test-client.ts","tests"
"productos","apps\erp-api\tests\e2e\helpers\supabase-test-client.ts","tests"
"tenants","apps\erp-api\tests\e2e\helpers\supabase-test-client.ts","tests"
"tenants","apps\erp-api\tests\e2e\helpers\supabase-test-client.ts","tests"
"empresa_config","apps\erp-api\src\shared\utils\tax-calculator.ts","shared"
"configuracion_fiscal","apps\erp-api\src\shared\utils\tax-calculator.ts","shared"
"rma_solicitudes","apps\erp-api\src\modules\ventas\rma\rma.service.ts","ventas"
"rma_solicitudes","apps\erp-api\src\modules\ventas\rma\rma.service.ts","ventas"
"rma_items","apps\erp-api\src\modules\ventas\rma\rma.service.ts","ventas"
"rma_solicitudes","apps\erp-api\src\modules\ventas\rma\rma.service.ts","ventas"
"rma_items","apps\erp-api\src\modules\ventas\rma\rma.service.ts","ventas"
"rma_solicitudes","apps\erp-api\src\modules\ventas\rma\rma.service.ts","ventas"
"rma_solicitudes","apps\erp-api\src\modules\ventas\rma\rma.service.ts","ventas"
"pedidos_venta","apps\erp-api\src\modules\ventas\rma\rma.service.ts","ventas"
"empresa_config","apps\erp-api\src\modules\ventas\rma\rma.service.ts","ventas"
"rma_solicitudes","apps\erp-api\src\modules\ventas\rma\rma.service.ts","ventas"
"rma_eventos","apps\erp-api\src\modules\ventas\rma\rma.service.ts","ventas"
"rma_solicitudes","apps\erp-api\src\modules\ventas\rma\rma.service.ts","ventas"
"empresa_config","apps\erp-api\src\modules\ventas\rma\rma.service.ts","ventas"
"pedidos_venta","apps\erp-api\src\modules\ventas\rma\rma.service.ts","ventas"
"almacen_ubicaciones","apps\erp-api\src\modules\ventas\rma\rma.service.ts","ventas"
"ventas","apps\erp-api\src\modules\reports.controller.ts","otros"
"ventas","apps\erp-api\src\modules\reports.controller.ts","otros"
"productos","apps\erp-api\src\modules\reports.controller.ts","otros"
"cuentas_por_pagar","apps\erp-api\src\modules\finanzas\tesoreria\tesoreria.service.ts","finanzas"
"cuentas_bancarias","apps\erp-api\src\modules\finanzas\tesoreria\tesoreria.service.ts","finanzas"
"cuentas_por_pagar","apps\erp-api\src\modules\finanzas\tesoreria\tesoreria.service.ts","finanzas"
"movimientos_bancarios","apps\erp-api\src\modules\finanzas\tesoreria\tesoreria.service.ts","finanzas"
"cuentas_por_pagar","apps\erp-api\src\modules\finanzas\tesoreria\tesoreria.service.ts","finanzas"
"cuentas_bancarias","apps\erp-api\src\modules\finanzas\tesoreria\tesoreria.service.ts","finanzas"
"movimientos_bancarios","apps\erp-api\src\modules\finanzas\tesoreria\tesoreria.service.ts","finanzas"
"cuentas_por_pagar","apps\erp-api\src\modules\finanzas\tesoreria\tesoreria.service.ts","finanzas"
"movimientos_bancarios","apps\erp-api\src\modules\finanzas\tesoreria\tesoreria.service.ts","finanzas"
"cuentas_por_pagar","apps\erp-api\src\modules\finanzas\tesoreria\tesoreria.service.ts","finanzas"
"cuentas_por_pagar","apps\erp-api\src\modules\finanzas\tesoreria\tesoreria.service.ts","finanzas"
"cuentas_bancarias","apps\erp-api\src\modules\finanzas\tesoreria\tesoreria.service.ts","finanzas"
"cuentas_por_pagar","apps\erp-api\src\modules\finanzas\tesoreria\tesoreria.service.ts","finanzas"
"cuentas_por_cobrar","apps\erp-api\src\modules\finanzas\tesoreria\tesoreria.service.ts","finanzas"
"pedidos_venta","apps\erp-api\src\modules\ventas\reportes\reportes.service.ts","ventas"
"cotizaciones","apps\erp-api\src\modules\ventas\reportes\reportes.service.ts","ventas"
"pedidos_venta","apps\erp-api\src\modules\ventas\reportes\reportes.service.ts","ventas"
"pedidos_venta_detalle","apps\erp-api\src\modules\ventas\reportes\reportes.service.ts","ventas"
"pedidos_venta","apps\erp-api\src\modules\ventas\reportes\reportes.service.ts","ventas"
"pedidos_venta","apps\erp-api\src\modules\ventas\reportes\reportes.service.ts","ventas"
"cotizaciones","apps\erp-api\src\modules\ventas\reportes\reportes.service.ts","ventas"
"pedidos_venta","apps\erp-api\src\modules\ventas\reportes\reportes.service.ts","ventas"
"documentos","apps\erp-api\src\modules\ventas\reportes\reportes.service.ts","ventas"
"pedidos_venta","apps\erp-api\src\modules\ventas\reportes\reportes.service.ts","ventas"
"pedidos_venta_detalle","apps\erp-api\src\modules\ventas\reportes\reportes.service.ts","ventas"
"movimientos_inventario","apps\erp-api\src\modules\ventas\reportes\reportes.service.ts","ventas"
"pedido_backorders","apps\erp-api\src\modules\ventas\reportes\reportes.service.ts","ventas"
"cuentas_por_cobrar","apps\erp-api\src\modules\ventas\reportes\reportes.service.ts","ventas"
"v_kpis_sunat_multitenant","apps\erp-api\src\modules\ventas\reportes\reportes.service.ts","ventas"
"documentos","apps\erp-api\src\modules\ventas\reportes\reportes.service.ts","ventas"
"empresa_config","apps\erp-api\src\modules\ventas\reportes\reportes.service.ts","ventas"
"clientes","apps\erp-api\src\modules\ventas\pedidos\pedidos.service.ts","ventas"
"pedidos_venta","apps\erp-api\src\modules\ventas\pedidos\pedidos.service.ts","ventas"
"pedidos_venta","apps\erp-api\src\modules\ventas\pedidos\pedidos.service.ts","ventas"
"pedido_aprobaciones","apps\erp-api\src\modules\ventas\pedidos\pedidos.service.ts","ventas"
"usuarios_sistema","apps\erp-api\src\modules\ventas\pedidos\pedidos.service.ts","ventas"
"pedidos_venta","apps\erp-api\src\modules\ventas\pedidos\pedidos.service.ts","ventas"
"pedidos_venta","apps\erp-api\src\modules\ventas\pedidos\pedidos.service.ts","ventas"
"pedidos_venta_detalle","apps\erp-api\src\modules\ventas\pedidos\pedidos.service.ts","ventas"
"pedidos_venta_detalle","apps\erp-api\src\modules\ventas\pedidos\pedidos.service.ts","ventas"
"pedidos_venta_detalle","apps\erp-api\src\modules\ventas\pedidos\pedidos.service.ts","ventas"
"pedidos_venta","apps\erp-api\src\modules\ventas\pedidos\pedidos.service.ts","ventas"
"pedidos_venta","apps\erp-api\src\modules\ventas\pedidos\pedidos.service.ts","ventas"
"empresa_config","apps\erp-api\src\modules\ventas\pedidos\pedidos.service.ts","ventas"
"clientes","apps\erp-api\src\modules\ventas\pedidos\pedidos.service.ts","ventas"
"cuentas_por_cobrar","apps\erp-api\src\modules\ventas\pedidos\pedidos.service.ts","ventas"
"pedidos_venta","apps\erp-api\src\modules\ventas\pedidos\pedidos.service.ts","ventas"
"pedido_aprobaciones","apps\erp-api\src\modules\ventas\pedidos\pedidos.service.ts","ventas"
"movimientos_inventario","apps\erp-api\src\modules\ventas\pedidos\pedidos.service.ts","ventas"
"movimientos_inventario","apps\erp-api\src\modules\ventas\pedidos\pedidos.service.ts","ventas"
"movimientos_inventario","apps\erp-api\src\modules\ventas\pedidos\pedidos.service.ts","ventas"
"pedidos_venta","apps\erp-api\src\modules\ventas\pedidos\pedidos.service.ts","ventas"
"movimientos_inventario","apps\erp-api\src\modules\ventas\pedidos\pedidos.service.ts","ventas"
"movimientos_inventario","apps\erp-api\src\modules\ventas\pedidos\pedidos.service.ts","ventas"
"pedidos_venta_detalle","apps\erp-api\src\modules\ventas\pedidos\pedidos.service.ts","ventas"
"pedido_backorders","apps\erp-api\src\modules\ventas\pedidos\pedidos.service.ts","ventas"
"pedidos_venta","apps\erp-api\src\modules\ventas\pedidos\pedidos.service.ts","ventas"
"empresa_config","apps\erp-api\src\modules\ventas\pedidos\pedidos.service.ts","ventas"
"movimientos_inventario","apps\erp-api\src\modules\ventas\pedidos\pedidos.service.ts","ventas"
"movimientos_inventario","apps\erp-api\src\modules\ventas\pedidos\pedidos.service.ts","ventas"
"pedidos_venta_detalle","apps\erp-api\src\modules\ventas\pedidos\pedidos.service.ts","ventas"
"pedido_backorders","apps\erp-api\src\modules\ventas\pedidos\pedidos.service.ts","ventas"
"pedidos_venta","apps\erp-api\src\modules\ventas\pedidos\pedidos.service.ts","ventas"
"pedidos_venta_detalle","apps\erp-api\src\modules\ventas\pedidos\pedidos.service.ts","ventas"
"productos","apps\erp-api\src\modules\ventas\pedidos\pedidos.service.ts","ventas"
"pedidos_venta","apps\erp-api\src\modules\ventas\pedidos\pedidos.service.ts","ventas"
"pedido_gres","apps\erp-api\src\modules\ventas\pedidos\pedidos.service.ts","ventas"
"movimientos_inventario","apps\erp-api\src\modules\ventas\pedidos\pedidos.service.ts","ventas"
"empresa_config","apps\erp-api\src\modules\ventas\pedidos\pedidos.service.ts","ventas"
"documento_series","apps\erp-api\src\modules\ventas\pedidos\pedidos.service.ts","ventas"
"clientes","apps\erp-api\src\modules\ventas\pedidos\pedidos.service.ts","ventas"
"documentos","apps\erp-api\src\modules\ventas\pedidos\pedidos.service.ts","ventas"
"documento_detalles","apps\erp-api\src\modules\ventas\pedidos\pedidos.service.ts","ventas"
"documentos","apps\erp-api\src\modules\ventas\pedidos\pedidos.service.ts","ventas"
"cpe","apps\erp-api\src\modules\ventas\pedidos\pedidos.service.ts","ventas"
"cuentas_por_cobrar","apps\erp-api\src\modules\ventas\pedidos\pedidos.service.ts","ventas"
"pedidos_venta","apps\erp-api\src\modules\ventas\pedidos\pedidos.service.ts","ventas"
"empresa_config","apps\erp-api\src\modules\ventas\pedidos\gre-integration.service.ts","ventas"
"clientes","apps\erp-api\src\modules\ventas\pedidos\gre-integration.service.ts","ventas"
"empresa_config","apps\erp-api\src\modules\ventas\pedidos\gre-integration.service.ts","ventas"
"usuarios","apps\web\app\api\help\sugerencias\route.ts","web"
"vw_eventos_pos_sospechosos","apps\erp-api\src\modules\pos\services\pos-audit.service.ts","pos"
"tenants","apps\erp-api\src\modules\pos\pos.worker.scheduler.ts","pos"
"metodos_pago","apps\erp-api\src\modules\pos\pos.service.ts","pos"
"vista_pos_productos","apps\erp-api\src\modules\pos\pos.service.ts","pos"
"clientes","apps\erp-api\src\modules\pos\pos.service.ts","pos"
"metodos_pago","apps\erp-api\src\modules\pos\pos.service.ts","pos"
"empresa_config","apps\erp-api\src\modules\pos\pos.service.ts","pos"
"sesiones_caja","apps\erp-api\src\modules\pos\pos.service.ts","pos"
"sesiones_caja","apps\erp-api\src\modules\pos\pos.service.ts","pos"
"ventas_pos","apps\erp-api\src\modules\pos\pos.service.ts","pos"
"outbox_events","apps\erp-api\src\modules\pos\pos.service.ts","pos"
"ventas_pos","apps\erp-api\src\modules\pos\pos.service.ts","pos"
"empresa_config","apps\erp-api\src\modules\pos\pos.service.ts","pos"
"sesiones_caja","apps\erp-api\src\modules\pos\pos.service.ts","pos"
"outbox_events","apps\erp-api\src\modules\pos\pos.service.ts","pos"
"movimientos_caja","apps\erp-api\src\modules\pos\pos.service.ts","pos"
"empresa_config","apps\erp-api\src\modules\pos\pos.service.ts","pos"
"clientes","apps\erp-api\src\modules\pos\pos.service.ts","pos"
"clientes","apps\erp-api\src\modules\pos\pos.service.ts","pos"
"clientes","apps\erp-api\src\modules\pos\pos.service.ts","pos"
"empresa_config","apps\erp-api\src\modules\pos\pos.service.ts","pos"
"cuentas_por_cobrar","apps\erp-api\src\modules\pos\pos.service.ts","pos"
"empresa_config","apps\erp-api\src\modules\pos\pos.service.ts","pos"
"sesiones_caja","apps\erp-api\src\modules\pos\pos.service.ts","pos"
"detalle_ventas_pos","apps\erp-api\src\modules\pos\pos.service.ts","pos"
"empresa_config","apps\erp-api\src\modules\pos\pos.service.ts","pos"
"ventas_pos","apps\erp-api\src\modules\pos\pos.service.ts","pos"
"ventas_pos","apps\erp-api\src\modules\pos\pos.service.ts","pos"
"ventas_pos","apps\erp-api\src\modules\pos\pos.service.ts","pos"
"ventas_pos","apps\erp-api\src\modules\pos\pos.service.ts","pos"
"ventas_pos","apps\erp-api\src\modules\pos\pos.service.ts","pos"
"ventas_pos","apps\erp-api\src\modules\pos\pos.service.ts","pos"
"ventas_pos","apps\erp-api\src\modules\pos\pos.service.ts","pos"
"ventas_pos","apps\erp-api\src\modules\pos\pos.service.ts","pos"
"ventas_pos","apps\erp-api\src\modules\pos\pos.service.ts","pos"
"detalle_ventas_pos","apps\erp-api\src\modules\pos\pos.service.ts","pos"
"ventas_pos","apps\erp-api\src\modules\pos\pos.service.ts","pos"
"clientes","apps\erp-api\src\modules\finanzas\shared\retenciones-validation.service.ts","finanzas"
"empresa_config","apps\erp-api\src\modules\finanzas\shared\retenciones-validation.service.ts","finanzas"
"usuarios","apps\web\app\api\help\search\route.ts","web"
"roles","apps\erp-api\src\modules\permissions\role.service.ts","otros"
"roles","apps\erp-api\src\modules\permissions\role.service.ts","otros"
"roles","apps\erp-api\src\modules\permissions\role.service.ts","otros"
"roles","apps\erp-api\src\modules\permissions\role.service.ts","otros"
"roles","apps\erp-api\src\modules\permissions\role.service.ts","otros"
"roles","apps\erp-api\src\modules\permissions\role.service.ts","otros"
"roles","apps\erp-api\src\modules\permissions\role.service.ts","otros"
"roles","apps\erp-api\src\modules\permissions\role.service.ts","otros"
"roles","apps\erp-api\src\modules\permissions\role.service.ts","otros"
"rol_permisos","apps\erp-api\src\modules\permissions\role.service.ts","otros"
"roles","apps\erp-api\src\modules\permissions\role.service.ts","otros"
"user_roles","apps\erp-api\src\modules\permissions\role.service.ts","otros"
"permisos","apps\erp-api\src\modules\permissions\role.service.ts","otros"
"rol_permisos","apps\erp-api\src\modules\permissions\role.service.ts","otros"
"permisos","apps\erp-api\src\modules\permissions\permission.service.ts","otros"
"roles","apps\erp-api\src\modules\permissions\permission.service.ts","otros"
"rol_permisos","apps\erp-api\src\modules\permissions\permission.service.ts","otros"
"roles","apps\erp-api\src\modules\permissions\permission.service.ts","otros"
"permisos","apps\erp-api\src\modules\permissions\permission.service.ts","otros"
"rol_permisos","apps\erp-api\src\modules\permissions\permission.service.ts","otros"
"rol_permisos","apps\erp-api\src\modules\permissions\permission.service.ts","otros"
"roles","apps\erp-api\src\modules\permissions\permission.service.ts","otros"
"rol_permisos","apps\erp-api\src\modules\permissions\permission.service.ts","otros"
"usuarios_sistema","apps\erp-api\src\modules\permissions\permission.service.ts","otros"
"user_roles","apps\erp-api\src\modules\permissions\permission.service.ts","otros"
"roles","apps\erp-api\src\modules\permissions\permission.service.ts","otros"
"rol_permisos","apps\erp-api\src\modules\permissions\permission.service.ts","otros"
"user_roles","apps\erp-api\src\modules\permissions\permission.service.ts","otros"
"roles","apps\erp-api\src\modules\permissions\permission.service.ts","otros"
"rol_permisos","apps\erp-api\src\modules\permissions\permission.service.ts","otros"
"user_roles","apps\erp-api\src\modules\permissions\permission.service.ts","otros"
"rate_limit_baselines","apps\erp-api\src\shared\security\adaptive-rate-limit.service.ts","shared"
"trusted_ips","apps\erp-api\src\shared\security\adaptive-rate-limit.service.ts","shared"
"rate_limit_baselines","apps\erp-api\src\shared\security\adaptive-rate-limit.service.ts","shared"
"request_logs","apps\erp-api\src\shared\security\adaptive-rate-limit.service.ts","shared"
"rate_limit_baselines","apps\erp-api\src\shared\security\adaptive-rate-limit.service.ts","shared"
"rate_limit_blocks","apps\erp-api\src\shared\security\adaptive-rate-limit.service.ts","shared"
"rate_limit_blocks","apps\erp-api\src\shared\security\adaptive-rate-limit.service.ts","shared"
"trusted_ips","apps\erp-api\src\shared\security\adaptive-rate-limit.service.ts","shared"
"rate_limit_anomalies","apps\erp-api\src\shared\security\adaptive-rate-limit.service.ts","shared"
"usuarios","apps\web\app\api\configuracion-fiscal\route.ts","web"
"empresa_config","apps\web\app\api\configuracion-fiscal\route.ts","web"
"configuracion_fiscal","apps\web\app\api\configuracion-fiscal\route.ts","web"
"pdf","apps\erp-api\src\modules\ventas\pedidos\cpe-integration.verify.spec.ts","ventas"
"clientes","apps\erp-api\src\modules\ventas\pedidos\cpe-integration.service.ts","ventas"
"empresa_config","apps\erp-api\src\modules\ventas\pedidos\cpe-integration.service.ts","ventas"
"empresa_config","apps\erp-api\src\modules\ventas\pedidos\cpe-integration.service.ts","ventas"
"empresa_config","apps\erp-api\src\modules\ventas\pedidos\cpe-integration.service.ts","ventas"
"secret_rotation_state","apps\erp-api\src\shared\secrets\secret-rotation.service.ts","shared"
"secret_rotation_state","apps\erp-api\src\shared\secrets\secret-rotation.service.ts","shared"
"system_alerts","apps\erp-api\src\shared\secrets\secret-rotation.service.ts","shared"
"usuarios_sistema","apps\erp-api\src\modules\usuarios\usuarios.service.ts","usuarios"
"usuarios_sistema","apps\erp-api\src\modules\usuarios\usuarios.service.ts","usuarios"
"usuarios_sistema","apps\erp-api\src\modules\usuarios\usuarios.service.ts","usuarios"
"usuarios_sistema","apps\erp-api\src\modules\usuarios\usuarios.service.ts","usuarios"
"usuarios_sistema","apps\erp-api\src\modules\usuarios\user-management.service.ts","usuarios"
"usuarios_sistema","apps\erp-api\src\modules\usuarios\user-management.service.ts","usuarios"
"usuarios_sistema","apps\erp-api\src\modules\usuarios\user-management.service.ts","usuarios"
"usuarios_sistema","apps\erp-api\src\modules\usuarios\user-management.service.ts","usuarios"
"usuarios_sistema","apps\erp-api\src\modules\usuarios\user-management.service.ts","usuarios"
"usuarios_sistema","apps\erp-api\src\modules\usuarios\user-management.service.ts","usuarios"
"audit_log","apps\erp-api\src\modules\usuarios\user-management.service.ts","usuarios"
"usuarios_sistema","apps\erp-api\src\modules\usuarios\user-management.service.ts","usuarios"
"usuarios_sistema","apps\erp-api\src\modules\usuarios\user-management.service.ts","usuarios"
"usuarios_sistema","apps\erp-api\src\modules\usuarios\user-management.service.ts","usuarios"
"roles","apps\erp-api\src\modules\usuarios\user-management.service.ts","usuarios"
"user_roles","apps\erp-api\src\modules\usuarios\user-management.service.ts","usuarios"
"user_roles","apps\erp-api\src\modules\usuarios\user-management.service.ts","usuarios"
"usuarios_sistema","apps\erp-api\src\modules\usuarios\user-management.service.ts","usuarios"
"user_roles","apps\erp-api\src\modules\usuarios\user-management.service.ts","usuarios"
"usuarios_sistema","apps\erp-api\src\modules\usuarios\user-management.service.ts","usuarios"
"usuarios_sistema","apps\erp-api\src\modules\usuarios\user-management.service.ts","usuarios"
"user_sessions","apps\erp-api\src\modules\usuarios\user-management.service.ts","usuarios"
"usuarios_sistema","apps\erp-api\src\modules\usuarios\user-management.service.ts","usuarios"
"usuarios_sistema","apps\erp-api\src\modules\usuarios\user-management.service.ts","usuarios"
"usuarios_sistema","apps\erp-api\src\modules\usuarios\user-management.service.ts","usuarios"
"paises","apps\erp-api\src\modules\paises\paises.service.ts","otros"
"paises","apps\erp-api\src\modules\paises\paises.service.ts","otros"
"configuracion_fiscal","apps\erp-api\src\modules\paises\paises.service.ts","otros"
"configuracion_fiscal","apps\erp-api\src\modules\paises\paises.service.ts","otros"
"usuario_configuracion","apps\erp-api\src\modules\paises\paises.service.ts","otros"
"usuario_configuracion","apps\erp-api\src\modules\paises\paises.service.ts","otros"
"usuario_configuracion","apps\erp-api\src\modules\paises\paises.service.ts","otros"
"paises","apps\erp-api\src\modules\paises\paises.service.ts","otros"
"tipos_documentos_fiscales","apps\erp-api\src\modules\paises\paises.service.ts","otros"
"tipos_impuestos","apps\erp-api\src\modules\paises\paises.service.ts","otros"
"empresa_config","apps\erp-api\src\modules\cpe\pdf-generator.service.ts","cpe"
"paises","apps\erp-api\src\modules\cpe\pdf-generator.service.ts","cpe"
"cpe","apps\erp-api\src\modules\cpe\pdf-generator.service.ts","cpe"
"empresa_config","apps\erp-api\src\modules\cpe\pdf-generator.service.ts","cpe"
"paises","apps\erp-api\src\modules\cpe\fiscal-adapter.service.ts","cpe"
"paises","apps\erp-api\src\modules\cpe\fiscal-adapter.service.ts","cpe"
"configuracion_fiscal","apps\erp-api\src\modules\cpe\fiscal-adapter.service.ts","cpe"
"empresa_config","apps\erp-api\src\modules\cpe\fiscal-adapter.service.ts","cpe"
"empresa_config","apps\erp-api\src\modules\cpe\fiscal-adapter.service.ts","cpe"
"empresa_config","apps\erp-api\src\modules\cpe\cpe.service.ts","cpe"
"documentos","apps\erp-api\src\modules\cpe\cpe.service.ts","cpe"
"cpe","apps\erp-api\src\modules\cpe\cpe.service.ts","cpe"
"empresa_config","apps\erp-api\src\modules\cpe\cpe.service.ts","cpe"
"cpe","apps\erp-api\src\modules\cpe\cpe.service.ts","cpe"
"cpe","apps\erp-api\src\modules\cpe\cpe.service.ts","cpe"
"cpe","apps\erp-api\src\modules\cpe\cpe.service.ts","cpe"
"cpe","apps\erp-api\src\modules\cpe\cpe.service.ts","cpe"
"cpe","apps\erp-api\src\modules\cpe\cpe.service.ts","cpe"
"cpe","apps\erp-api\src\modules\cpe\cpe.service.ts","cpe"
"cpe","apps\erp-api\src\modules\cpe\cpe.service.ts","cpe"
"cpe","apps\erp-api\src\modules\cpe\cpe.service.ts","cpe"
"cpe","apps\erp-api\src\modules\cpe\cpe.service.ts","cpe"
"empresa_config","apps\erp-api\src\modules\cpe\cpe.service.ts","cpe"
"cpe","apps\erp-api\src\modules\cpe\cpe.service.ts","cpe"
"cpe","apps\erp-api\src\modules\cpe\cpe.service.ts","cpe"
"cpe","apps\erp-api\src\modules\cpe\cpe.service.ts","cpe"
"cpe","apps\erp-api\src\modules\cpe\cpe.service.ts","cpe"
"cpe","apps\erp-api\src\modules\cpe\cpe.service.ts","cpe"
"cpe","apps\erp-api\src\modules\cpe\cpe.service.ts","cpe"
"comprobantes_electronicos","apps\erp-api\src\modules\cpe\cpe.service.ts","cpe"
"comprobantes_electronicos","apps\erp-api\src\modules\cpe\cpe.service.ts","cpe"
"comprobantes_electronicos","apps\erp-api\src\modules\cpe\cpe.service.ts","cpe"
"outbox_events","apps\erp-api\src\modules\cpe\cpe.service.ts","cpe"
"comprobantes_electronicos","apps\erp-api\src\modules\cpe\cpe.service.ts","cpe"
"empresa_config","apps\erp-api\src\modules\cpe\cpe-helper.service.ts","cpe"
"paises","apps\erp-api\src\modules\cpe\cpe-helper.service.ts","cpe"
"empresa_config","apps\erp-api\src\modules\cpe\cpe-helper.service.ts","cpe"
"paises","apps\erp-api\src\modules\cpe\cpe-helper.service.ts","cpe"
"empresa_config","apps\erp-api\src\modules\cpe\comunicacion-baja.service.ts","cpe"
"paises","apps\erp-api\src\modules\cpe\comunicacion-baja.service.ts","cpe"
"cpe","apps\erp-api\src\modules\cpe\comunicacion-baja.service.ts","cpe"
"comunicaciones_baja","apps\erp-api\src\modules\cpe\comunicacion-baja.service.ts","cpe"
"detalle_comunicacion_baja","apps\erp-api\src\modules\cpe\comunicacion-baja.service.ts","cpe"
"comunicaciones_baja","apps\erp-api\src\modules\cpe\comunicacion-baja.service.ts","cpe"
"comunicaciones_baja","apps\erp-api\src\modules\cpe\comunicacion-baja.service.ts","cpe"
"comunicaciones_baja","apps\erp-api\src\modules\cpe\comunicacion-baja.service.ts","cpe"
"comunicaciones_baja","apps\erp-api\src\modules\cpe\comunicacion-baja.service.ts","cpe"
"comunicaciones_baja","apps\erp-api\src\modules\cpe\comunicacion-baja.service.ts","cpe"
"comunicaciones_baja","apps\erp-api\src\modules\cpe\comunicacion-baja.service.ts","cpe"
"comunicaciones_baja","apps\erp-api\src\modules\cpe\comunicacion-baja.service.ts","cpe"
"comunicaciones_baja","apps\erp-api\src\modules\cpe\comunicacion-baja.service.ts","cpe"
"comunicaciones_baja","apps\erp-api\src\modules\cpe\comunicacion-baja.service.ts","cpe"
"empresa_config","apps\erp-api\src\modules\cpe\comunicacion-baja.service.ts","cpe"
"paises","apps\erp-api\src\modules\cpe\comunicacion-baja.service.ts","cpe"
"cpe","apps\erp-api\src\modules\cpe\comunicacion-baja.service.ts","cpe"
"resumenes_diarios","apps\erp-api\src\modules\cpe\comunicacion-baja.service.ts","cpe"
"detalle_resumen_diario","apps\erp-api\src\modules\cpe\comunicacion-baja.service.ts","cpe"
"resumenes_diarios","apps\erp-api\src\modules\cpe\comunicacion-baja.service.ts","cpe"
"empresa_config","apps\erp-api\src\modules\cpe\comunicacion-baja.service.ts","cpe"
"cpe","apps\erp-api\src\modules\cpe\comunicacion-baja.service.ts","cpe"
"cotizaciones","apps\erp-api\src\modules\cotizaciones.controller.ts","otros"
"cotizaciones","apps\erp-api\src\modules\cotizaciones.controller.ts","otros"
"cotizaciones","apps\erp-api\src\modules\cotizaciones.controller.ts","otros"
"cotizaciones","apps\erp-api\src\modules\cotizaciones.controller.ts","otros"
"cotizaciones","apps\erp-api\src\modules\cotizaciones.controller.ts","otros"
"cotizaciones","apps\erp-api\src\modules\cotizaciones.controller.ts","otros"
"cotizaciones","apps\erp-api\src\modules\cotizaciones.controller.ts","otros"
"cotizaciones","apps\erp-api\src\modules\cotizaciones.controller.ts","otros"
"cotizaciones","apps\erp-api\src\modules\cotizaciones.controller.ts","otros"
"cotizaciones","apps\erp-api\src\modules\cotizaciones.controller.ts","otros"
"cotizaciones","apps\erp-api\src\modules\cotizaciones.controller.ts","otros"
"cotizaciones","apps\erp-api\src\modules\cotizaciones.controller.ts","otros"
"cotizaciones","apps\erp-api\src\modules\cotizaciones.controller.ts","otros"
"documentos","apps\erp-api\src\modules\cotizaciones.controller.ts","otros"
"documentos","apps\erp-api\src\modules\cotizaciones.controller.ts","otros"
"documento_detalles","apps\erp-api\src\modules\cotizaciones.controller.ts","otros"
"cotizaciones","apps\erp-api\src\modules\cotizaciones.controller.ts","otros"
"cotizaciones","apps\erp-api\src\modules\cotizaciones.controller.ts","otros"
"cotizaciones","apps\erp-api\src\modules\cotizaciones.controller.ts","otros"
"outbox_events","apps\erp-api\src\shared\outbox\outbox.service.ts","shared"
"outbox_events","apps\erp-api\src\shared\outbox\outbox.service.ts","shared"
"outbox_events","apps\erp-api\src\shared\outbox\outbox-worker.service.ts","shared"
"integration_logs","apps\erp-api\src\modules\finanzas\cxp\cxp.service.ts","finanzas"
"integration_logs","apps\erp-api\src\modules\finanzas\cxp\cxp.service.ts","finanzas"
"cuentas_por_pagar","apps\erp-api\src\modules\finanzas\cxp\cxp.service.ts","finanzas"
"cuentas_por_pagar","apps\erp-api\src\modules\finanzas\cxp\cxp.service.ts","finanzas"
"outbox_events","apps\erp-api\src\modules\finanzas\cxp\cxp.service.ts","finanzas"
"proveedores","apps\erp-api\src\modules\finanzas\cxp\cxp.service.ts","finanzas"
"cuentas_por_pagar","apps\erp-api\src\modules\finanzas\cxp\cxp.service.ts","finanzas"
"cuentas_por_pagar","apps\erp-api\src\modules\finanzas\cxp\cxp.service.ts","finanzas"
"cuentas_por_pagar","apps\erp-api\src\modules\finanzas\cxp\cxp.service.ts","finanzas"
"cuentas_por_pagar","apps\erp-api\src\modules\finanzas\cxp\cxp.service.ts","finanzas"
"cuentas_por_pagar","apps\erp-api\src\modules\finanzas\cxp\cxp.service.ts","finanzas"
"cuentas_por_pagar","apps\erp-api\src\modules\finanzas\cxp\cxp.service.ts","finanzas"
"cuentas_por_pagar","apps\erp-api\src\modules\finanzas\cxp\cxp.service.ts","finanzas"
"cuentas_por_pagar","apps\erp-api\src\modules\finanzas\cxp\cxp.service.ts","finanzas"
"cuentas_bancarias","apps\erp-api\src\modules\finanzas\cxp\cxp.service.ts","finanzas"
"cuentas_por_pagar","apps\erp-api\src\modules\finanzas\cxp\cxp.service.ts","finanzas"
"cuentas_por_pagar","apps\erp-api\src\modules\finanzas\cxp\cxp.service.ts","finanzas"
"cuentas_por_pagar","apps\erp-api\src\modules\finanzas\cxp\cxp.service.ts","finanzas"
"outbox_events","apps\erp-api\src\modules\finanzas\cxp\cxp.service.ts","finanzas"
"cuentas_por_pagar","apps\erp-api\src\modules\finanzas\cxp\cxp.service.ts","finanzas"
"cuentas_por_pagar","apps\erp-api\src\modules\finanzas\cxp\cxp.service.ts","finanzas"
"cuentas_por_pagar","apps\erp-api\src\modules\finanzas\cxp\cxp.service.ts","finanzas"
"movimientos_bancarios","apps\erp-api\src\modules\finanzas\cxp\cxp.service.ts","finanzas"
"cuentas_por_pagar","apps\erp-api\src\modules\finanzas\cxp\cxp.service.ts","finanzas"
"paises","apps\erp-api\src\modules\tenants\tenant-management.service.ts","tenants"
"empresa_config","apps\erp-api\src\modules\tenants\tenant-management.service.ts","tenants"
"empresa_config","apps\erp-api\src\modules\tenants\tenant-management.service.ts","tenants"
"empresa_config","apps\erp-api\src\modules\tenants\tenant-management.service.ts","tenants"
"roles","apps\erp-api\src\modules\tenants\tenant-management.service.ts","tenants"
"roles","apps\erp-api\src\modules\tenants\tenant-management.service.ts","tenants"
"permisos","apps\erp-api\src\modules\tenants\tenant-management.service.ts","tenants"
"permisos","apps\erp-api\src\modules\tenants\tenant-management.service.ts","tenants"
"rol_permisos","apps\erp-api\src\modules\tenants\tenant-management.service.ts","tenants"
"empresa_config","apps\erp-api\src\modules\tenants\tenant-management.service.ts","tenants"
"empresa_config","apps\erp-api\src\modules\tenants\tenant-management.service.ts","tenants"
"paises","apps\erp-api\src\modules\tenants\tenant-management.service.ts","tenants"
"paises","apps\erp-api\src\modules\tenants\tenant-management.service.ts","tenants"
"empresa_config","apps\erp-api\src\modules\tenants\tenant-management.service.ts","tenants"
"empresa_config","apps\erp-api\src\modules\tenants\tenant-management.service.ts","tenants"
"empresa_config","apps\erp-api\src\modules\tenants\tenant-management.service.ts","tenants"
"empresa_config","apps\erp-api\src\modules\tenants\tenant-management.service.ts","tenants"
"empresa_config","apps\erp-api\src\modules\tenants\tenant-management.service.ts","tenants"
"empresa_config","apps\erp-api\src\modules\tenants\tenant-management.service.ts","tenants"
"empresa_config","apps\erp-api\src\modules\tenants\tenant-management.service.ts","tenants"
"roles","apps\erp-api\src\modules\tenants\tenant-management.service.ts","tenants"
"usuarios_sistema","apps\erp-api\src\modules\tenants\tenant-management.service.ts","tenants"
"usuarios_sistema","apps\erp-api\src\modules\tenants\tenant-management.service.ts","tenants"
"usuarios_sistema","apps\erp-api\src\modules\tenants\tenant-management.service.ts","tenants"
"empresa_config","apps\erp-api\src\modules\tenants\tenant-management.service.ts","tenants"
"empresa_config","apps\erp-api\src\modules\tenants\tenant-management.service.ts","tenants"
"usuarios_sistema","apps\erp-api\src\modules\tenants\tenant-management.service.ts","tenants"
"empresa_config","apps\erp-api\src\modules\tenants\tenant-management.service.ts","tenants"
"roles","apps\erp-api\src\modules\tenants\tenant-management.service.ts","tenants"
"user_roles","apps\erp-api\src\modules\tenants\tenant-management.service.ts","tenants"
"empresa_config","apps\erp-api\src\modules\tenants\tenant-management.service.ts","tenants"
"user_sessions","apps\erp-api\src\modules\tenants\tenant-management.service.ts","tenants"
"empresa_config","apps\erp-api\src\modules\tenants\tenant-management.service.ts","tenants"
"usuarios_sistema","apps\erp-api\src\modules\tenants\tenant-management.service.ts","tenants"
"usuarios_sistema","apps\erp-api\src\modules\tenants\tenant-management.service.ts","tenants"
"empresa_config","apps\erp-api\src\modules\tenants\tenant-management.service.ts","tenants"
"usuarios_sistema","apps\erp-api\src\modules\tenants\tenant-management.service.ts","tenants"
"periodos_contables","apps\erp-api\src\modules\contabilidad.controller.ts","otros"
"periodos_contables","apps\erp-api\src\modules\contabilidad.controller.ts","otros"
"periodos_contables","apps\erp-api\src\modules\contabilidad.controller.ts","otros"
"periodos_contables","apps\erp-api\src\modules\contabilidad.controller.ts","otros"
"periodos_contables","apps\erp-api\src\modules\contabilidad.controller.ts","otros"
"centros_costo","apps\erp-api\src\modules\contabilidad.controller.ts","otros"
"periodos_contables","apps\erp-api\src\modules\contabilidad.controller.ts","otros"
"pg_matviews","apps\erp-api\src\modules\contabilidad.controller.ts","otros"
"asientos_contables_rrhh","apps\erp-api\src\modules\contabilidad.controller.ts","otros"
"notificaciones","apps\erp-api\src\modules\notifications\notifications.service.ts","notifications"
"user_roles","apps\erp-api\src\modules\notifications\notifications.service.ts","notifications"
"roles","apps\erp-api\src\modules\notifications\notifications.service.ts","notifications"
"notificaciones","apps\erp-api\src\modules\notifications\notifications.service.ts","notifications"
"notificaciones","apps\erp-api\src\modules\notifications\notifications.service.ts","notifications"
"notificaciones","apps\erp-api\src\modules\notifications\notifications.service.ts","notifications"
"notificaciones","apps\erp-api\src\modules\notifications\notifications.service.ts","notifications"
"notificaciones","apps\erp-api\src\modules\notifications\notifications.service.ts","notifications"
"notificaciones","apps\erp-api\src\modules\notifications\notifications.service.ts","notifications"
"notificaciones","apps\erp-api\src\modules\notifications\notifications.service.ts","notifications"
"notificaciones","apps\erp-api\src\modules\notifications\notifications.service.ts","notifications"
"productos","apps\erp-api\src\modules\notifications\inventory-stock-alerts.listener.ts","notifications"
"notificaciones","apps\erp-api\src\modules\notifications\inventory-stock-alerts.listener.ts","notifications"
"usuarios_sistema","apps\erp-api\src\modules\notifications\inventory-stock-alerts.listener.ts","notifications"
"usuarios_sistema","apps\erp-api\src\modules\notifications\inventory-stock-alerts.listener.ts","notifications"
"usuarios_sistema","apps\erp-api\src\modules\notifications\inventory-stock-alerts.listener.ts","notifications"
"integration_logs","apps\erp-api\src\modules\notifications\integration-alerts.service.ts","notifications"
"clientes","apps\erp-api\src\modules\ventas\cotizaciones\cotizaciones.service.ts","ventas"
"productos","apps\erp-api\src\modules\ventas\cotizaciones\cotizaciones.service.ts","ventas"
"usuarios","apps\erp-api\src\modules\ventas\cotizaciones\cotizaciones.service.ts","ventas"
"cotizaciones","apps\erp-api\src\modules\ventas\cotizaciones\cotizaciones.service.ts","ventas"
"productos","apps\erp-api\src\modules\ventas\cotizaciones\cotizaciones.service.ts","ventas"
"cotizacion_detalles","apps\erp-api\src\modules\ventas\cotizaciones\cotizaciones.service.ts","ventas"
"cotizaciones","apps\erp-api\src\modules\ventas\cotizaciones\cotizaciones.service.ts","ventas"
"cotizaciones","apps\erp-api\src\modules\ventas\cotizaciones\cotizaciones.service.ts","ventas"
"cotizaciones","apps\erp-api\src\modules\ventas\cotizaciones\cotizaciones.service.ts","ventas"
"cotizacion_detalles","apps\erp-api\src\modules\ventas\cotizaciones\cotizaciones.service.ts","ventas"
"cotizacion_detalles","apps\erp-api\src\modules\ventas\cotizaciones\cotizaciones.service.ts","ventas"
"cotizacion_detalles","apps\erp-api\src\modules\ventas\cotizaciones\cotizaciones.service.ts","ventas"
"cotizaciones","apps\erp-api\src\modules\ventas\cotizaciones\cotizaciones.service.ts","ventas"
"cotizacion_detalles","apps\erp-api\src\modules\ventas\cotizaciones\cotizaciones.service.ts","ventas"
"cotizaciones","apps\erp-api\src\modules\ventas\cotizaciones\cotizaciones.service.ts","ventas"
"cotizaciones","apps\erp-api\src\modules\ventas\cotizaciones\cotizaciones.service.ts","ventas"
"cotizaciones","apps\erp-api\src\modules\ventas\cotizaciones\cotizaciones.service.ts","ventas"
"cotizacion_detalles","apps\erp-api\src\modules\ventas\cotizaciones\cotizaciones.service.ts","ventas"
"cotizaciones","apps\erp-api\src\modules\ventas\cotizaciones\cotizaciones.service.ts","ventas"
"cpe","apps\erp-api\src\modules\sunat-retry\sunat-retry.service.ts","otros"
"gre_guias","apps\erp-api\src\modules\sunat-retry\sunat-retry.service.ts","otros"
"cpe","apps\erp-api\src\modules\sunat-retry\sunat-retry.service.ts","otros"
"cpe","apps\erp-api\src\modules\sunat-retry\sunat-retry.service.ts","otros"
"cpe","apps\erp-api\src\modules\sunat-retry\sunat-retry.service.ts","otros"
"cpe","apps\erp-api\src\modules\sunat-retry\sunat-retry.service.ts","otros"
"gre_guias","apps\erp-api\src\modules\sunat-retry\sunat-retry.service.ts","otros"
"gre_guias","apps\erp-api\src\modules\sunat-retry\sunat-retry.service.ts","otros"
"gre_guias","apps\erp-api\src\modules\sunat-retry\sunat-retry.service.ts","otros"
"gre_guias","apps\erp-api\src\modules\sunat-retry\sunat-retry.service.ts","otros"
"cpe","apps\erp-api\src\modules\sunat-retry\sunat-retry.service.ts","otros"
"gre_guias","apps\erp-api\src\modules\sunat-retry\sunat-retry.service.ts","otros"
"cuentas_por_cobrar","apps\erp-api\src\modules\finanzas\cxc\listeners\cxc-factura.listener.ts","finanzas"
"cuentas_por_cobrar","apps\erp-api\src\modules\finanzas\cxc\listeners\cxc-factura.listener.ts","finanzas"
"cuentas_por_cobrar","apps\erp-api\src\modules\finanzas\cxc\listeners\cxc-factura.listener.ts","finanzas"
"integration_logs","apps\erp-api\src\modules\finanzas\cxc\cxc.service.ts","finanzas"
"cuentas_por_cobrar","apps\erp-api\src\modules\finanzas\cxc\cxc.service.ts","finanzas"
"cuentas_por_cobrar","apps\erp-api\src\modules\finanzas\cxc\cxc.service.ts","finanzas"
"cuentas_por_cobrar","apps\erp-api\src\modules\finanzas\cxc\cxc.service.ts","finanzas"
"cuentas_por_cobrar","apps\erp-api\src\modules\finanzas\cxc\cxc.service.ts","finanzas"
"cxc_pagos","apps\erp-api\src\modules\finanzas\cxc\cxc.service.ts","finanzas"
"cuentas_por_cobrar","apps\erp-api\src\modules\finanzas\cxc\cxc.service.ts","finanzas"
"cuentas_bancarias","apps\erp-api\src\modules\finanzas\cxc\cxc.service.ts","finanzas"
"cxc_pagos","apps\erp-api\src\modules\finanzas\cxc\cxc.service.ts","finanzas"
"cxc_pagos","apps\erp-api\src\modules\finanzas\cxc\cxc.service.ts","finanzas"
"cxc_pagos","apps\erp-api\src\modules\finanzas\cxc\cxc.service.ts","finanzas"
"movimientos_bancarios","apps\erp-api\src\modules\finanzas\cxc\cxc.service.ts","finanzas"
"cxc_pagos","apps\erp-api\src\modules\finanzas\cxc\cxc.service.ts","finanzas"
"cuentas_bancarias","apps\erp-api\src\modules\finanzas\cxc\cxc.service.ts","finanzas"
"movimientos_bancarios","apps\erp-api\src\modules\finanzas\cxc\cxc.service.ts","finanzas"
"cxc_pagos","apps\erp-api\src\modules\finanzas\cxc\cxc.service.ts","finanzas"
"cuentas_por_cobrar","apps\erp-api\src\modules\finanzas\cxc\cxc.service.ts","finanzas"
"outbox_events","apps\erp-api\src\modules\finanzas\cxc\cxc.service.ts","finanzas"
"cuentas_por_cobrar","apps\erp-api\src\modules\finanzas\cxc\cxc.service.ts","finanzas"
"empresa_config","apps\erp-api\src\modules\finanzas\cxc\cxc.service.ts","finanzas"
"clientes","apps\erp-api\src\modules\finanzas\cxc\cxc.service.ts","finanzas"
"cuentas_por_cobrar","apps\erp-api\src\modules\finanzas\cxc\cxc.service.ts","finanzas"
"cuentas_por_cobrar","apps\erp-api\src\modules\finanzas\cxc\cxc.service.ts","finanzas"
"cpe","apps\erp-api\src\modules\finanzas\cxc\cxc.service.ts","finanzas"
"clientes","apps\erp-api\src\modules\finanzas\cxc\cxc.service.ts","finanzas"
"documentos","apps\erp-api\src\modules\finanzas\cxc\cxc.service.ts","finanzas"
"documentos","apps\erp-api\src\modules\finanzas\cxc\cxc.service.ts","finanzas"
"cpe","apps\erp-api\src\modules\finanzas\cxc\cxc.service.ts","finanzas"
"cpe","apps\erp-api\src\modules\finanzas\cxc\cxc.service.ts","finanzas"
"empresa_config","apps\erp-api\src\modules\finanzas\cxc\cxc.service.ts","finanzas"
"clientes","apps\erp-api\src\modules\finanzas\cxc\cxc.service.ts","finanzas"
"clientes","apps\erp-api\src\modules\finanzas\cxc\cxc.service.ts","finanzas"
"cpe","apps\erp-api\src\modules\finanzas\cxc\cxc.service.ts","finanzas"
"clientes","apps\erp-api\src\modules\finanzas\cxc\cxc.service.ts","finanzas"
"sire_files","apps\erp-api\src\modules\sire\sire.service.ts","sire"
"sire_files","apps\erp-api\src\modules\sire\sire.service.ts","sire"
"sire_files","apps\erp-api\src\modules\sire\sire.service.ts","sire"
"sire_files","apps\erp-api\src\modules\sire\sire.service.ts","sire"
"sire_registros_detalle","apps\erp-api\src\modules\sire\sire.service.ts","sire"
"sire_registros_detalle","apps\erp-api\src\modules\sire\sire.service.ts","sire"
"sire_files","apps\erp-api\src\modules\sire\sire.service.ts","sire"
"sire_files","apps\erp-api\src\modules\sire\sire.service.ts","sire"
"sire_registros_detalle","apps\erp-api\src\modules\sire\sire.service.ts","sire"
"sire_files","apps\erp-api\src\modules\sire\sire.service.ts","sire"
"sire_files","apps\erp-api\src\modules\sire\sire.service.ts","sire"
"sire_files","apps\erp-api\src\modules\sire\sire.service.ts","sire"
"sire_files","apps\erp-api\src\modules\sire\sire.service.ts","sire"
"sire_files","apps\erp-api\src\modules\sire\sire.service.ts","sire"
"sire_files","apps\erp-api\src\modules\sire\sire.service.ts","sire"
"sire_files","apps\erp-api\src\modules\sire\sire.service.ts","sire"
"sire_files","apps\erp-api\src\modules\sire\sire.service.ts","sire"
"sire_files","apps\erp-api\src\modules\sire\sire.service.ts","sire"
"cpe","apps\erp-api\src\modules\sire\sire.service.ts","sire"
"cuentas_por_pagar","apps\erp-api\src\modules\sire\sire.service.ts","sire"
"presupuestos","apps\erp-api\src\modules\contabilidad\services\presupuestos.service.ts","contabilidad"
"centros_costo","apps\erp-api\src\modules\contabilidad\services\presupuestos.service.ts","contabilidad"
"plan_cuentas","apps\erp-api\src\modules\contabilidad\services\presupuestos.service.ts","contabilidad"
"periodos_contables","apps\erp-api\src\modules\contabilidad\services\presupuestos.service.ts","contabilidad"
"presupuestos","apps\erp-api\src\modules\contabilidad\services\presupuestos.service.ts","contabilidad"
"presupuestos","apps\erp-api\src\modules\contabilidad\services\presupuestos.service.ts","contabilidad"
"presupuestos","apps\erp-api\src\modules\contabilidad\services\presupuestos.service.ts","contabilidad"
"periodos_contables","apps\erp-api\src\modules\contabilidad\services\presupuestos.service.ts","contabilidad"
"presupuestos","apps\erp-api\src\modules\contabilidad\services\presupuestos.service.ts","contabilidad"
"periodos_contables","apps\erp-api\src\modules\contabilidad\services\presupuestos.service.ts","contabilidad"
"presupuestos","apps\erp-api\src\modules\contabilidad\services\presupuestos.service.ts","contabilidad"
"periodos_contables","apps\erp-api\src\modules\contabilidad\services\presupuestos.service.ts","contabilidad"
"detalle_asientos","apps\erp-api\src\modules\contabilidad\services\presupuestos.service.ts","contabilidad"
"presupuestos","apps\erp-api\src\modules\contabilidad\services\presupuestos.service.ts","contabilidad"
"presupuestos","apps\erp-api\src\modules\contabilidad\services\presupuestos.service.ts","contabilidad"
"periodos_contables","apps\erp-api\src\modules\contabilidad\services\presupuestos.service.ts","contabilidad"
"presupuestos","apps\erp-api\src\modules\contabilidad\services\presupuestos.service.ts","contabilidad"
"periodos_contables","apps\erp-api\src\modules\contabilidad\services\presupuestos.service.ts","contabilidad"
"presupuestos","apps\erp-api\src\modules\contabilidad\services\presupuestos.service.ts","contabilidad"
"empresa_config","apps\erp-api\src\modules\contabilidad\services\ple-export.service.ts","contabilidad"
"asientos_contables","apps\erp-api\src\modules\contabilidad\services\ple-export.service.ts","contabilidad"
"empresa_config","apps\erp-api\src\modules\contabilidad\services\ple-export.service.ts","contabilidad"
"detalle_asientos","apps\erp-api\src\modules\contabilidad\services\ple-export.service.ts","contabilidad"
"empresa_config","apps\erp-api\src\modules\contabilidad\services\ple-export.service.ts","contabilidad"
"plan_cuentas","apps\erp-api\src\modules\contabilidad\services\ple-export.service.ts","contabilidad"
"detalle_asientos","apps\erp-api\src\modules\contabilidad\services\ple-export.service.ts","contabilidad"
"plan_cuentas","apps\erp-api\src\modules\contabilidad\services\plan-cuentas.service.ts","contabilidad"
"plan_cuentas","apps\erp-api\src\modules\contabilidad\services\plan-cuentas.service.ts","contabilidad"
"plan_cuentas","apps\erp-api\src\modules\contabilidad\services\plan-cuentas.service.ts","contabilidad"
"plan_cuentas","apps\erp-api\src\modules\contabilidad\services\plan-cuentas.service.ts","contabilidad"
"plan_cuentas","apps\erp-api\src\modules\contabilidad\services\plan-cuentas.service.ts","contabilidad"
"plan_cuentas","apps\erp-api\src\modules\contabilidad\services\plan-cuentas.service.ts","contabilidad"
"plan_cuentas","apps\erp-api\src\modules\contabilidad\services\plan-cuentas.service.ts","contabilidad"
"periodos_contables","apps\erp-api\src\modules\contabilidad\services\periodos.service.ts","contabilidad"
"periodos_contables","apps\erp-api\src\modules\contabilidad\services\periodos.service.ts","contabilidad"
"periodos_contables","apps\erp-api\src\modules\contabilidad\services\periodos.service.ts","contabilidad"
"periodos_contables","apps\erp-api\src\modules\contabilidad\services\periodos.service.ts","contabilidad"
"asientos_contables","apps\erp-api\src\modules\contabilidad\services\periodos.service.ts","contabilidad"
"outbox_events","apps\erp-api\src\modules\contabilidad\services\periodos.service.ts","contabilidad"
"periodos_contables","apps\erp-api\src\modules\contabilidad\services\periodos.service.ts","contabilidad"
"plan_cuentas","apps\erp-api\src\modules\contabilidad\services\periodos.service.ts","contabilidad"
"asientos_contables","apps\erp-api\src\modules\contabilidad\services\periodos.service.ts","contabilidad"
"detalle_asientos","apps\erp-api\src\modules\contabilidad\services\periodos.service.ts","contabilidad"
"periodos_contables","apps\erp-api\src\modules\contabilidad\services\periodos.service.ts","contabilidad"
"periodos_contables","apps\erp-api\src\modules\contabilidad\services\periodos.service.ts","contabilidad"
"outbox_events","apps\erp-api\src\modules\contabilidad\services\outbox-events.service.ts","contabilidad"
"outbox_events","apps\erp-api\src\modules\contabilidad\services\outbox-events.service.ts","contabilidad"
"outbox_events","apps\erp-api\src\modules\contabilidad\services\outbox-events.service.ts","contabilidad"
"outbox_events","apps\erp-api\src\modules\contabilidad\services\outbox-events.service.ts","contabilidad"
"outbox_events","apps\erp-api\src\modules\contabilidad\services\outbox-events.service.ts","contabilidad"
"outbox_events","apps\erp-api\src\modules\contabilidad\services\outbox-events.service.ts","contabilidad"
"outbox_events","apps\erp-api\src\modules\contabilidad\services\outbox-events.service.ts","contabilidad"
"outbox_events","apps\erp-api\src\modules\contabilidad\services\outbox-events.service.ts","contabilidad"
"mv_balance_comprobacion","apps\erp-api\src\modules\contabilidad\services\estados-financieros.service.ts","contabilidad"
"mv_estado_resultados","apps\erp-api\src\modules\contabilidad\services\estados-financieros.service.ts","contabilidad"
"mv_balance_general","apps\erp-api\src\modules\contabilidad\services\estados-financieros.service.ts","contabilidad"
"depreciaciones","apps\erp-api\src\modules\contabilidad\services\depreciacion-scheduler.service.ts","contabilidad"
"outbox_events","apps\erp-api\src\modules\contabilidad\services\depreciacion-scheduler.service.ts","contabilidad"
"depreciaciones","apps\erp-api\src\modules\contabilidad\services\depreciacion-scheduler.service.ts","contabilidad"
"centros_costo","apps\erp-api\src\modules\contabilidad\services\centros-costo.service.ts","contabilidad"
"centros_costo","apps\erp-api\src\modules\contabilidad\services\centros-costo.service.ts","contabilidad"
"centros_costo","apps\erp-api\src\modules\contabilidad\services\centros-costo.service.ts","contabilidad"
"centros_costo","apps\erp-api\src\modules\contabilidad\services\centros-costo.service.ts","contabilidad"
"centros_costo","apps\erp-api\src\modules\contabilidad\services\centros-costo.service.ts","contabilidad"
"centros_costo","apps\erp-api\src\modules\contabilidad\services\centros-costo.service.ts","contabilidad"
"detalle_asientos","apps\erp-api\src\modules\contabilidad\services\centros-costo.service.ts","contabilidad"
"asientos_contables","apps\erp-api\src\modules\contabilidad\services\centros-costo.service.ts","contabilidad"
"detalle_asientos","apps\erp-api\src\modules\contabilidad\services\centros-costo.service.ts","contabilidad"
"detalle_asientos","apps\erp-api\src\modules\contabilidad\services\centros-costo.service.ts","contabilidad"
"asientos_contables","apps\erp-api\src\modules\contabilidad\services\centros-costo.service.ts","contabilidad"
"mv_balance_comprobacion","apps\erp-api\src\modules\contabilidad\services\cashflow.service.ts","contabilidad"
"asientos_contables","apps\erp-api\src\modules\contabilidad\services\asientos.service.ts","contabilidad"
"detalle_asientos","apps\erp-api\src\modules\contabilidad\services\asientos.service.ts","contabilidad"
"plan_cuentas","apps\erp-api\src\modules\contabilidad\services\asientos.service.ts","contabilidad"
"asientos_contables","apps\erp-api\src\modules\contabilidad\services\asientos.service.ts","contabilidad"
"plan_cuentas","apps\erp-api\src\modules\contabilidad\services\asientos.service.ts","contabilidad"
"asientos_contables","apps\erp-api\src\modules\contabilidad\services\asientos.service.ts","contabilidad"
"detalle_asientos","apps\erp-api\src\modules\contabilidad\services\asientos.service.ts","contabilidad"
"asientos_contables","apps\erp-api\src\modules\contabilidad\services\asientos.service.ts","contabilidad"
"asientos_contables","apps\erp-api\src\modules\contabilidad\services\asientos.service.ts","contabilidad"
"asientos_contables","apps\erp-api\src\modules\contabilidad\services\asientos.service.ts","contabilidad"
"outbox_events","apps\erp-api\src\modules\contabilidad\services\asientos.service.ts","contabilidad"
"asientos_contables","apps\erp-api\src\modules\contabilidad\services\asientos.service.ts","contabilidad"
"detalle_asientos","apps\erp-api\src\modules\contabilidad\services\asientos.service.ts","contabilidad"
"asientos_contables","apps\erp-api\src\modules\contabilidad\services\asientos-generator.service.ts","contabilidad"
"detalle_asientos","apps\erp-api\src\modules\contabilidad\services\asientos-generator.service.ts","contabilidad"
"asientos_contables","apps\erp-api\src\modules\contabilidad\services\asientos-generator.service.ts","contabilidad"
"outbox_events","apps\erp-api\src\modules\contabilidad\services\asientos-generator.service.ts","contabilidad"
"outbox_events","apps\erp-api\src\modules\contabilidad\services\asientos-generator.service.ts","contabilidad"
"outbox_events","apps\erp-api\src\modules\contabilidad\services\asientos-generator.service.ts","contabilidad"
"outbox_events","apps\erp-api\src\modules\contabilidad\services\asientos-generator.service.ts","contabilidad"
"outbox_events","apps\erp-api\src\modules\contabilidad\services\asientos-generator.service.ts","contabilidad"
"asientos_contables","apps\erp-api\src\modules\contabilidad\services\asientos-generator.service.ts","contabilidad"
"asientos_contables","apps\erp-api\src\modules\contabilidad\services\asientos-generator.service.ts","contabilidad"
"plantillas_asientos_ventas","apps\erp-api\src\modules\contabilidad\services\asientos-generator.service.ts","contabilidad"
"pedidos_venta","apps\erp-api\src\modules\inventario\logistica\logistica.service.ts","inventario"
"pedidos_venta_detalle","apps\erp-api\src\modules\inventario\logistica\logistica.service.ts","inventario"
"pedidos_venta","apps\erp-api\src\modules\inventario\logistica\logistica.service.ts","inventario"
"pedidos_venta_detalle","apps\erp-api\src\modules\inventario\logistica\logistica.service.ts","inventario"
"pedidos_venta","apps\erp-api\src\modules\inventario\logistica\logistica.service.ts","inventario"
"pedidos_venta","apps\erp-api\src\modules\inventario\logistica\logistica.service.ts","inventario"
"pedidos_venta","apps\erp-api\src\modules\inventario\logistica\logistica.service.ts","inventario"
"pedidos_venta_detalle","apps\erp-api\src\modules\inventario\logistica\logistica.service.ts","inventario"
"productos","apps\erp-api\src\modules\inventario\logistica\logistica.service.ts","inventario"
"movimientos_inventario","apps\erp-api\src\modules\inventario\logistica\logistica.service.ts","inventario"
"pedidos_venta_detalle","apps\erp-api\src\modules\inventario\logistica\logistica.service.ts","inventario"
"pedido_despachos","apps\erp-api\src\modules\inventario\logistica\logistica.service.ts","inventario"
"pedido_backorders","apps\erp-api\src\modules\inventario\logistica\logistica.service.ts","inventario"
"pedido_backorders","apps\erp-api\src\modules\inventario\logistica\logistica.service.ts","inventario"
"pedidos_venta","apps\erp-api\src\modules\inventario\logistica\logistica.service.ts","inventario"
"pedidos_venta","apps\erp-api\src\modules\inventario\logistica\logistica.service.ts","inventario"
"pedidos_venta","apps\erp-api\src\modules\inventario\logistica\logistica.service.ts","inventario"
"logistica_eventos","apps\erp-api\src\modules\inventario\logistica\logistica.service.ts","inventario"
"pedidos_venta","apps\erp-api\src\modules\inventario\logistica\logistica.service.ts","inventario"
"pedidos_venta","apps\erp-api\src\modules\inventario\logistica\logistica.service.ts","inventario"
"pedido_backorders","apps\erp-api\src\modules\inventario\logistica\logistica.service.ts","inventario"
"pedido_backorders","apps\erp-api\src\modules\inventario\logistica\logistica.service.ts","inventario"
"pedido_backorders","apps\erp-api\src\modules\inventario\logistica\logistica.service.ts","inventario"
"almacen_ubicaciones","apps\erp-api\src\modules\inventario\logistica\logistica.service.ts","inventario"
"empresa_config","apps\erp-api\src\modules\inventario\logistica\logistica.service.ts","inventario"
"pedidos_venta","apps\erp-api\src\modules\inventario\logistica\logistica.service.ts","inventario"
"logistica_eventos","apps\erp-api\src\modules\inventario\logistica\logistica.service.ts","inventario"
"pedidos_venta","apps\erp-api\src\modules\inventario\logistica\logistica.service.ts","inventario"
"rls_audit_log","apps\erp-api\src\modules\security\security-dashboard.service.ts","otros"
"rls_audit_log","apps\erp-api\src\modules\security\security-dashboard.service.ts","otros"
"rls_audit_log","apps\erp-api\src\modules\security\security-dashboard.service.ts","otros"
"rls_audit_log","apps\erp-api\src\modules\security\security-dashboard.service.ts","otros"
"rls_alert_history","apps\erp-api\src\modules\security\security-dashboard.service.ts","otros"
"rls_alert_history","apps\erp-api\src\modules\security\security-dashboard.service.ts","otros"
"v_rls_violations_by_table","apps\erp-api\src\modules\security\security-dashboard.service.ts","otros"
"rls_audit_log","apps\erp-api\src\modules\security\security-dashboard.service.ts","otros"
"v_rls_violations_by_user","apps\erp-api\src\modules\security\security-dashboard.service.ts","otros"
"v_rls_violations_hourly","apps\erp-api\src\modules\security\security-dashboard.service.ts","otros"
"v_rls_alerts_recent","apps\erp-api\src\modules\security\security-dashboard.service.ts","otros"
"v_rls_alerts_unacknowledged","apps\erp-api\src\modules\security\security-dashboard.service.ts","otros"
"productos","apps\erp-api\src\modules\inventario\inventario.service.ts","inventario"
"movimientos_inventario","apps\erp-api\src\modules\inventario\inventario.service.ts","inventario"
"productos","apps\erp-api\src\modules\inventario\inventario.service.ts","inventario"
"outbox_events","apps\erp-api\src\modules\inventario\inventario.service.ts","inventario"
"productos","apps\erp-api\src\modules\inventario\inventario.service.ts","inventario"
"productos","apps\erp-api\src\modules\inventario\inventario.service.ts","inventario"
"productos","apps\erp-api\src\modules\inventario\inventario.service.ts","inventario"
"productos","apps\erp-api\src\modules\inventario\inventario.service.ts","inventario"
"productos","apps\erp-api\src\modules\inventario\inventario.service.ts","inventario"
"productos","apps\erp-api\src\modules\inventario\inventario.service.ts","inventario"
"productos","apps\erp-api\src\modules\inventario\inventario.service.ts","inventario"
"productos","apps\erp-api\src\modules\inventario\inventario.service.ts","inventario"
"producto_existencias","apps\erp-api\src\modules\inventario\inventario.service.ts","inventario"
"productos","apps\erp-api\src\modules\inventario\inventario.service.ts","inventario"
"movimientos_inventario","apps\erp-api\src\modules\inventario\inventario.service.ts","inventario"
"producto_existencias","apps\erp-api\src\modules\inventario\inventario.service.ts","inventario"
"productos","apps\erp-api\src\modules\inventario\inventario.service.ts","inventario"
"productos","apps\erp-api\src\modules\inventario\inventario.service.ts","inventario"
"vw_kardex_valorizado","apps\erp-api\src\modules\inventario\inventario.service.ts","inventario"
"recepciones","apps\erp-api\src\modules\inventario\inventario.service.ts","inventario"
"recepcion_items","apps\erp-api\src\modules\inventario\inventario.service.ts","inventario"
"productos","apps\erp-api\src\modules\inventario\inventario.service.ts","inventario"
"orden_compra_detalles","apps\erp-api\src\modules\inventario\inventario.service.ts","inventario"
"almacenes","apps\erp-api\src\modules\inventario\inventario.service.ts","inventario"
"almacen_ubicaciones","apps\erp-api\src\modules\inventario\inventario.service.ts","inventario"
"vw_inventario_recepciones","apps\erp-api\src\modules\inventario\inventario.service.ts","inventario"
"recepcion_items","apps\erp-api\src\modules\inventario\inventario.service.ts","inventario"
"productos","apps\erp-api\src\modules\inventario\inventario.service.ts","inventario"
"orden_compra_detalles","apps\erp-api\src\modules\inventario\inventario.service.ts","inventario"
"almacenes","apps\erp-api\src\modules\inventario\inventario.service.ts","inventario"
"almacen_ubicaciones","apps\erp-api\src\modules\inventario\inventario.service.ts","inventario"
"ordenes_compra","apps\erp-api\src\modules\inventario\inventario.service.ts","inventario"
"proveedores","apps\erp-api\src\modules\inventario\inventario.service.ts","inventario"
"integration_logs","apps\erp-api\src\modules\inventario\inventario.service.ts","inventario"
"almacen_ubicaciones","apps\erp-api\src\modules\inventario\inventario.controller.ts","inventario"
"productos","apps\erp-api\src\modules\inventario\inventario.controller.ts","inventario"
"stock_movimientos","apps\erp-api\src\modules\inventario\inventario.controller.ts","inventario"
"productos","apps\erp-api\src\modules\inventario\inventario.controller.ts","inventario"
"producto_precios_sucursal","apps\erp-api\src\modules\inventario\inventario.controller.ts","inventario"
"producto_stock_sucursal","apps\erp-api\src\modules\inventario\inventario.controller.ts","inventario"
"productos","apps\erp-api\src\modules\inventario\inventario.controller.ts","inventario"
"productos","apps\erp-api\src\modules\inventario\inventario.controller.ts","inventario"
"stock_movimientos","apps\erp-api\src\modules\inventario\inventario.controller.ts","inventario"
"producto_precios_sucursal","apps\erp-api\src\modules\inventario\inventario.controller.ts","inventario"
"producto_stock_sucursal","apps\erp-api\src\modules\inventario\inventario.controller.ts","inventario"
"stock_movimientos","apps\erp-api\src\modules\inventario\inventario.controller.ts","inventario"
"productos","apps\erp-api\src\modules\inventario\inventario.controller.ts","inventario"
"producto_precios_sucursal","apps\erp-api\src\modules\inventario\inventario.controller.ts","inventario"
"producto_stock_sucursal","apps\erp-api\src\modules\inventario\inventario.controller.ts","inventario"
"productos","apps\erp-api\src\modules\inventario\inventario.controller.ts","inventario"
"stock_movimientos","apps\erp-api\src\modules\inventario\inventario.controller.ts","inventario"
"productos","apps\erp-api\src\modules\inventario\inventario.controller.ts","inventario"
"productos","apps\erp-api\src\modules\inventario\inventario.controller.ts","inventario"
"productos","apps\erp-api\src\modules\inventario\inventario.controller.ts","inventario"
"productos","apps\erp-api\src\modules\inventario\inventario.controller.ts","inventario"
"productos","apps\erp-api\src\modules\inventario\inventario.controller.ts","inventario"
"producto_precios_sucursal","apps\erp-api\src\modules\inventario\inventario.controller.ts","inventario"
"producto_stock_sucursal","apps\erp-api\src\modules\inventario\inventario.controller.ts","inventario"
"empleados","apps\erp-api\src\modules\rrhh\rrhh.service.ts","rrhh"
"departamentos","apps\erp-api\src\modules\rrhh\rrhh.service.ts","rrhh"
"empleados","apps\erp-api\src\modules\rrhh\rrhh.service.ts","rrhh"
"empleados","apps\erp-api\src\modules\rrhh\rrhh.service.ts","rrhh"
"empleados","apps\erp-api\src\modules\rrhh\rrhh.service.ts","rrhh"
"departamentos","apps\erp-api\src\modules\rrhh\rrhh.service.ts","rrhh"
"vacantes","apps\erp-api\src\modules\rrhh\rrhh.service.ts","rrhh"
"vacantes","apps\erp-api\src\modules\rrhh\rrhh.service.ts","rrhh"
"candidatos","apps\erp-api\src\modules\rrhh\rrhh.service.ts","rrhh"
"candidatos","apps\erp-api\src\modules\rrhh\rrhh.service.ts","rrhh"
"candidatos","apps\erp-api\src\modules\rrhh\rrhh.service.ts","rrhh"
"asistencia","apps\erp-api\src\modules\rrhh\rrhh.service.ts","rrhh"
"asistencia","apps\erp-api\src\modules\rrhh\rrhh.service.ts","rrhh"
"asistencia","apps\erp-api\src\modules\rrhh\rrhh.service.ts","rrhh"
"asistencia","apps\erp-api\src\modules\rrhh\rrhh.service.ts","rrhh"
"solicitudes","apps\erp-api\src\modules\rrhh\rrhh.service.ts","rrhh"
"solicitudes","apps\erp-api\src\modules\rrhh\rrhh.service.ts","rrhh"
"solicitudes","apps\erp-api\src\modules\rrhh\rrhh.service.ts","rrhh"
"solicitudes","apps\erp-api\src\modules\rrhh\rrhh.service.ts","rrhh"
"beneficios","apps\erp-api\src\modules\rrhh\rrhh.service.ts","rrhh"
"empleado_beneficios","apps\erp-api\src\modules\rrhh\rrhh.service.ts","rrhh"
"empleado_beneficios","apps\erp-api\src\modules\rrhh\rrhh.service.ts","rrhh"
"evaluaciones","apps\erp-api\src\modules\rrhh\rrhh.service.ts","rrhh"
"evaluaciones","apps\erp-api\src\modules\rrhh\rrhh.service.ts","rrhh"
"evaluaciones","apps\erp-api\src\modules\rrhh\rrhh.service.ts","rrhh"
"capacitaciones","apps\erp-api\src\modules\rrhh\rrhh.service.ts","rrhh"
"empleado_capacitaciones","apps\erp-api\src\modules\rrhh\rrhh.service.ts","rrhh"
"empleado_capacitaciones","apps\erp-api\src\modules\rrhh\rrhh.service.ts","rrhh"
"empleados","apps\erp-api\src\modules\rrhh\rrhh.service.ts","rrhh"
"liquidaciones","apps\erp-api\src\modules\rrhh\rrhh.service.ts","rrhh"
"empleados","apps\erp-api\src\modules\rrhh\rrhh.service.ts","rrhh"
"contratos","apps\erp-api\src\modules\rrhh\rrhh.service.ts","rrhh"
"solicitudes","apps\erp-api\src\modules\rrhh\rrhh.service.ts","rrhh"
"horarios_trabajo","apps\erp-api\src\modules\rrhh\rrhh.service.ts","rrhh"
"empleado_horarios","apps\erp-api\src\modules\rrhh\rrhh.service.ts","rrhh"
"empleado_horarios","apps\erp-api\src\modules\rrhh\rrhh.service.ts","rrhh"
"expediente_documentos","apps\erp-api\src\modules\rrhh\rrhh.service.ts","rrhh"
"expediente_documentos","apps\erp-api\src\modules\rrhh\rrhh.service.ts","rrhh"
"empleados","apps\erp-api\src\modules\rrhh\rrhh.service.ts","rrhh"
"solicitudes","apps\erp-api\src\modules\rrhh\rrhh.service.ts","rrhh"
"evaluaciones","apps\erp-api\src\modules\rrhh\rrhh.service.ts","rrhh"
"empleados","apps\erp-api\src\modules\rrhh\rrhh.service.ts","rrhh"
"rrhh_pagos","apps\erp-api\src\modules\rrhh\rrhh.service.ts","rrhh"
"empleados","apps\erp-api\src\modules\rrhh\rrhh.service.ts","rrhh"
"rrhh_pagos","apps\erp-api\src\modules\rrhh\rrhh.service.ts","rrhh"
"empleados","apps\erp-api\src\modules\rrhh\rrhh.service.ts","rrhh"
"rrhh_pagos","apps\erp-api\src\modules\rrhh\rrhh.service.ts","rrhh"
"contratos","apps\erp-api\src\modules\rrhh\rrhh.service.ts","rrhh"
"contratos","apps\erp-api\src\modules\rrhh\rrhh.service.ts","rrhh"
"contratos","apps\erp-api\src\modules\rrhh\rrhh.service.ts","rrhh"
"contratos","apps\erp-api\src\modules\rrhh\rrhh.service.ts","rrhh"
"contratos","apps\erp-api\src\modules\rrhh\rrhh.service.ts","rrhh"
"asistencia","apps\erp-api\src\modules\rrhh\rrhh.service.ts","rrhh"
"asistencia","apps\erp-api\src\modules\rrhh\rrhh.service.ts","rrhh"
"asistencia","apps\erp-api\src\modules\rrhh\rrhh.service.ts","rrhh"
"asistencia","apps\erp-api\src\modules\rrhh\rrhh.service.ts","rrhh"
"asientos_contables","apps\erp-api\src\modules\rrhh\rrhh-accounting-integration.service.ts","rrhh"
"detalle_asientos","apps\erp-api\src\modules\rrhh\rrhh-accounting-integration.service.ts","rrhh"
"planillas","apps\erp-api\src\modules\rrhh\rrhh-accounting-integration.service.ts","rrhh"
"asientos_contables","apps\erp-api\src\modules\rrhh\rrhh-accounting-integration.service.ts","rrhh"
"detalle_asientos","apps\erp-api\src\modules\rrhh\rrhh-accounting-integration.service.ts","rrhh"
"liquidaciones","apps\erp-api\src\modules\rrhh\rrhh-accounting-integration.service.ts","rrhh"
"asientos_contables","apps\erp-api\src\modules\rrhh\rrhh-accounting-integration.service.ts","rrhh"
"detalle_asientos","apps\erp-api\src\modules\rrhh\rrhh-accounting-integration.service.ts","rrhh"
"asientos_contables","apps\erp-api\src\modules\rrhh\rrhh-accounting-integration.service.ts","rrhh"
"planillas","apps\erp-api\src\modules\rrhh\planillas.service.ts","rrhh"
"planillas","apps\erp-api\src\modules\rrhh\planillas.service.ts","rrhh"
"empleados","apps\erp-api\src\modules\rrhh\planillas.service.ts","rrhh"
"conceptos_planilla","apps\erp-api\src\modules\rrhh\planillas.service.ts","rrhh"
"planillas","apps\erp-api\src\modules\rrhh\planillas.service.ts","rrhh"
"empleado_planilla","apps\erp-api\src\modules\rrhh\planillas.service.ts","rrhh"
"empleado_planilla_conceptos","apps\erp-api\src\modules\rrhh\planillas.service.ts","rrhh"
"planillas","apps\erp-api\src\modules\rrhh\planillas.service.ts","rrhh"
"empleado_planilla","apps\erp-api\src\modules\rrhh\planillas.service.ts","rrhh"
"empleado_planilla","apps\erp-api\src\modules\rrhh\planillas.service.ts","rrhh"
"planillas","apps\erp-api\src\modules\rrhh\planillas.service.ts","rrhh"
"planillas","apps\erp-api\src\modules\rrhh\planillas.service.ts","rrhh"
"conceptos_planilla","apps\erp-api\src\modules\rrhh\planillas.service.ts","rrhh"
"conceptos_planilla","apps\erp-api\src\modules\rrhh\planillas.service.ts","rrhh"
"empleado_planilla","apps\erp-api\src\modules\rrhh\planillas.service.ts","rrhh"
"empleado_planilla_conceptos","apps\erp-api\src\modules\rrhh\planillas.service.ts","rrhh"
"planillas","apps\erp-api\src\modules\rrhh\planillas.service.ts","rrhh"
"planillas","apps\erp-api\src\modules\rrhh\planillas.service.ts","rrhh"
"pagos_empleados","apps\erp-api\src\modules\rrhh\planillas.service.ts","rrhh"
"planillas","apps\erp-api\src\modules\rrhh\planillas.service.ts","rrhh"
"empleado_planilla","apps\erp-api\src\modules\rrhh\planillas.service.ts","rrhh"
"empleado_planilla","apps\erp-api\src\modules\rrhh\planillas.service.ts","rrhh"
"historial_pagos_planilla","apps\erp-api\src\modules\rrhh\planillas.service.ts","rrhh"
"planillas","apps\erp-api\src\modules\rrhh\planillas.service.ts","rrhh"
"rrhh_pagos","apps\erp-api\src\modules\rrhh\planillas.service.ts","rrhh"
"plan_cuentas","apps\erp-api\src\modules\rrhh\planillas.service.ts","rrhh"
"planillas","apps\erp-api\src\modules\rrhh\planillas.service.ts","rrhh"
"outbox_events","apps\erp-api\src\modules\rrhh\planillas.service.ts","rrhh"
"planillas","apps\erp-api\src\modules\rrhh\planillas.service.ts","rrhh"
"asientos_contables","apps\erp-api\src\modules\rrhh\planillas.service.ts","rrhh"
"detalle_asientos","apps\erp-api\src\modules\rrhh\planillas.service.ts","rrhh"
"asientos_contables","apps\erp-api\src\modules\rrhh\planillas.service.ts","rrhh"
"planillas","apps\erp-api\src\modules\rrhh\planillas.service.ts","rrhh"
"historial_pagos_planilla","apps\erp-api\src\modules\rrhh\planillas.service.ts","rrhh"
"tenants","apps\erp-api\src\shared\jobs\background-jobs.service.ts","shared"
"integration_logs","apps\erp-api\src\shared\jobs\background-jobs.service.ts","shared"
"integration_logs","apps\erp-api\src\shared\jobs\background-jobs.service.ts","shared"
"productos","apps\erp-api\src\shared\jobs\background-jobs.service.ts","shared"
"feriados","apps\erp-api\src\shared\jobs\background-jobs.service.ts","shared"
"empleados","apps\erp-api\src\shared\jobs\background-jobs.service.ts","shared"
"asistencias","apps\erp-api\src\shared\jobs\background-jobs.service.ts","shared"
"asistencias","apps\erp-api\src\shared\jobs\background-jobs.service.ts","shared"
"outbox_events","apps\erp-api\src\modules\contabilidad\listeners\contabilidad-events.listener.ts","contabilidad"
"event_processing_log","apps\erp-api\src\modules\contabilidad\listeners\contabilidad-events.listener.ts","contabilidad"
"event_processing_log","apps\erp-api\src\modules\contabilidad\listeners\contabilidad-events.listener.ts","contabilidad"
"event_processing_log","apps\erp-api\src\modules\contabilidad\listeners\contabilidad-events.listener.ts","contabilidad"
"outbox_events","apps\erp-api\src\modules\contabilidad\listeners\contabilidad-events.listener.ts","contabilidad"
"asientos_contables","apps\erp-api\src\modules\contabilidad\listeners\contabilidad-events.listener.ts","contabilidad"
"asientos_contables","apps\erp-api\src\modules\contabilidad\listeners\contabilidad-events.listener.ts","contabilidad"
"detalle_asientos","apps\erp-api\src\modules\contabilidad\listeners\contabilidad-events.listener.ts","contabilidad"
"asientos_contables","apps\erp-api\src\modules\contabilidad\listeners\contabilidad-events.listener.ts","contabilidad"
"almacenes","apps\erp-api\src\modules\inventario\almacenes\almacenes.service.ts","inventario"
"almacenes","apps\erp-api\src\modules\inventario\almacenes\almacenes.service.ts","inventario"
"almacenes","apps\erp-api\src\modules\inventario\almacenes\almacenes.service.ts","inventario"
"proveedores_cuarta_categoria","apps\erp-api\src\modules\retenciones\retenciones.service.ts","otros"
"configuracion_retenciones","apps\erp-api\src\modules\retenciones\retenciones.service.ts","otros"
"libro_retenciones","apps\erp-api\src\modules\retenciones\retenciones.service.ts","otros"
"libro_retenciones","apps\erp-api\src\modules\retenciones\retenciones.service.ts","otros"
"libro_retenciones","apps\erp-api\src\modules\retenciones\retenciones.service.ts","otros"
"libro_retenciones","apps\erp-api\src\modules\retenciones\retenciones.service.ts","otros"
"libro_retenciones","apps\erp-api\src\modules\retenciones\retenciones.service.ts","otros"
"libro_retenciones","apps\erp-api\src\modules\retenciones\retenciones.service.ts","otros"
"libro_retenciones","apps\erp-api\src\modules\retenciones\retenciones.service.ts","otros"
"libro_retenciones","apps\erp-api\src\modules\retenciones\retenciones.service.ts","otros"
"configuracion_retenciones","apps\erp-api\src\modules\retenciones\retenciones.service.ts","otros"
"configuracion_retenciones","apps\erp-api\src\modules\retenciones\retenciones.service.ts","otros"
"clientes","apps\erp-api\src\modules\ventas\clientes\clientes.service.ts","ventas"
"clientes","apps\erp-api\src\modules\ventas\clientes\clientes.service.ts","ventas"
"clientes","apps\erp-api\src\modules\ventas\clientes\clientes.service.ts","ventas"
"clientes","apps\erp-api\src\modules\ventas\clientes\clientes.service.ts","ventas"
"clientes","apps\erp-api\src\modules\ventas\clientes\clientes.service.ts","ventas"
"clientes","apps\erp-api\src\modules\ventas\clientes\clientes.service.ts","ventas"
"cotizaciones","apps\erp-api\src\modules\ventas\clientes\clientes.service.ts","ventas"
"pedidos_venta","apps\erp-api\src\modules\ventas\clientes\clientes.service.ts","ventas"
"clientes","apps\erp-api\src\modules\ventas\clientes\clientes.service.ts","ventas"
"productos","apps\erp-api\src\modules\import-export\import-export.service.ts","otros"
"productos","apps\erp-api\src\modules\import-export\import-export.service.ts","otros"
"productos","apps\erp-api\src\modules\import-export\import-export.service.ts","otros"
"producto_precios_sucursal","apps\erp-api\src\modules\import-export\import-export.service.ts","otros"
"producto_stock_sucursal","apps\erp-api\src\modules\import-export\import-export.service.ts","otros"
"usuarios_sistema","apps\erp-api\src\modules\usuarios.controller.ts","usuarios"
"usuarios_sistema","apps\erp-api\src\modules\usuarios.controller.ts","usuarios"
"usuarios_sistema","apps\erp-api\src\modules\usuarios.controller.ts","usuarios"
"usuarios_sistema","apps\erp-api\src\modules\usuarios.controller.ts","usuarios"
"roles","apps\erp-api\src\modules\usuarios.controller.ts","usuarios"
"roles","apps\erp-api\src\modules\usuarios.controller.ts","usuarios"
"usuarios_sistema","apps\erp-api\src\modules\usuarios.controller.ts","usuarios"
"usuarios_sistema","apps\erp-api\src\modules\usuarios.controller.ts","usuarios"
"user_roles","apps\erp-api\src\modules\usuarios.controller.ts","usuarios"
"usuarios_sistema","apps\erp-api\src\modules\usuarios.controller.ts","usuarios"
"usuarios_sistema","apps\erp-api\src\modules\usuarios.controller.ts","usuarios"
"usuarios_sistema","apps\erp-api\src\modules\usuarios.controller.ts","usuarios"
"usuarios_sistema","apps\erp-api\src\modules\usuarios.controller.ts","usuarios"
"usuarios_sistema","apps\erp-api\src\modules\usuarios.controller.ts","usuarios"
"usuarios_sistema","apps\erp-api\src\modules\usuarios.controller.ts","usuarios"
"user_roles","apps\erp-api\src\modules\usuarios.controller.ts","usuarios"
"usuarios_sistema","apps\erp-api\src\modules\usuarios.controller.ts","usuarios"
"user_roles","apps\erp-api\src\modules\usuarios.controller.ts","usuarios"
"rol_permisos","apps\erp-api\src\modules\usuarios.controller.ts","usuarios"
"usuarios_sistema","apps\erp-api\src\modules\usuarios.controller.ts","usuarios"
"productos","apps\erp-api\src\shared\integration\inventory-integration.service.ts","shared"
"productos","apps\erp-api\src\shared\integration\inventory-integration.service.ts","shared"
"productos","apps\erp-api\src\shared\integration\inventory-integration.service.ts","shared"
"productos","apps\erp-api\src\shared\integration\inventory-integration.service.ts","shared"
"productos","apps\erp-api\src\shared\integration\inventory-integration.service.ts","shared"
"stock_movimientos","apps\erp-api\src\shared\integration\inventory-integration.service.ts","shared"
"productos","apps\erp-api\src\shared\integration\inventory-integration.service.ts","shared"
"stock_movimientos","apps\erp-api\src\shared\integration\inventory-integration.service.ts","shared"
"productos","apps\erp-api\src\shared\integration\inventory-integration.service.ts","shared"
"productos","apps\erp-api\src\shared\integration\inventory-integration.service.ts","shared"
"productos","apps\erp-api\src\shared\integration\inventory-integration.service.ts","shared"
"ventas","apps\erp-api\src\shared\integration\financial-integration.service.ts","shared"
"gastos","apps\erp-api\src\shared\integration\financial-integration.service.ts","shared"
"pagos_ventas","apps\erp-api\src\shared\integration\financial-integration.service.ts","shared"
"ventas","apps\erp-api\src\shared\integration\financial-integration.service.ts","shared"
"gastos","apps\erp-api\src\shared\integration\financial-integration.service.ts","shared"
"cuentas_por_cobrar","apps\erp-api\src\shared\integration\financial-integration.service.ts","shared"
"cuentas_por_pagar","apps\erp-api\src\shared\integration\financial-integration.service.ts","shared"
"productos","apps\erp-api\src\shared\integration\financial-integration.service.ts","shared"
"ventas","apps\erp-api\src\shared\integration\financial-integration.service.ts","shared"
"ventas_pos","apps\erp-api\src\shared\integration\dashboard-integration.service.ts","shared"
"ventas_pos","apps\erp-api\src\shared\integration\dashboard-integration.service.ts","shared"
"ventas_pos","apps\erp-api\src\shared\integration\dashboard-integration.service.ts","shared"
"ordenes_compra","apps\erp-api\src\shared\integration\dashboard-integration.service.ts","shared"
"ordenes_compra","apps\erp-api\src\shared\integration\dashboard-integration.service.ts","shared"
"productos","apps\erp-api\src\shared\integration\dashboard-integration.service.ts","shared"
"productos","apps\erp-api\src\shared\integration\dashboard-integration.service.ts","shared"
"movimientos_stock","apps\erp-api\src\shared\integration\dashboard-integration.service.ts","shared"
"cpe","apps\erp-api\src\shared\integration\dashboard-integration.service.ts","shared"
"gre","apps\erp-api\src\shared\integration\dashboard-integration.service.ts","shared"
"sire_files","apps\erp-api\src\shared\integration\dashboard-integration.service.ts","shared"
"cotizaciones","apps\erp-api\src\shared\integration\dashboard-integration.service.ts","shared"
"cotizaciones","apps\erp-api\src\shared\integration\dashboard-integration.service.ts","shared"
"cotizaciones","apps\erp-api\src\shared\integration\dashboard-integration.service.ts","shared"
"usuarios_sistema","apps\erp-api\src\shared\integration\dashboard-integration.service.ts","shared"
"ventas_pos","apps\erp-api\src\shared\integration\dashboard-integration.service.ts","shared"
"ordenes_compra","apps\erp-api\src\shared\integration\dashboard-integration.service.ts","shared"
"cotizaciones","apps\erp-api\src\shared\integration\dashboard-integration.service.ts","shared"
"cpe","apps\erp-api\src\shared\integration\dashboard-integration.service.ts","shared"
"gre","apps\erp-api\src\shared\integration\dashboard-integration.service.ts","shared"
"ventas","apps\erp-api\src\shared\integration\accounting-reports.service.ts","shared"
"compras","apps\erp-api\src\shared\integration\accounting-reports.service.ts","shared"
"activos_fijos","apps\erp-api\src\shared\integration\accounting-reports.service.ts","shared"
"planillas","apps\erp-api\src\shared\integration\accounting-reports.service.ts","shared"
"detalle_asientos","apps\erp-api\src\shared\integration\accounting-reports.service.ts","shared"
"asientos_contables","apps\erp-api\src\shared\integration\accounting-reports.service.ts","shared"
"detalle_asientos","apps\erp-api\src\shared\integration\accounting-reports.service.ts","shared"
"plan_cuentas","apps\erp-api\src\shared\integration\accounting-entries.service.ts","shared"
"plan_cuentas","apps\erp-api\src\shared\integration\accounting-entries.service.ts","shared"
"productos","apps\erp-api\src\shared\integration\accounting-entries.service.ts","shared"
"asientos_contables","apps\erp-api\src\shared\integration\accounting-entries.service.ts","shared"
"asientos_contables","apps\erp-api\src\shared\integration\accounting-entries.service.ts","shared"
"asientos_contables","apps\erp-api\src\shared\integration\accounting-entries.service.ts","shared"
"asientos_contables","apps\erp-api\src\shared\integration\accounting-entries.service.ts","shared"
"detalle_asientos","apps\erp-api\src\shared\integration\accounting-entries.service.ts","shared"
"plan_cuentas","apps\erp-api\src\shared\integration\accounting-entries.service.ts","shared"
"asientos_contables","apps\erp-api\src\shared\integration\accounting-entries.service.ts","shared"
"plan_cuentas","apps\erp-api\src\shared\integration\accounting-books.service.ts","shared"
"asientos_contables","apps\erp-api\src\shared\integration\accounting-books.service.ts","shared"
"detalle_asientos","apps\erp-api\src\shared\integration\accounting-books.service.ts","shared"
"detalle_asientos","apps\erp-api\src\shared\integration\accounting-books.service.ts","shared"
"asientos_contables","apps\erp-api\src\shared\integration\accounting-books.service.ts","shared"
"detalle_asientos","apps\erp-api\src\shared\integration\accounting-books.service.ts","shared"
"vw_kardex_valorizado","apps\erp-api\src\shared\integration\accounting-books.service.ts","shared"
"detalle_asientos","apps\erp-api\src\shared\integration\accounting-books.service.ts","shared"
"detalle_asientos","apps\erp-api\src\shared\integration\accounting-books.service.ts","shared"
"detalle_asientos","apps\erp-api\src\shared\integration\accounting-books.service.ts","shared"
"detalle_asientos","apps\erp-api\src\shared\integration\accounting-books.service.ts","shared"
"detalle_asientos","apps\erp-api\src\shared\integration\accounting-books.service.ts","shared"
"asientos_contables","apps\erp-api\src\shared\integration\accounting-books.service.ts","shared"
"detalle_asientos","apps\erp-api\src\shared\integration\accounting-books.service.ts","shared"
"detalle_asientos","apps\erp-api\src\shared\integration\accounting-books.service.ts","shared"
"registro_consignaciones","apps\erp-api\src\shared\integration\accounting-books.service.ts","shared"
"registro_consignaciones","apps\erp-api\src\shared\integration\accounting-books.service.ts","shared"
"registro_consignaciones","apps\erp-api\src\shared\integration\accounting-books.service.ts","shared"
"empresa_config","apps\erp-api\src\modules\configuracion.controller.ts","otros"
"empresa_config","apps\erp-api\src\modules\configuracion.controller.ts","otros"
"documento_series","apps\erp-api\src\modules\configuracion.controller.ts","otros"
"empresa_config","apps\erp-api\src\modules\configuracion.controller.ts","otros"
"empresa_config","apps\erp-api\src\modules\configuracion.controller.ts","otros"
"empresa_config","apps\erp-api\src\modules\validations\validation.service.ts","otros"
"empresa_config","apps\erp-api\src\modules\validations\validation.service.ts","otros"
"paises","apps\erp-api\src\modules\validations\validation.service.ts","otros"
"empresa_config","apps\erp-api\src\modules\validations\validation.service.ts","otros"
"configuracion_fiscal","apps\erp-api\src\modules\validations\validation.service.ts","otros"
"paises","apps\erp-api\src\modules\validations\validation.service.ts","otros"
"conciliaciones_bancarias","apps\erp-api\src\modules\finanzas\conciliacion\conciliacion.service.ts","finanzas"
"conciliaciones_bancarias","apps\erp-api\src\modules\finanzas\conciliacion\conciliacion.service.ts","finanzas"
"cuentas_bancarias","apps\erp-api\src\modules\finanzas\conciliacion\conciliacion.service.ts","finanzas"
"conciliaciones_bancarias","apps\erp-api\src\modules\finanzas\conciliacion\conciliacion.service.ts","finanzas"
"movimientos_bancarios","apps\erp-api\src\modules\finanzas\conciliacion\conciliacion.service.ts","finanzas"
"conciliaciones_bancarias","apps\erp-api\src\modules\finanzas\conciliacion\conciliacion.service.ts","finanzas"
"conciliaciones_bancarias","apps\erp-api\src\modules\finanzas\conciliacion\conciliacion.service.ts","finanzas"
"movimientos_bancarios","apps\erp-api\src\modules\finanzas\conciliacion\conciliacion.service.ts","finanzas"
"conciliaciones_bancarias","apps\erp-api\src\modules\finanzas\conciliacion\conciliacion.service.ts","finanzas"
"conciliaciones_bancarias","apps\erp-api\src\modules\finanzas\conciliacion\conciliacion.service.ts","finanzas"
"movimientos_bancarios","apps\erp-api\src\modules\finanzas\conciliacion\conciliacion.service.ts","finanzas"
"movimientos_bancarios","apps\erp-api\src\modules\finanzas\conciliacion\conciliacion.service.ts","finanzas"
"movimientos_bancarios","apps\erp-api\src\modules\finanzas\conciliacion\conciliacion.service.ts","finanzas"
"movimientos_bancarios","apps\erp-api\src\modules\finanzas\conciliacion\conciliacion.service.ts","finanzas"
"conciliaciones_bancarias","apps\erp-api\src\modules\finanzas\conciliacion\conciliacion.service.ts","finanzas"
"movimientos_bancarios","apps\erp-api\src\modules\finanzas\conciliacion\conciliacion.service.ts","finanzas"
"movimientos_bancarios","apps\erp-api\src\modules\finanzas\conciliacion\conciliacion.service.ts","finanzas"
"movimientos_bancarios","apps\erp-api\src\modules\finanzas\conciliacion\conciliacion.service.ts","finanzas"
"movimientos_bancarios","apps\erp-api\src\modules\finanzas\conciliacion\conciliacion.service.ts","finanzas"
"conciliaciones_bancarias","apps\erp-api\src\modules\finanzas\conciliacion\conciliacion.service.ts","finanzas"
"movimientos_bancarios","apps\erp-api\src\modules\finanzas\conciliacion\conciliacion.service.ts","finanzas"
"movimientos_bancarios","apps\erp-api\src\modules\finanzas\conciliacion\conciliacion.service.ts","finanzas"
"conciliaciones_bancarias","apps\erp-api\src\modules\finanzas\conciliacion\conciliacion.service.ts","finanzas"
"movimientos_bancarios","apps\erp-api\src\modules\finanzas\conciliacion\conciliacion.service.ts","finanzas"
"movimientos_bancarios","apps\erp-api\src\modules\finanzas\conciliacion\conciliacion.service.ts","finanzas"
"conciliaciones_bancarias","apps\erp-api\src\modules\finanzas\conciliacion\conciliacion.service.ts","finanzas"
"conciliaciones_bancarias","apps\erp-api\src\modules\finanzas\conciliacion\conciliacion.service.ts","finanzas"
"movimientos_bancarios","apps\erp-api\src\modules\finanzas\conciliacion\conciliacion.service.ts","finanzas"
"movimientos_bancarios","apps\erp-api\src\modules\finanzas\conciliacion\conciliacion.service.ts","finanzas"
"empresa_config","apps\erp-api\src\modules\configuracion\configuration.service.ts","configuracion"
"empresa_config","apps\erp-api\src\modules\configuracion\configuration.service.ts","configuracion"
"empresa_config","apps\erp-api\src\modules\configuracion\configuration.service.ts","configuracion"
"empresa_config","apps\erp-api\src\modules\configuracion\configuration.service.ts","configuracion"
"empresa_config","apps\erp-api\src\modules\configuracion\configuration.service.ts","configuracion"
"wizard_progress","apps\erp-api\src\modules\configuracion\configuration.service.ts","configuracion"
"wizard_progress","apps\erp-api\src\modules\configuracion\configuration.service.ts","configuracion"
"wizard_progress","apps\erp-api\src\modules\configuracion\configuration.service.ts","configuracion"
"empresa_config","apps\erp-api\src\modules\configuracion\configuration.service.ts","configuracion"
"empresa_config","apps\erp-api\src\modules\configuracion\configuration.service.ts","configuracion"
"wizard_progress","apps\erp-api\src\modules\configuracion\configuration.service.ts","configuracion"
"wizard_progress","apps\erp-api\src\modules\configuracion\configuration.service.ts","configuracion"
"empresa_config","apps\erp-api\src\modules\configuracion\configuration.service.ts","configuracion"
"empresa_config","apps\erp-api\src\modules\configuracion\configuration.controller.ts","configuracion"
"paises","apps\erp-api\src\modules\configuracion\configuration.controller.ts","configuracion"
"paises","apps\erp-api\src\modules\configuracion\configuration.controller.ts","configuracion"
"paises","apps\erp-api\src\modules\configuracion\configuration.controller.ts","configuracion"
"empresa_config","apps\erp-api\src\modules\configuracion\configuration.controller.ts","configuracion"
"empresa_config","apps\erp-api\src\modules\configuracion\configuration.controller.ts","configuracion"
"configuracion_fiscal","apps\erp-api\src\modules\configuracion\configuracion-fiscal.controller.ts","configuracion"
"ordenes_compra","apps\erp-api\src\modules\compras.controller.ts","otros"
"proveedores","apps\erp-api\src\modules\compras.controller.ts","otros"
"ordenes_compra","apps\erp-api\src\modules\compras.controller.ts","otros"
"ordenes_compra","apps\erp-api\src\modules\compras.controller.ts","otros"
"ordenes_compra","apps\erp-api\src\modules\compras.controller.ts","otros"
"orden_compra_detalles","apps\erp-api\src\modules\compras.controller.ts","otros"
"ordenes_compra","apps\erp-api\src\modules\compras.controller.ts","otros"
"orden_compra_detalles","apps\erp-api\src\modules\compras.controller.ts","otros"
"orden_compra_detalles","apps\erp-api\src\modules\compras.controller.ts","otros"
"ordenes_compra","apps\erp-api\src\modules\compras.controller.ts","otros"
"ordenes_compra","apps\erp-api\src\modules\compras.controller.ts","otros"
"proveedores","apps\erp-api\src\modules\compras.controller.ts","otros"
"proveedores","apps\erp-api\src\modules\compras.controller.ts","otros"
"tenants","apps\erp-api\src\modules\compras.controller.ts","otros"
"proveedores","apps\erp-api\src\modules\compras.controller.ts","otros"
"proveedores","apps\erp-api\src\modules\compras.controller.ts","otros"
"proveedores","apps\erp-api\src\modules\compras.controller.ts","otros"
"proveedores","apps\erp-api\src\modules\compras.controller.ts","otros"
"ordenes_compra","apps\erp-api\src\modules\compras.controller.ts","otros"
"productos","apps\erp-api\src\modules\compras.controller.ts","otros"
"ordenes_compra","apps\erp-api\src\modules\compras.controller.ts","otros"
"comprobantes_electronicos","apps\erp-api\src\modules\gre\gre.service.ts","gre"
"gre_guias","apps\erp-api\src\modules\gre\gre.service.ts","gre"
"gre_guias","apps\erp-api\src\modules\gre\gre.service.ts","gre"
"gre_guias","apps\erp-api\src\modules\gre\gre.service.ts","gre"
"integration_logs","apps\erp-api\src\modules\gre\gre.service.ts","gre"
"empresa_config","apps\erp-api\src\modules\gre\gre.service.ts","gre"
"paises","apps\erp-api\src\modules\gre\gre.service.ts","gre"
"gre_guias","apps\erp-api\src\modules\gre\gre.service.ts","gre"
"gre_guias","apps\erp-api\src\modules\gre\gre.service.ts","gre"
"integration_logs","apps\erp-api\src\modules\gre\gre.service.ts","gre"
"gre_guias","apps\erp-api\src\modules\gre\gre.service.ts","gre"
"integration_logs","apps\erp-api\src\modules\gre\gre.service.ts","gre"
"empresa_config","apps\erp-api\src\modules\gre\gre.service.ts","gre"
"cpe","apps\erp-api\src\modules\gre\gre.service.ts","gre"
"gre_detalles","apps\erp-api\src\modules\gre\gre.service.ts","gre"
"pedidos_venta","apps\erp-api\src\modules\gre\gre.service.ts","gre"
"pedido_gres","apps\erp-api\src\modules\gre\gre.service.ts","gre"
"pedidos_venta","apps\erp-api\src\modules\gre\gre.service.ts","gre"
"gre_guias","apps\erp-api\src\modules\gre\gre.service.ts","gre"
"gre_guias","apps\erp-api\src\modules\gre\gre.service.ts","gre"
"gre_guias","apps\erp-api\src\modules\gre\gre.service.ts","gre"
"gre_guias","apps\erp-api\src\modules\gre\gre.service.ts","gre"
"gre_guias","apps\erp-api\src\modules\gre\gre.service.ts","gre"
"gre_guias","apps\erp-api\src\modules\gre\gre.service.ts","gre"
"gre_guias","apps\erp-api\src\modules\gre\gre.service.ts","gre"
"empresa_config","apps\erp-api\src\modules\gre\gre.service.ts","gre"
"stock_movimientos","apps\erp-api\src\modules\gre\gre.service.ts","gre"
"empresa_config","apps\erp-api\src\modules\gre\gre.controller.ts","gre"
"outbox_events","apps\erp-api\src\shared\events\event-emitter.service.ts","shared"
"cuentas_bancarias","apps\erp-api\src\modules\finanzas\bancos\bancos.service.ts","finanzas"
"cuentas_bancarias","apps\erp-api\src\modules\finanzas\bancos\bancos.service.ts","finanzas"
"cuentas_bancarias","apps\erp-api\src\modules\finanzas\bancos\bancos.service.ts","finanzas"
"cuentas_bancarias","apps\erp-api\src\modules\finanzas\bancos\bancos.service.ts","finanzas"
"cuentas_bancarias","apps\erp-api\src\modules\finanzas\bancos\bancos.service.ts","finanzas"
"cuentas_bancarias","apps\erp-api\src\modules\finanzas\bancos\bancos.service.ts","finanzas"
"cuentas_bancarias","apps\erp-api\src\modules\finanzas\bancos\bancos.service.ts","finanzas"
"cuentas_bancarias","apps\erp-api\src\modules\finanzas\bancos\bancos.service.ts","finanzas"
"movimientos_bancarios","apps\erp-api\src\modules\finanzas\bancos\bancos.service.ts","finanzas"
"cuentas_bancarias","apps\erp-api\src\modules\finanzas\bancos\bancos.service.ts","finanzas"
"proveedores","apps\erp-api\src\modules\finanzas\bancos\bancos.service.ts","finanzas"
"movimientos_bancarios","apps\erp-api\src\modules\finanzas\bancos\bancos.service.ts","finanzas"
"cuentas_bancarias","apps\erp-api\src\modules\finanzas\bancos\bancos.service.ts","finanzas"
"movimientos_bancarios","apps\erp-api\src\modules\finanzas\bancos\bancos.service.ts","finanzas"
"outbox_events","apps\erp-api\src\modules\finanzas\bancos\bancos.service.ts","finanzas"
"cuentas_bancarias","apps\erp-api\src\modules\finanzas\bancos\bancos.service.ts","finanzas"
"cuentas_bancarias","apps\erp-api\src\modules\finanzas\bancos\bancos.service.ts","finanzas"
"movimientos_bancarios","apps\erp-api\src\modules\finanzas\bancos\bancos.service.ts","finanzas"
"movimientos_bancarios","apps\erp-api\src\modules\finanzas\bancos\bancos.service.ts","finanzas"
"movimientos_bancarios","apps\erp-api\src\modules\finanzas\bancos\bancos.service.ts","finanzas"
"documentos","apps\erp-api\src\modules\documentos.service.ts","otros"
"documentos","apps\erp-api\src\modules\documentos.service.ts","otros"
"documentos","apps\erp-api\src\modules\documentos.service.ts","otros"
"documentos","apps\erp-api\src\modules\documentos.service.ts","otros"
"documentos","apps\erp-api\src\modules\documentos.service.ts","otros"
"documentos","apps\erp-api\src\modules\documentos.service.ts","otros"
"documentos","apps\erp-api\src\modules\documentos.service.ts","otros"
"documentos","apps\erp-api\src\modules\documentos.service.ts","otros"
"documento_detalles","apps\erp-api\src\modules\documentos.service.ts","otros"
"clientes","apps\erp-api\src\modules\documentos.service.ts","otros"
"empresa_config","apps\erp-api\src\modules\documentos.service.ts","otros"
"documento_series","apps\erp-api\src\modules\documentos.service.ts","otros"
"documentos","apps\erp-api\src\modules\documentos.service.ts","otros"
"documentos","apps\erp-api\src\modules\documentos.service.ts","otros"
"documento_series","apps\erp-api\src\modules\documentos.service.ts","otros"
"documento_series","apps\erp-api\src\modules\documentos.service.ts","otros"
"fe_configuracion","apps\erp-api\src\modules\documentos.service.ts","otros"
"documento_auditoria","apps\erp-api\src\modules\documentos.service.ts","otros"
"documento_series","apps\erp-api\src\modules\documentos.service.ts","otros"
"documento_series","apps\erp-api\src\modules\documentos.service.ts","otros"
"documento_auditoria","apps\erp-api\src\modules\documentos.service.ts","otros"
"documentos","apps\erp-api\src\modules\documentos.service.ts","otros"
"documentos","apps\erp-api\src\modules\documentos.service.ts","otros"
"empresa_config","apps\erp-api\src\modules\fiscal\dian-fiscal.service.ts","fiscal"
"integration_logs","apps\erp-api\src\modules\compras\services\recepciones.service.ts","compras"
"recepciones","apps\erp-api\src\modules\compras\services\recepciones.service.ts","compras"
"recepciones","apps\erp-api\src\modules\compras\services\recepciones.service.ts","compras"
"ordenes_compra","apps\erp-api\src\modules\compras\services\recepciones.service.ts","compras"
"recepciones","apps\erp-api\src\modules\compras\services\recepciones.service.ts","compras"
"recepcion_items","apps\erp-api\src\modules\compras\services\recepciones.service.ts","compras"
"recepciones","apps\erp-api\src\modules\compras\services\recepciones.service.ts","compras"
"movimientos_inventario","apps\erp-api\src\modules\compras\services\recepciones.service.ts","compras"
"orden_compra_detalles","apps\erp-api\src\modules\compras\services\recepciones.service.ts","compras"
"orden_compra_detalles","apps\erp-api\src\modules\compras\services\recepciones.service.ts","compras"
"ordenes_compra","apps\erp-api\src\modules\compras\services\recepciones.service.ts","compras"
"recepciones","apps\erp-api\src\modules\compras\services\recepciones.service.ts","compras"
"orden_compra_detalles","apps\erp-api\src\modules\compras\services\recepciones.service.ts","compras"
"ordenes_compra","apps\erp-api\src\modules\compras\services\recepciones.service.ts","compras"
"recepciones","apps\erp-api\src\modules\compras\services\recepciones.service.ts","compras"
"recepciones","apps\erp-api\src\modules\compras\services\recepciones.service.ts","compras"
"ordenes_compra","apps\erp-api\src\modules\compras\services\recepciones.service.ts","compras"
"orden_compra_detalles","apps\erp-api\src\modules\compras\services\recepciones.service.ts","compras"
"orden_compra_detalles","apps\erp-api\src\modules\compras\services\recepciones.service.ts","compras"
"usuarios","apps\erp-api\src\modules\compras\services\ordenes-compra.service.ts","compras"
"usuarios","apps\erp-api\src\modules\compras\services\ordenes-compra.service.ts","compras"
"proveedores","apps\erp-api\src\modules\compras\services\ordenes-compra.service.ts","compras"
"recepciones","apps\erp-api\src\modules\compras\services\ordenes-compra.service.ts","compras"
"recepciones","apps\erp-api\src\modules\compras\services\ordenes-compra.service.ts","compras"
"recepciones","apps\erp-api\src\modules\compras\services\ordenes-compra.service.ts","compras"
"devoluciones_proveedor","apps\erp-api\src\modules\compras\services\ordenes-compra.service.ts","compras"
"usuarios_sistema","apps\erp-api\src\modules\compras\services\ordenes-compra.service.ts","compras"
"usuarios_sistema","apps\erp-api\src\modules\compras\services\ordenes-compra.service.ts","compras"
"empresa_config","apps\erp-api\src\modules\compras\services\ordenes-compra.service.ts","compras"
"usuarios_sistema","apps\erp-api\src\modules\compras\services\ordenes-compra.service.ts","compras"
"usuarios_sistema","apps\erp-api\src\modules\compras\services\ordenes-compra.service.ts","compras"
"usuarios_sistema","apps\erp-api\src\modules\compras\services\ordenes-compra.service.ts","compras"
"empresa_config","apps\erp-api\src\modules\compras\services\ordenes-compra.service.ts","compras"
"proveedores","apps\erp-api\src\modules\compras\services\ordenes-compra.service.ts","compras"
"orden_compra_detalles","apps\erp-api\src\modules\compras\services\ordenes-compra.service.ts","compras"
"ordenes_compra","apps\erp-api\src\modules\compras\services\devoluciones-proveedor.service.ts","compras"
"recepciones","apps\erp-api\src\modules\compras\services\devoluciones-proveedor.service.ts","compras"
"proveedores","apps\erp-api\src\modules\compras\services\devoluciones-proveedor.service.ts","compras"
"ordenes_compra","apps\erp-api\src\modules\compras\services\devoluciones-proveedor.service.ts","compras"
"recepciones","apps\erp-api\src\modules\compras\services\devoluciones-proveedor.service.ts","compras"
"empresa_config","apps\erp-api\src\modules\compras\services\devoluciones-proveedor.service.ts","compras"
"empresa_config","apps\erp-api\src\modules\compras\services\compras-cxp-integration.service.ts","compras"
"cuentas_por_pagar","apps\erp-api\src\modules\compras\services\compras-cxp-integration.service.ts","compras"
"proveedores","apps\erp-api\src\modules\compras\services\compras-cxp-integration.service.ts","compras"
"cuentas_por_pagar","apps\erp-api\src\modules\compras\services\compras-cxp-integration.service.ts","compras"
"ordenes_compra","apps\erp-api\src\modules\compras\services\compras-cxp-integration.service.ts","compras"
"orden_compra_detalles","apps\erp-api\src\modules\compras\services\compras-cxp-integration.service.ts","compras"
"recepcion_items","apps\erp-api\src\modules\compras\services\compras-cxp-integration.service.ts","compras"
"recepciones","apps\erp-api\src\modules\compras\services\compras-cxp-integration.service.ts","compras"
"ordenes_compra","apps\erp-api\src\modules\compras\services\compras-cxp-integration.service.ts","compras"
"cuentas_por_pagar","apps\erp-api\src\modules\compras\services\compras-cxp-integration.service.ts","compras"
"proveedores","apps\erp-api\src\modules\compras\repositories\proveedores.repository.ts","compras"
"proveedores","apps\erp-api\src\modules\compras\repositories\proveedores.repository.ts","compras"
"proveedores","apps\erp-api\src\modules\compras\repositories\proveedores.repository.ts","compras"
"proveedores","apps\erp-api\src\modules\compras\repositories\proveedores.repository.ts","compras"
"proveedores","apps\erp-api\src\modules\compras\repositories\proveedores.repository.ts","compras"
"proveedores","apps\erp-api\src\modules\compras\repositories\proveedores.repository.ts","compras"
"ordenes_compra","apps\erp-api\src\modules\compras\repositories\ordenes-compra.repository.ts","compras"
"orden_compra_detalles","apps\erp-api\src\modules\compras\repositories\ordenes-compra.repository.ts","compras"
"ordenes_compra","apps\erp-api\src\modules\compras\repositories\ordenes-compra.repository.ts","compras"
"ordenes_compra","apps\erp-api\src\modules\compras\repositories\ordenes-compra.repository.ts","compras"
"orden_compra_detalles","apps\erp-api\src\modules\compras\repositories\ordenes-compra.repository.ts","compras"
"ordenes_compra","apps\erp-api\src\modules\compras\repositories\ordenes-compra.repository.ts","compras"
"ordenes_compra","apps\erp-api\src\modules\compras\repositories\ordenes-compra.repository.ts","compras"
"ordenes_compra","apps\erp-api\src\modules\compras\repositories\ordenes-compra.repository.ts","compras"
"ordenes_compra","apps\erp-api\src\modules\compras\repositories\ordenes-compra.repository.ts","compras"
"ordenes_compra","apps\erp-api\src\modules\compras\repositories\ordenes-compra.repository.ts","compras"
"orden_compra_detalles","apps\erp-api\src\modules\compras\repositories\ordenes-compra.repository.ts","compras"
"orden_compra_detalles","apps\erp-api\src\modules\compras\repositories\ordenes-compra.repository.ts","compras"
"orden_compra_detalles","apps\erp-api\src\modules\compras\repositories\ordenes-compra.repository.ts","compras"
"ordenes_compra","apps\erp-api\src\modules\compras\repositories\ordenes-compra.repository.ts","compras"
"orden_compra_detalles","apps\erp-api\src\modules\compras\repositories\ordenes-compra.repository.ts","compras"
"recepciones","apps\erp-api\src\modules\compras\repositories\ordenes-compra.repository.ts","compras"
"oc_aprobaciones","apps\erp-api\src\modules\compras\repositories\oc-aprobaciones.repository.ts","compras"
"oc_aprobaciones","apps\erp-api\src\modules\compras\repositories\oc-aprobaciones.repository.ts","compras"
"oc_aprobaciones","apps\erp-api\src\modules\compras\repositories\oc-aprobaciones.repository.ts","compras"
"oc_aprobaciones","apps\erp-api\src\modules\compras\repositories\oc-aprobaciones.repository.ts","compras"
"oc_aprobaciones","apps\erp-api\src\modules\compras\repositories\oc-aprobaciones.repository.ts","compras"
"oc_aprobaciones","apps\erp-api\src\modules\compras\repositories\oc-aprobaciones.repository.ts","compras"
"devoluciones_proveedor","apps\erp-api\src\modules\compras\repositories\devoluciones-proveedor.repository.ts","compras"
"devoluciones_proveedor","apps\erp-api\src\modules\compras\repositories\devoluciones-proveedor.repository.ts","compras"
"devolucion_items","apps\erp-api\src\modules\compras\repositories\devoluciones-proveedor.repository.ts","compras"
"devoluciones_proveedor","apps\erp-api\src\modules\compras\repositories\devoluciones-proveedor.repository.ts","compras"
"devoluciones_proveedor","apps\erp-api\src\modules\compras\repositories\devoluciones-proveedor.repository.ts","compras"
"devoluciones_proveedor","apps\erp-api\src\modules\compras\repositories\devoluciones-proveedor.repository.ts","compras"
"cotizaciones_compra","apps\erp-api\src\modules\compras\repositories\cotizaciones-compra.repository.ts","compras"
"cotizacion_compra_detalles","apps\erp-api\src\modules\compras\repositories\cotizaciones-compra.repository.ts","compras"
"cotizaciones_compra","apps\erp-api\src\modules\compras\repositories\cotizaciones-compra.repository.ts","compras"
"cotizaciones_compra","apps\erp-api\src\modules\compras\repositories\cotizaciones-compra.repository.ts","compras"
"cotizacion_compra_detalles","apps\erp-api\src\modules\compras\repositories\cotizaciones-compra.repository.ts","compras"
"cotizaciones_compra","apps\erp-api\src\modules\compras\repositories\cotizaciones-compra.repository.ts","compras"
"cotizaciones_compra","apps\erp-api\src\modules\compras\repositories\cotizaciones-compra.repository.ts","compras"
"cotizaciones_compra","apps\erp-api\src\modules\compras\repositories\cotizaciones-compra.repository.ts","compras"
"cotizacion_compra_detalles","apps\erp-api\src\modules\compras\repositories\cotizaciones-compra.repository.ts","compras"
"cotizacion_compra_detalles","apps\erp-api\src\modules\compras\repositories\cotizaciones-compra.repository.ts","compras"
"cotizacion_compra_detalles","apps\erp-api\src\modules\compras\repositories\cotizaciones-compra.repository.ts","compras"
"cotizaciones_compra","apps\erp-api\src\modules\compras\repositories\cotizaciones-compra.repository.ts","compras"
"cotizacion_compra_detalles","apps\erp-api\src\modules\compras\repositories\cotizaciones-compra.repository.ts","compras"
"cotizaciones_compra","apps\erp-api\src\modules\compras\repositories\cotizaciones-compra.repository.ts","compras"
"cotizacion_compra_detalles","apps\erp-api\src\modules\compras\repositories\cotizaciones-compra.repository.ts","compras"
"cotizaciones_compra","apps\erp-api\src\modules\compras\repositories\cotizaciones-compra.repository.ts","compras"
"empresa_config","apps\erp-api\src\modules\demo\interceptors\demo-restrictions.interceptor.ts","otros"
"empresa_config","apps\erp-api\src\modules\demo\guards\demo-expired.guard.ts","otros"
"configuracion_caja","apps\erp-api\src\modules\cajas\services\configuracion-caja.service.ts","cajas"
"configuracion_caja","apps\erp-api\src\modules\cajas\services\configuracion-caja.service.ts","cajas"
"sesiones_caja","apps\erp-api\src\modules\cajas\services\cash-withdrawals.service.ts","cajas"
"retiros_caja","apps\erp-api\src\modules\cajas\services\cash-withdrawals.service.ts","cajas"
"retiros_caja","apps\erp-api\src\modules\cajas\services\cash-withdrawals.service.ts","cajas"
"retiros_caja","apps\erp-api\src\modules\cajas\services\cash-withdrawals.service.ts","cajas"
"retiros_caja","apps\erp-api\src\modules\cajas\services\cash-withdrawals.service.ts","cajas"
"retiros_caja","apps\erp-api\src\modules\cajas\services\cash-withdrawals.service.ts","cajas"
"retiros_caja","apps\erp-api\src\modules\cajas\services\cash-withdrawals.service.ts","cajas"
"retiros_caja","apps\erp-api\src\modules\cajas\services\cash-withdrawals.service.ts","cajas"
"retiros_caja","apps\erp-api\src\modules\cajas\services\cash-withdrawals.service.ts","cajas"
"sesiones_caja","apps\erp-api\src\modules\cajas\services\cash-shift-changes.service.ts","cajas"
"cambios_turno","apps\erp-api\src\modules\cajas\services\cash-shift-changes.service.ts","cajas"
"sesiones_caja","apps\erp-api\src\modules\cajas\services\cash-shift-changes.service.ts","cajas"
"cambios_turno","apps\erp-api\src\modules\cajas\services\cash-shift-changes.service.ts","cajas"
"sesiones_caja","apps\erp-api\src\modules\cajas\services\cash-shift-changes.service.ts","cajas"
"cambios_turno","apps\erp-api\src\modules\cajas\services\cash-shift-changes.service.ts","cajas"
"configuracion_caja","apps\erp-api\src\modules\cajas\services\cash-shift-changes.service.ts","cajas"
"cambios_turno","apps\erp-api\src\modules\cajas\services\cash-shift-changes.service.ts","cajas"
"sesiones_caja","apps\erp-api\src\modules\cajas\services\cash-shift-changes.service.ts","cajas"
"sesiones_caja","apps\erp-api\src\modules\cajas\services\cash-shift-changes.service.ts","cajas"
"integration_logs","apps\erp-api\src\modules\cajas\services\cash-shift-changes.service.ts","cajas"
"cambios_turno","apps\erp-api\src\modules\cajas\services\cash-shift-changes.service.ts","cajas"
"sesiones_caja","apps\erp-api\src\modules\cajas\services\cash-shift-changes.service.ts","cajas"
"cambios_turno","apps\erp-api\src\modules\cajas\services\cash-shift-changes.service.ts","cajas"
"cambios_turno","apps\erp-api\src\modules\cajas\services\cash-shift-changes.service.ts","cajas"
"cambios_turno","apps\erp-api\src\modules\cajas\services\cash-shift-changes.service.ts","cajas"
"sesiones_caja","apps\erp-api\src\modules\cajas\services\cash-reports.service.ts","cajas"
"retiros_caja","apps\erp-api\src\modules\cajas\services\cash-reports.service.ts","cajas"
"cambios_turno","apps\erp-api\src\modules\cajas\services\cash-reports.service.ts","cajas"
"ventas_pos","apps\erp-api\src\modules\cajas\services\cash-reports.service.ts","cajas"
"ventas_pos_pagos","apps\erp-api\src\modules\cajas\services\cash-reports.service.ts","cajas"
"sesiones_caja","apps\erp-api\src\modules\cajas\services\cash-reports.service.ts","cajas"
"cortes_caja","apps\erp-api\src\modules\cajas\services\cash-reports.service.ts","cajas"
"asientos_contables","apps\erp-api\src\modules\cajas\services\cash-reports.service.ts","cajas"
"detalle_asientos","apps\erp-api\src\modules\cajas\services\cash-reports.service.ts","cajas"
"plan_cuentas","apps\erp-api\src\modules\cajas\services\cash-reports.service.ts","cajas"
"cortes_caja","apps\erp-api\src\modules\cajas\services\cash-reports.service.ts","cajas"
"sesiones_caja","apps\erp-api\src\modules\cajas\services\cash-reconciliation.service.ts","cajas"
"movimientos_caja","apps\erp-api\src\modules\cajas\services\cash-reconciliation.service.ts","cajas"
"configuracion_caja","apps\erp-api\src\modules\cajas\services\cash-reconciliation.service.ts","cajas"
"movimientos_caja","apps\erp-api\src\modules\cajas\services\cash-movements.service.ts","cajas"
"movimientos_caja","apps\erp-api\src\modules\cajas\services\cash-movements.service.ts","cajas"
"sesiones_caja","apps\erp-api\src\modules\cajas\services\cash-movements.service.ts","cajas"
"movimientos_caja","apps\erp-api\src\modules\cajas\services\cash-movements.service.ts","cajas"
"sesiones_caja","apps\erp-api\src\modules\cajas\services\cash-movements.service.ts","cajas"
"sesiones_caja","apps\erp-api\src\modules\cajas\services\cash-fraud-detection.service.ts","cajas"
"sesiones_caja","apps\erp-api\src\modules\cajas\services\cash-fraud-detection.service.ts","cajas"
"sesiones_caja","apps\erp-api\src\modules\cajas\services\cash-fraud-detection.service.ts","cajas"
"caja_audit_log","apps\erp-api\src\modules\cajas\services\cash-fraud-detection.service.ts","cajas"
"sesiones_caja","apps\erp-api\src\modules\cajas\services\cash-fraud-detection.service.ts","cajas"
"sesiones_caja","apps\erp-api\src\modules\cajas\services\cash-flow.spec.ts","cajas"
"sesiones_caja","apps\erp-api\src\modules\cajas\services\cash-flow.spec.ts","cajas"
"ventas_pos","apps\erp-api\src\modules\cajas\services\cash-flow.spec.ts","cajas"
"cambios_turno","apps\erp-api\src\modules\cajas\services\cash-flow.spec.ts","cajas"
"retiros_caja","apps\erp-api\src\modules\cajas\services\cash-flow.spec.ts","cajas"
"configuracion_caja","apps\erp-api\src\modules\cajas\services\cash-flow.spec.ts","cajas"
"sesiones_caja","apps\erp-api\src\modules\cajas\services\cash-flow.spec.ts","cajas"
"sesiones_caja","apps\erp-api\src\modules\cajas\services\cash-flow.spec.ts","cajas"
"ventas_pos","apps\erp-api\src\modules\cajas\services\cash-flow.spec.ts","cajas"
"cambios_turno","apps\erp-api\src\modules\cajas\services\cash-flow.spec.ts","cajas"
"retiros_caja","apps\erp-api\src\modules\cajas\services\cash-flow.spec.ts","cajas"
"configuracion_caja","apps\erp-api\src\modules\cajas\services\cash-flow.spec.ts","cajas"
"sesiones_caja","apps\erp-api\src\modules\cajas\services\cash-concurrency.service.ts","cajas"
"sesiones_caja","apps\erp-api\src\modules\cajas\services\cash-concurrency.service.ts","cajas"
"sesiones_caja","apps\erp-api\src\modules\cajas\services\cash-concurrency.service.ts","cajas"
"users","apps\erp-api\src\modules\cajas\services\cash-concurrency.service.ts","cajas"
"sesiones_caja","apps\erp-api\src\modules\cajas\services\cash-concurrency.service.ts","cajas"
"movimientos_caja","apps\erp-api\src\modules\cajas\services\cash-concurrency.service.ts","cajas"
"sesiones_caja","apps\erp-api\src\modules\cajas\services\cash-concurrency.service.ts","cajas"
"caja_audit_log","apps\erp-api\src\modules\cajas\services\cash-concurrency.service.ts","cajas"
"sesiones_caja","apps\erp-api\src\modules\cajas\services\cash-concurrency.service.ts","cajas"
"sesiones_caja","apps\erp-api\src\modules\cajas\services\cash-concurrency.service.ts","cajas"
"sesiones_caja","apps\erp-api\src\modules\cajas\services\cash-closing.service.ts","cajas"
"ventas_pos","apps\erp-api\src\modules\cajas\services\cash-closing.service.ts","cajas"
"ventas_pos","apps\erp-api\src\modules\cajas\services\cash-closing.service.ts","cajas"
"cambios_turno","apps\erp-api\src\modules\cajas\services\cash-closing.service.ts","cajas"
"retiros_caja","apps\erp-api\src\modules\cajas\services\cash-closing.service.ts","cajas"
"sesiones_caja","apps\erp-api\src\modules\cajas\services\cash-closing.service.ts","cajas"
"sesiones_caja","apps\erp-api\src\modules\cajas\services\cash-closing.service.ts","cajas"
"sesiones_caja","apps\erp-api\src\modules\cajas\services\cash-closing.service.ts","cajas"
"sesiones_caja","apps\erp-api\src\modules\cajas\services\cash-closing.service.ts","cajas"
"retiros_caja","apps\erp-api\src\modules\cajas\services\cash-closing.service.ts","cajas"
"cambios_turno","apps\erp-api\src\modules\cajas\services\cash-closing.service.ts","cajas"
"sesiones_caja","apps\erp-api\src\modules\cajas\services\cash-closing.service.ts","cajas"
"sesiones_caja","apps\erp-api\src\modules\cajas\services\cash-closing.service.ts","cajas"
"configuracion_caja","apps\erp-api\src\modules\cajas\services\cash-authorization.service.ts","cajas"
"configuracion_caja","apps\erp-api\src\modules\cajas\services\cash-authorization.service.ts","cajas"
"users","apps\erp-api\src\modules\cajas\services\cash-authorization.service.ts","cajas"
"supervisor_pins","apps\erp-api\src\modules\cajas\services\cash-authorization.service.ts","cajas"
"caja_audit_log","apps\erp-api\src\modules\cajas\services\cash-authorization.service.ts","cajas"
"caja_audit_log","apps\erp-api\src\modules\cajas\services\cash-authorization.service.ts","cajas"
"caja_audit_log","apps\erp-api\src\modules\cajas\services\cash-audit.service.ts","cajas"
"caja_audit_log","apps\erp-api\src\modules\cajas\services\cash-audit.service.ts","cajas"
"caja_audit_log","apps\erp-api\src\modules\cajas\services\cash-audit.service.ts","cajas"
"caja_audit_log","apps\erp-api\src\modules\cajas\services\cash-audit.service.ts","cajas"
"caja_audit_log","apps\erp-api\src\modules\cajas\services\cash-audit.service.ts","cajas"
"usuarios","apps\erp-api\src\modules\cajas\services\autorizaciones-caja.service.ts","cajas"
"usuarios","apps\erp-api\src\modules\cajas\services\autorizaciones-caja.service.ts","cajas"
"autorizaciones_caja","apps\erp-api\src\modules\cajas\services\autorizaciones-caja.service.ts","cajas"
"autorizaciones_caja","apps\erp-api\src\modules\cajas\services\autorizaciones-caja.service.ts","cajas"
"autorizaciones_caja","apps\erp-api\src\modules\cajas\services\autorizaciones-caja.service.ts","cajas"
"empresa_config","apps\erp-api\src\modules\demo\demo.service.ts","otros"
"empresa_config","apps\erp-api\src\modules\demo\demo.service.ts","otros"
"usuarios_sistema","apps\erp-api\src\modules\demo\demo.service.ts","otros"
"empresa_config","apps\erp-api\src\modules\demo\demo.service.ts","otros"
"demo_conversiones_pendientes","apps\erp-api\src\modules\demo\demo.service.ts","otros"
"empresa_config","apps\erp-api\src\modules\demo\demo.service.ts","otros"
"usuarios_sistema","apps\erp-api\src\modules\demo\demo.service.ts","otros"
"usuarios_sistema","apps\erp-api\src\modules\demo\demo.service.ts","otros"
"demo_conversiones_pendientes","apps\erp-api\src\modules\demo\demo.service.ts","otros"
"demo_conversiones_pendientes","apps\erp-api\src\modules\demo\demo.service.ts","otros"
"cpe","apps\erp-api\src\modules\dashboard.controller.ts","otros"
"gre_guias","apps\erp-api\src\modules\dashboard.controller.ts","otros"
"cajas","apps\erp-api\src\modules\cajas\cajas.service.ts","cajas"
"cajas","apps\erp-api\src\modules\cajas\cajas.service.ts","cajas"
"cajas","apps\erp-api\src\modules\cajas\cajas.service.ts","cajas"
"cajas","apps\erp-api\src\modules\cajas\cajas.service.ts","cajas"
"cajas","apps\erp-api\src\modules\cajas\cajas.service.ts","cajas"
"sesiones_caja","apps\erp-api\src\modules\cajas\cajas.service.ts","cajas"
"sesiones_caja","apps\erp-api\src\modules\cajas\cajas.service.ts","cajas"
"sesiones_caja","apps\erp-api\src\modules\cajas\cajas.service.ts","cajas"
"sesiones_caja","apps\erp-api\src\modules\cajas\cajas.service.ts","cajas"
"sesiones_caja","apps\erp-api\src\modules\cajas\cajas.service.ts","cajas"
"usuarios","apps\erp-api\src\modules\cajas\cajas.service.ts","cajas"
"sesiones_caja","apps\erp-api\src\modules\cajas\cajas.service.ts","cajas"
"sesiones_caja","apps\erp-api\src\modules\cajas\cajas.service.ts","cajas"
"sesiones_caja","apps\erp-api\src\modules\cajas\cajas.service.ts","cajas"
"sesiones_caja","apps\erp-api\src\modules\cajas\cajas.service.ts","cajas"
"sesiones_caja","apps\erp-api\src\modules\cajas\cajas.service.ts","cajas"
"sesiones_caja","apps\erp-api\src\modules\cajas\cajas.service.ts","cajas"
"cortes_caja","apps\erp-api\src\modules\cajas\cajas.service.ts","cajas"
"sesiones_caja","apps\erp-api\src\modules\cajas\cajas.service.ts","cajas"
"movimientos_caja","apps\erp-api\src\modules\cajas\cajas.service.ts","cajas"
"vw_ranking_cajeros","apps\erp-api\src\modules\cajas\cajas.service.ts","cajas"
"vw_sesiones_activas","apps\erp-api\src\modules\cajas\cajas.service.ts","cajas"
"cpe","apps\erp-api\src\modules\dashboard\dashboard-metrics.service.ts","otros"
"cpe","apps\erp-api\src\modules\dashboard\dashboard-metrics.service.ts","otros"
"gre_guias","apps\erp-api\src\modules\dashboard\dashboard-metrics.service.ts","otros"
"productos","apps\erp-api\src\modules\dashboard\dashboard-metrics.service.ts","otros"
"ordenes_compra","apps\erp-api\src\modules\dashboard\dashboard-metrics.service.ts","otros"
"usuarios_sistema","apps\erp-api\src\modules\dashboard\dashboard-metrics.service.ts","otros"
"cotizaciones","apps\erp-api\src\modules\dashboard\dashboard-metrics.service.ts","otros"
"cotizaciones","apps\erp-api\src\modules\dashboard\dashboard-metrics.service.ts","otros"
"sire_files","apps\erp-api\src\modules\dashboard\dashboard-metrics.service.ts","otros"
"cpe","apps\erp-api\src\modules\dashboard\dashboard-metrics.service.ts","otros"
"gre_guias","apps\erp-api\src\modules\dashboard\dashboard-metrics.service.ts","otros"
"ordenes_compra","apps\erp-api\src\modules\dashboard\dashboard-metrics.service.ts","otros"
"cotizaciones","apps\erp-api\src\modules\dashboard\dashboard-metrics.service.ts","otros"
"auth_login_attempts","apps\erp-api\src\modules\auth\auth.service.ts","auth"
"auth_login_attempts","apps\erp-api\src\modules\auth\auth.service.ts","auth"
"usuarios_sistema","apps\erp-api\src\modules\auth\auth.service.ts","auth"
"user_roles","apps\erp-api\src\modules\auth\auth.service.ts","auth"
"usuarios_sistema","apps\erp-api\src\modules\auth\auth.service.ts","auth"
"usuarios_sistema","apps\erp-api\src\modules\auth\auth.service.ts","auth"
"usuarios_sistema","apps\erp-api\src\modules\auth\auth.service.ts","auth"
"usuarios_sistema","apps\erp-api\src\modules\auth\auth.service.ts","auth"
"usuarios_sistema","apps\erp-api\src\modules\auth\auth.service.ts","auth"
"usuarios_sistema","apps\erp-api\src\modules\auth\auth.service.ts","auth"
"tenants","apps\erp-api\src\modules\auth\auth.service.ts","auth"
"audit_log","apps\erp-api\src\modules\auth\auth.service.ts","auth"
"user_sessions","apps\erp-api\src\modules\auth\auth.service.ts","auth"
"user_sessions","apps\erp-api\src\modules\auth\auth.service.ts","auth"
"user_sessions","apps\erp-api\src\modules\auth\auth.service.ts","auth"
"user_sessions","apps\erp-api\src\modules\auth\auth.service.ts","auth"
"user_sessions","apps\erp-api\src\modules\auth\auth.service.ts","auth"
"user_sessions","apps\erp-api\src\modules\auth\auth.service.ts","auth"
"usuarios_sistema","apps\erp-api\src\modules\auth\auth.service.spec.ts","auth"
"user_roles","apps\erp-api\src\modules\auth\auth.service.spec.ts","auth"
"ventas","apps\erp-api\src\modules\analytics.controller.ts","otros"
"ventas","apps\erp-api\src\modules\analytics.controller.ts","otros"
"cuentas_por_cobrar","apps\erp-api\src\modules\analytics.controller.ts","otros"
"productos","apps\erp-api\src\modules\analytics.controller.ts","otros"
"venta_detalles","apps\erp-api\src\modules\analytics.controller.ts","otros"
"orden_compra_detalles","apps\erp-api\src\modules\analytics.controller.ts","otros"
"productos","apps\erp-api\src\modules\analytics.controller.ts","otros"
"venta_detalles","apps\erp-api\src\modules\analytics.controller.ts","otros"
"orden_compra_detalles","apps\erp-api\src\modules\analytics.controller.ts","otros"
"gastos","apps\erp-api\src\modules\analytics.controller.ts","otros"
"ventas","apps\erp-api\src\modules\analytics.controller.ts","otros"
"gastos","apps\erp-api\src\modules\analytics.controller.ts","otros"
"audit_log","apps\erp-api\src\modules\audit\audit.service.ts","audit"
"audit_log","apps\erp-api\src\modules\audit\audit.service.ts","audit"
"audit_log","apps\erp-api\src\modules\audit\audit.service.ts","audit"
"audit_log","apps\erp-api\src\modules\audit\audit.service.ts","audit"
"integration_logs","apps\erp-api\src\modules\audit\audit.service.ts","audit"
"integration_logs","apps\erp-api\src\modules\audit\audit.service.ts","audit"
