"table","kind","column","file"
"ventas_pos","insert","tenant_id","scripts\seed_pos_pending_sale.ts"
"ventas_pos","insert","numero_venta","scripts\seed_pos_pending_sale.ts"
"ventas_pos","insert","numero_ticket","scripts\seed_pos_pending_sale.ts"
"ventas_pos","insert","estado","scripts\seed_pos_pending_sale.ts"
"ventas_pos","insert","total","scripts\seed_pos_pending_sale.ts"
"ventas_pos","insert","cpe_data","scripts\seed_pos_pending_sale.ts"
"ventas_pos","insert","cpe_pendiente","scripts\seed_pos_pending_sale.ts"
"ventas_pos","insert","intentos_facturacion","scripts\seed_pos_pending_sale.ts"
"productos","select","codigo","apps\worker\src\index.ts"
"productos","select","nombre","apps\worker\src\index.ts"
"productos","select","stock","apps\worker\src\index.ts"
"productos","select","stock_minimo","apps\worker\src\index.ts"
"productos","filter","stock","apps\worker\src\index.ts"
"cpe","select","id","apps\worker\src\index.ts"
"cpe","select","tenant_id","apps\worker\src\index.ts"
"cpe","select","serie","apps\worker\src\index.ts"
"cpe","select","numero","apps\worker\src\index.ts"
"cpe","filter","id","apps\worker\src\index.ts"
"cpe","select","id","apps\worker\src\index.ts"
"cpe","select","tenant_id","apps\worker\src\index.ts"
"cpe","select","serie","apps\worker\src\index.ts"
"cpe","select","numero","apps\worker\src\index.ts"
"cpe","filter","id","apps\worker\src\index.ts"
"cpe","select","id","apps\worker\src\index.ts"
"cpe","select","tenant_id","apps\worker\src\index.ts"
"cpe","select","serie","apps\worker\src\index.ts"
"cpe","select","numero","apps\worker\src\index.ts"
"cpe","filter","id","apps\worker\src\index.ts"
"cpe","insert","tenant_id","apps\worker\src\index.ts"
"cpe","insert","status","apps\worker\src\index.ts"
"cpe","insert","created_at","apps\worker\src\index.ts"
"cpe","update","pdf_generado_en","apps\worker\src\index.ts"
"cpe","filter","id","apps\worker\src\index.ts"
"cpe","select","id","apps\worker\src\index.ts"
"cpe","filter","estado","apps\worker\src\index.ts"
"cpe","filter","fecha_envio","apps\worker\src\index.ts"
"cpe","filter","id","apps\worker\src\index.ts"
"cpe","filter","estado","apps\worker\src\index.ts"
"gre","filter","id","apps\worker\src\index.ts"
"gre","filter","estado","apps\worker\src\index.ts"
"sire_files","insert","tenant_id","apps\worker\src\index.ts"
"sire_files","insert","status","apps\worker\src\index.ts"
"sire_files","insert","created_at","apps\worker\src\index.ts"
"sire_files","update","status","apps\worker\src\index.ts"
"sire_files","update","file_path","apps\worker\src\index.ts"
"sire_files","update","updated_at","apps\worker\src\index.ts"
"sire_files","filter","id","apps\worker\src\index.ts"
"sire_files","insert","tenant_id","apps\worker\src\index.ts"
"sire_files","insert","servicio","apps\worker\src\index.ts"
"sire_files","insert","operacion","apps\worker\src\index.ts"
"sire_files","insert","correlacion_id","apps\worker\src\index.ts"
"sire_files","insert","correlacion_tipo","apps\worker\src\index.ts"
"sire_files","insert","status","apps\worker\src\index.ts"
"sire_files","insert","request_summary","apps\worker\src\index.ts"
"sire_files","insert","response_summary","apps\worker\src\index.ts"
"sire_files","insert","file_path","apps\worker\src\index.ts"
"sire_files","update","status","apps\worker\src\index.ts"
"sire_files","update","file_path","apps\worker\src\index.ts"
"sire_files","update","updated_at","apps\worker\src\index.ts"
"sire_files","filter","id","apps\worker\src\index.ts"
"sire_files","insert","tenant_id","apps\worker\src\index.ts"
"sire_files","insert","servicio","apps\worker\src\index.ts"
"sire_files","insert","operacion","apps\worker\src\index.ts"
"sire_files","insert","correlacion_id","apps\worker\src\index.ts"
"sire_files","insert","correlacion_tipo","apps\worker\src\index.ts"
"sire_files","insert","status","apps\worker\src\index.ts"
"sire_files","insert","error_message","apps\worker\src\index.ts"
"sire_files","insert","request_summary","apps\worker\src\index.ts"
"sire_files","update","status","apps\worker\src\index.ts"
"sire_files","update","error_message","apps\worker\src\index.ts"
"sire_files","update","completed_at","apps\worker\src\index.ts"
"sire_files","filter","id","apps\worker\src\index.ts"
"ventas_pos","filter","fecha","apps\worker\src\index.ts"
"ventas_pos","filter","fecha","apps\worker\src\index.ts"
"ventas_pos","filter","stock","apps\worker\src\index.ts"
"asientos_contables","filter","id","apps\erp-api\tests\run-tests.ts"
"asientos_contables","filter","tenant_id","apps\erp-api\tests\run-tests.ts"
"clientes","filter","tenant_id","apps\erp-api\tests\integration\ventas-rls.test.ts"
"clientes","filter","tenant_id","apps\erp-api\tests\integration\ventas-rls.test.ts"
"clientes","filter","tenant_id","apps\erp-api\tests\integration\ventas-rls.test.ts"
"clientes","insert","tenant_id","apps\erp-api\tests\integration\ventas-rls.test.ts"
"clientes","insert","tipo","apps\erp-api\tests\integration\ventas-rls.test.ts"
"clientes","insert","documento_tipo","apps\erp-api\tests\integration\ventas-rls.test.ts"
"clientes","insert","documento_numero","apps\erp-api\tests\integration\ventas-rls.test.ts"
"clientes","insert","razon_social","apps\erp-api\tests\integration\ventas-rls.test.ts"
"pedidos_venta","filter","id","apps\erp-api\tests\integration\ventas-rls.test.ts"
"pedidos_venta","filter","tenant_id","apps\erp-api\tests\integration\ventas-rls.test.ts"
"pedidos_venta","filter","tenant_id","apps\erp-api\tests\integration\ventas-rls.test.ts"
"pedidos_venta","filter","tenant_id","apps\erp-api\tests\integration\ventas-rls.test.ts"
"pedidos_venta","update","estado","apps\erp-api\tests\integration\ventas-rls.test.ts"
"pedidos_venta","filter","tenant_id","apps\erp-api\tests\integration\ventas-rls.test.ts"
"pedidos_venta","filter","id","apps\erp-api\tests\integration\ventas-rls.test.ts"
"pedidos_venta","filter","tenant_id","apps\erp-api\tests\integration\ventas-rls.test.ts"
"pedidos_venta","update","estado","apps\erp-api\tests\integration\ventas-rls.test.ts"
"pedidos_venta","filter","id","apps\erp-api\tests\integration\ventas-rls.test.ts"
"pedidos_venta","filter","tenant_id","apps\erp-api\tests\integration\ventas-rls.test.ts"
"pedidos_venta","update","estado","apps\erp-api\tests\integration\ventas-rls.test.ts"
"pedidos_venta","filter","id","apps\erp-api\tests\integration\ventas-rls.test.ts"
"pedidos_venta","filter","tenant_id","apps\erp-api\tests\integration\ventas-rls.test.ts"
"pedidos_venta","insert","tenant_id","apps\erp-api\tests\integration\ventas-rls.test.ts"
"pedidos_venta","insert","cliente_id","apps\erp-api\tests\integration\ventas-rls.test.ts"
"pedidos_venta","insert","numero","apps\erp-api\tests\integration\ventas-rls.test.ts"
"pedidos_venta","insert","fecha_pedido","apps\erp-api\tests\integration\ventas-rls.test.ts"
"pedidos_venta","insert","moneda","apps\erp-api\tests\integration\ventas-rls.test.ts"
"pedidos_venta","insert","subtotal","apps\erp-api\tests\integration\ventas-rls.test.ts"
"pedidos_venta","insert","igv","apps\erp-api\tests\integration\ventas-rls.test.ts"
"pedidos_venta","insert","total","apps\erp-api\tests\integration\ventas-rls.test.ts"
"pedidos_venta","insert","estado","apps\erp-api\tests\integration\ventas-rls.test.ts"
"pedidos_venta","update","estado","apps\erp-api\tests\integration\ventas-rls.test.ts"
"pedidos_venta","filter","id","apps\erp-api\tests\integration\ventas-rls.test.ts"
"pedidos_venta","filter","tenant_id","apps\erp-api\tests\integration\ventas-rls.test.ts"
"pedidos_venta","update","estado","apps\erp-api\tests\integration\ventas-rls.test.ts"
"pedidos_venta","filter","id","apps\erp-api\tests\integration\ventas-rls.test.ts"
"pedidos_venta","filter","tenant_id","apps\erp-api\tests\integration\ventas-rls.test.ts"
"pedidos_venta_detalle","filter","id","apps\erp-api\tests\integration\ventas-rls.test.ts"
"pedidos_venta_detalle","filter","tenant_id","apps\erp-api\tests\integration\ventas-rls.test.ts"
"pedidos_venta_detalle","update","estado","apps\erp-api\tests\integration\ventas-rls.test.ts"
"pedidos_venta_detalle","filter","id","apps\erp-api\tests\integration\ventas-rls.test.ts"
"pedidos_venta_detalle","filter","tenant_id","apps\erp-api\tests\integration\ventas-rls.test.ts"
"cuentas_por_cobrar","insert","tenant_id","apps\erp-api\tests\integration\ventas-rls.test.ts"
"cuentas_por_cobrar","insert","cliente_id","apps\erp-api\tests\integration\ventas-rls.test.ts"
"cuentas_por_cobrar","insert","pedido_id","apps\erp-api\tests\integration\ventas-rls.test.ts"
"cuentas_por_cobrar","insert","serie","apps\erp-api\tests\integration\ventas-rls.test.ts"
"cuentas_por_cobrar","insert","numero","apps\erp-api\tests\integration\ventas-rls.test.ts"
"cuentas_por_cobrar","insert","fecha_emision","apps\erp-api\tests\integration\ventas-rls.test.ts"
"cuentas_por_cobrar","insert","fecha_vencimiento","apps\erp-api\tests\integration\ventas-rls.test.ts"
"cuentas_por_cobrar","insert","moneda","apps\erp-api\tests\integration\ventas-rls.test.ts"
"cuentas_por_cobrar","insert","monto_total","apps\erp-api\tests\integration\ventas-rls.test.ts"
"cuentas_por_cobrar","insert","monto_pendiente","apps\erp-api\tests\integration\ventas-rls.test.ts"
"cuentas_por_cobrar","insert","estado","apps\erp-api\tests\integration\ventas-rls.test.ts"
"productos","insert","tenant_id","apps\erp-api\tests\integration\inventario-rls.test.ts"
"productos","insert","nombre","apps\erp-api\tests\integration\inventario-rls.test.ts"
"productos","insert","codigo","apps\erp-api\tests\integration\inventario-rls.test.ts"
"productos","insert","tipo","apps\erp-api\tests\integration\inventario-rls.test.ts"
"productos","insert","unidad_medida","apps\erp-api\tests\integration\inventario-rls.test.ts"
"productos","insert","precio_venta","apps\erp-api\tests\integration\inventario-rls.test.ts"
"movimientos_inventario","filter","tenant_id","apps\erp-api\tests\integration\inventario-rls.test.ts"
"movimientos_inventario","filter","tenant_id","apps\erp-api\tests\integration\inventario-rls.test.ts"
"movimientos_inventario","filter","tenant_id","apps\erp-api\tests\integration\inventario-rls.test.ts"
"movimientos_inventario","insert","tenant_id","apps\erp-api\tests\integration\inventario-rls.test.ts"
"movimientos_inventario","insert","producto_id","apps\erp-api\tests\integration\inventario-rls.test.ts"
"movimientos_inventario","insert","tipo","apps\erp-api\tests\integration\inventario-rls.test.ts"
"movimientos_inventario","insert","cantidad","apps\erp-api\tests\integration\inventario-rls.test.ts"
"movimientos_inventario","insert","referencia_tipo","apps\erp-api\tests\integration\inventario-rls.test.ts"
"movimientos_inventario","insert","referencia_id","apps\erp-api\tests\integration\inventario-rls.test.ts"
"movimientos_inventario","insert","notas","apps\erp-api\tests\integration\inventario-rls.test.ts"
"movimientos_inventario","update","stock_actual","apps\erp-api\tests\integration\inventario-rls.test.ts"
"movimientos_inventario","insert","tenant_id","apps\erp-api\tests\integration\inventario-rls.test.ts"
"movimientos_inventario","insert","producto_id","apps\erp-api\tests\integration\inventario-rls.test.ts"
"movimientos_inventario","insert","tipo","apps\erp-api\tests\integration\inventario-rls.test.ts"
"movimientos_inventario","insert","cantidad","apps\erp-api\tests\integration\inventario-rls.test.ts"
"movimientos_inventario","insert","referencia_tipo","apps\erp-api\tests\integration\inventario-rls.test.ts"
"movimientos_inventario","insert","referencia_id","apps\erp-api\tests\integration\inventario-rls.test.ts"
"movimientos_inventario","insert","notas","apps\erp-api\tests\integration\inventario-rls.test.ts"
"movimientos_inventario","update","stock_reservado","apps\erp-api\tests\integration\inventario-rls.test.ts"
"movimientos_inventario","filter","id","apps\erp-api\tests\integration\inventario-rls.test.ts"
"movimientos_inventario","filter","tenant_id","apps\erp-api\tests\integration\inventario-rls.test.ts"
"movimientos_inventario","insert","tenant_id","apps\erp-api\tests\integration\inventario-rls.test.ts"
"movimientos_inventario","insert","producto_id","apps\erp-api\tests\integration\inventario-rls.test.ts"
"movimientos_inventario","insert","tipo","apps\erp-api\tests\integration\inventario-rls.test.ts"
"movimientos_inventario","insert","cantidad","apps\erp-api\tests\integration\inventario-rls.test.ts"
"movimientos_inventario","insert","referencia_tipo","apps\erp-api\tests\integration\inventario-rls.test.ts"
"movimientos_inventario","insert","referencia_id","apps\erp-api\tests\integration\inventario-rls.test.ts"
"movimientos_inventario","insert","notas","apps\erp-api\tests\integration\inventario-rls.test.ts"
"movimientos_inventario","update","stock_actual","apps\erp-api\tests\integration\inventario-rls.test.ts"
"movimientos_inventario","update","stock_reservado","apps\erp-api\tests\integration\inventario-rls.test.ts"
"movimientos_inventario","filter","id","apps\erp-api\tests\integration\inventario-rls.test.ts"
"almacenes","filter","tenant_id","apps\erp-api\tests\integration\inventario-rls.test.ts"
"almacenes","insert","tenant_id","apps\erp-api\tests\integration\inventario-rls.test.ts"
"almacenes","insert","nombre","apps\erp-api\tests\integration\inventario-rls.test.ts"
"almacenes","insert","codigo","apps\erp-api\tests\integration\inventario-rls.test.ts"
"almacenes","insert","es_principal","apps\erp-api\tests\integration\inventario-rls.test.ts"
"almacenes","insert","activo","apps\erp-api\tests\integration\inventario-rls.test.ts"
"producto_existencias","insert","tenant_id","apps\erp-api\tests\integration\inventario-rls.test.ts"
"producto_existencias","insert","producto_id","apps\erp-api\tests\integration\inventario-rls.test.ts"
"producto_existencias","insert","almacen_id","apps\erp-api\tests\integration\inventario-rls.test.ts"
"producto_existencias","insert","stock_actual","apps\erp-api\tests\integration\inventario-rls.test.ts"
"producto_existencias","insert","stock_reservado","apps\erp-api\tests\integration\inventario-rls.test.ts"
"producto_existencias","insert","stock_danado","apps\erp-api\tests\integration\inventario-rls.test.ts"
"producto_existencias","update","stock_actual","apps\erp-api\tests\integration\inventario-rls.test.ts"
"producto_existencias","filter","id","apps\erp-api\tests\integration\inventario-rls.test.ts"
"producto_existencias","filter","tenant_id","apps\erp-api\tests\integration\inventario-rls.test.ts"
"producto_existencias","update","stock_reservado","apps\erp-api\tests\integration\inventario-rls.test.ts"
"producto_existencias","filter","id","apps\erp-api\tests\integration\inventario-rls.test.ts"
"producto_existencias","filter","tenant_id","apps\erp-api\tests\integration\inventario-rls.test.ts"
"producto_existencias","update","stock_actual","apps\erp-api\tests\integration\inventario-rls.test.ts"
"producto_existencias","update","stock_reservado","apps\erp-api\tests\integration\inventario-rls.test.ts"
"producto_existencias","filter","id","apps\erp-api\tests\integration\inventario-rls.test.ts"
"producto_existencias","filter","tenant_id","apps\erp-api\tests\integration\inventario-rls.test.ts"
"clientes","insert","id","apps\erp-api\tests\e2e\ventas-e2e.test.ts"
"clientes","insert","tenant_id","apps\erp-api\tests\e2e\ventas-e2e.test.ts"
"clientes","insert","tipo","apps\erp-api\tests\e2e\ventas-e2e.test.ts"
"clientes","insert","documento_tipo","apps\erp-api\tests\e2e\ventas-e2e.test.ts"
"clientes","insert","documento_numero","apps\erp-api\tests\e2e\ventas-e2e.test.ts"
"clientes","insert","razon_social","apps\erp-api\tests\e2e\ventas-e2e.test.ts"
"clientes","insert","activo","apps\erp-api\tests\e2e\ventas-e2e.test.ts"
"clientes","insert","id","apps\erp-api\tests\e2e\ventas-e2e.test.ts"
"clientes","insert","tenant_id","apps\erp-api\tests\e2e\ventas-e2e.test.ts"
"clientes","insert","tipo","apps\erp-api\tests\e2e\ventas-e2e.test.ts"
"clientes","insert","documento_tipo","apps\erp-api\tests\e2e\ventas-e2e.test.ts"
"clientes","insert","documento_numero","apps\erp-api\tests\e2e\ventas-e2e.test.ts"
"clientes","insert","razon_social","apps\erp-api\tests\e2e\ventas-e2e.test.ts"
"clientes","insert","activo","apps\erp-api\tests\e2e\ventas-e2e.test.ts"
"clientes","filter","tenant_id","apps\erp-api\tests\e2e\ventas-e2e.test.ts"
"clientes","insert","id","apps\erp-api\tests\e2e\ventas-e2e.test.ts"
"clientes","insert","tenant_id","apps\erp-api\tests\e2e\ventas-e2e.test.ts"
"clientes","insert","tipo","apps\erp-api\tests\e2e\ventas-e2e.test.ts"
"clientes","insert","documento_tipo","apps\erp-api\tests\e2e\ventas-e2e.test.ts"
"clientes","insert","documento_numero","apps\erp-api\tests\e2e\ventas-e2e.test.ts"
"clientes","insert","razon_social","apps\erp-api\tests\e2e\ventas-e2e.test.ts"
"clientes","insert","activo","apps\erp-api\tests\e2e\ventas-e2e.test.ts"
"clientes","filter","tenant_id","apps\erp-api\tests\e2e\ventas-e2e.test.ts"
"clientes","filter","tenant_id","apps\erp-api\tests\e2e\ventas-e2e.test.ts"
"clientes","filter","tenant_id","apps\erp-api\tests\e2e\ventas-e2e.test.ts"
"clientes","filter","tenant_id","apps\erp-api\tests\e2e\ventas-e2e.test.ts"
"clientes","filter","tenant_id","apps\erp-api\tests\e2e\ventas-e2e.test.ts"
"clientes","filter","id","apps\erp-api\tests\e2e\ventas-e2e.test.ts"
"clientes","filter","id","apps\erp-api\tests\e2e\ventas-e2e.test.ts"
"clientes","filter","id","apps\erp-api\tests\e2e\ventas-e2e.test.ts"
"clientes","filter","id","apps\erp-api\tests\e2e\ventas-e2e.test.ts"
"clientes","filter","id","apps\erp-api\tests\e2e\ventas-e2e.test.ts"
"clientes","filter","id","apps\erp-api\tests\e2e\ventas-e2e.test.ts"
"clientes","filter","id","apps\erp-api\tests\e2e\ventas-e2e.test.ts"
"clientes","filter","id","apps\erp-api\tests\e2e\ventas-e2e.test.ts"
"clientes","filter","id","apps\erp-api\tests\e2e\ventas-e2e.test.ts"
"clientes","filter","id","apps\erp-api\tests\e2e\ventas-e2e.test.ts"
"pedidos_venta","filter","id","apps\erp-api\tests\e2e\ventas-e2e.test.ts"
"pedidos_venta","filter","id","apps\erp-api\tests\e2e\ventas-e2e.test.ts"
"pedidos_venta","filter","id","apps\erp-api\tests\e2e\ventas-e2e.test.ts"
"pedidos_venta","filter","id","apps\erp-api\tests\e2e\ventas-e2e.test.ts"
"pedidos_venta","filter","id","apps\erp-api\tests\e2e\ventas-e2e.test.ts"
"pedidos_venta_detalle","filter","pedido_id","apps\erp-api\tests\e2e\ventas-e2e.test.ts"
"pedidos_venta_detalle","filter","id","apps\erp-api\tests\e2e\ventas-e2e.test.ts"
"pedidos_venta_detalle","filter","id","apps\erp-api\tests\e2e\ventas-e2e.test.ts"
"pedidos_venta_detalle","filter","id","apps\erp-api\tests\e2e\ventas-e2e.test.ts"
"pedidos_venta_detalle","filter","id","apps\erp-api\tests\e2e\ventas-e2e.test.ts"
"productos","insert","id","apps\erp-api\tests\e2e\ventas-e2e.test.ts"
"productos","insert","tenant_id","apps\erp-api\tests\e2e\ventas-e2e.test.ts"
"productos","insert","codigo","apps\erp-api\tests\e2e\ventas-e2e.test.ts"
"productos","insert","nombre","apps\erp-api\tests\e2e\ventas-e2e.test.ts"
"productos","insert","precio","apps\erp-api\tests\e2e\ventas-e2e.test.ts"
"productos","insert","stock","apps\erp-api\tests\e2e\ventas-e2e.test.ts"
"productos","insert","stock_reservado","apps\erp-api\tests\e2e\ventas-e2e.test.ts"
"productos","insert","activo","apps\erp-api\tests\e2e\ventas-e2e.test.ts"
"productos","insert","unidad_medida","apps\erp-api\tests\e2e\ventas-e2e.test.ts"
"productos","select","stock","apps\erp-api\tests\e2e\ventas-e2e.test.ts"
"productos","insert","id","apps\erp-api\tests\e2e\ventas-e2e.test.ts"
"productos","insert","tenant_id","apps\erp-api\tests\e2e\ventas-e2e.test.ts"
"productos","insert","codigo","apps\erp-api\tests\e2e\ventas-e2e.test.ts"
"productos","insert","nombre","apps\erp-api\tests\e2e\ventas-e2e.test.ts"
"productos","insert","precio","apps\erp-api\tests\e2e\ventas-e2e.test.ts"
"productos","insert","stock","apps\erp-api\tests\e2e\ventas-e2e.test.ts"
"productos","insert","stock_reservado","apps\erp-api\tests\e2e\ventas-e2e.test.ts"
"productos","insert","activo","apps\erp-api\tests\e2e\ventas-e2e.test.ts"
"productos","insert","unidad_medida","apps\erp-api\tests\e2e\ventas-e2e.test.ts"
"productos","update","stock","apps\erp-api\tests\e2e\ventas-e2e.test.ts"
"productos","filter","id","apps\erp-api\tests\e2e\ventas-e2e.test.ts"
"productos","filter","id","apps\erp-api\tests\e2e\ventas-e2e.test.ts"
"productos","select","stock","apps\erp-api\tests\e2e\ventas-e2e.test.ts"
"productos","update","stock","apps\erp-api\tests\e2e\ventas-e2e.test.ts"
"productos","filter","id","apps\erp-api\tests\e2e\ventas-e2e.test.ts"
"productos","filter","id","apps\erp-api\tests\e2e\ventas-e2e.test.ts"
"productos","select","stock","apps\erp-api\tests\e2e\ventas-e2e.test.ts"
"productos","filter","id","apps\erp-api\tests\e2e\ventas-e2e.test.ts"
"productos","filter","id","apps\erp-api\tests\e2e\ventas-e2e.test.ts"
"productos","filter","id","apps\erp-api\tests\e2e\ventas-e2e.test.ts"
"productos","filter","id","apps\erp-api\tests\e2e\ventas-e2e.test.ts"
"productos","filter","id","apps\erp-api\tests\e2e\ventas-e2e.test.ts"
"empleados","select","id","apps\erp-api\tests\e2e\rrhh-e2e.test.ts"
"empleados","select","tenant_id","apps\erp-api\tests\e2e\rrhh-e2e.test.ts"
"empleados","select","nombres","apps\erp-api\tests\e2e\rrhh-e2e.test.ts"
"empleados","select","apellidos","apps\erp-api\tests\e2e\rrhh-e2e.test.ts"
"empleados","select","id","apps\erp-api\tests\e2e\rrhh-e2e.test.ts"
"empleados","insert","tenant_id","apps\erp-api\tests\e2e\rrhh-e2e.test.ts"
"empleados","insert","nombre","apps\erp-api\tests\e2e\rrhh-e2e.test.ts"
"empleados","insert","activo","apps\erp-api\tests\e2e\rrhh-e2e.test.ts"
"empleados","filter","id","apps\erp-api\tests\e2e\rrhh-e2e.test.ts"
"empleados","insert","tenant_id","apps\erp-api\tests\e2e\rrhh-e2e.test.ts"
"empleados","insert","nombres","apps\erp-api\tests\e2e\rrhh-e2e.test.ts"
"empleados","insert","apellidos","apps\erp-api\tests\e2e\rrhh-e2e.test.ts"
"empleados","insert","tipo_documento","apps\erp-api\tests\e2e\rrhh-e2e.test.ts"
"empleados","insert","numero_documento","apps\erp-api\tests\e2e\rrhh-e2e.test.ts"
"empleados","insert","email","apps\erp-api\tests\e2e\rrhh-e2e.test.ts"
"empleados","insert","telefono","apps\erp-api\tests\e2e\rrhh-e2e.test.ts"
"empleados","insert","fecha_nacimiento","apps\erp-api\tests\e2e\rrhh-e2e.test.ts"
"empleados","insert","fecha_ingreso","apps\erp-api\tests\e2e\rrhh-e2e.test.ts"
"empleados","insert","id_departamento","apps\erp-api\tests\e2e\rrhh-e2e.test.ts"
"empleados","insert","puesto","apps\erp-api\tests\e2e\rrhh-e2e.test.ts"
"empleados","insert","estado","apps\erp-api\tests\e2e\rrhh-e2e.test.ts"
"empleados","filter","id","apps\erp-api\tests\e2e\rrhh-e2e.test.ts"
"empleados","filter","id","apps\erp-api\tests\e2e\rrhh-e2e.test.ts"
"empleados","filter","id","apps\erp-api\tests\e2e\rrhh-e2e.test.ts"
"empleados","select","id","apps\erp-api\tests\e2e\rrhh-e2e.test.ts"
"empleados","insert","tenant_id","apps\erp-api\tests\e2e\rrhh-e2e.test.ts"
"empleados","insert","nombres","apps\erp-api\tests\e2e\rrhh-e2e.test.ts"
"empleados","insert","apellidos","apps\erp-api\tests\e2e\rrhh-e2e.test.ts"
"empleados","insert","tipo_documento","apps\erp-api\tests\e2e\rrhh-e2e.test.ts"
"empleados","insert","numero_documento","apps\erp-api\tests\e2e\rrhh-e2e.test.ts"
"empleados","insert","fecha_ingreso","apps\erp-api\tests\e2e\rrhh-e2e.test.ts"
"empleados","insert","estado","apps\erp-api\tests\e2e\rrhh-e2e.test.ts"
"empleados","filter","id","apps\erp-api\tests\e2e\rrhh-e2e.test.ts"
"empleados","filter","id","apps\erp-api\tests\e2e\rrhh-e2e.test.ts"
"empleados","insert","tenant_id","apps\erp-api\tests\e2e\rrhh-e2e.test.ts"
"empleados","insert","nombres","apps\erp-api\tests\e2e\rrhh-e2e.test.ts"
"empleados","insert","apellidos","apps\erp-api\tests\e2e\rrhh-e2e.test.ts"
"empleados","insert","tipo_documento","apps\erp-api\tests\e2e\rrhh-e2e.test.ts"
"empleados","insert","numero_documento","apps\erp-api\tests\e2e\rrhh-e2e.test.ts"
"empleados","insert","fecha_ingreso","apps\erp-api\tests\e2e\rrhh-e2e.test.ts"
"empleados","insert","estado","apps\erp-api\tests\e2e\rrhh-e2e.test.ts"
"empleados","insert","tenant_id","apps\erp-api\tests\e2e\rrhh-e2e.test.ts"
"empleados","insert","nombres","apps\erp-api\tests\e2e\rrhh-e2e.test.ts"
"empleados","insert","apellidos","apps\erp-api\tests\e2e\rrhh-e2e.test.ts"
"empleados","insert","tipo_documento","apps\erp-api\tests\e2e\rrhh-e2e.test.ts"
"empleados","insert","numero_documento","apps\erp-api\tests\e2e\rrhh-e2e.test.ts"
"empleados","insert","fecha_ingreso","apps\erp-api\tests\e2e\rrhh-e2e.test.ts"
"empleados","insert","estado","apps\erp-api\tests\e2e\rrhh-e2e.test.ts"
"empleados","filter","tenant_id","apps\erp-api\tests\e2e\rrhh-e2e.test.ts"
"empleados","filter","tenant_id","apps\erp-api\tests\e2e\rrhh-e2e.test.ts"
"empleados","filter","tenant_id","apps\erp-api\tests\e2e\rrhh-e2e.test.ts"
"empleados","filter","tenant_id","apps\erp-api\tests\e2e\rrhh-e2e.test.ts"
"empleados","filter","id","apps\erp-api\tests\e2e\rrhh-e2e.test.ts"
"empleados","filter","tenant_id","apps\erp-api\tests\e2e\rrhh-e2e.test.ts"
"empleados","filter","id","apps\erp-api\tests\e2e\rrhh-e2e.test.ts"
"empleados","filter","id","apps\erp-api\tests\e2e\rrhh-e2e.test.ts"
"empleados","insert","id","apps\erp-api\tests\e2e\rrhh-e2e.test.ts"
"empleados","insert","nombre","apps\erp-api\tests\e2e\rrhh-e2e.test.ts"
"empleados","insert","ruc","apps\erp-api\tests\e2e\rrhh-e2e.test.ts"
"empleados","insert","pais","apps\erp-api\tests\e2e\rrhh-e2e.test.ts"
"empleados","insert","activo","apps\erp-api\tests\e2e\rrhh-e2e.test.ts"
"empleados","filter","id","apps\erp-api\tests\e2e\rrhh-e2e.test.ts"
"empleados","filter","id","apps\erp-api\tests\e2e\rrhh-e2e.test.ts"
"empleados","filter","id","apps\erp-api\tests\e2e\rrhh-e2e.test.ts"
"empleados","filter","id","apps\erp-api\tests\e2e\rrhh-e2e.test.ts"
"empleados","select","id","apps\erp-api\tests\e2e\rrhh-e2e.test.ts"
"empleados","insert","id","apps\erp-api\tests\e2e\rrhh-e2e.test.ts"
"empleados","insert","nombre","apps\erp-api\tests\e2e\rrhh-e2e.test.ts"
"empleados","insert","ruc","apps\erp-api\tests\e2e\rrhh-e2e.test.ts"
"empleados","insert","pais","apps\erp-api\tests\e2e\rrhh-e2e.test.ts"
"empleados","insert","activo","apps\erp-api\tests\e2e\rrhh-e2e.test.ts"
"empleados","filter","id","apps\erp-api\tests\e2e\rrhh-e2e.test.ts"
"empleados","filter","id","apps\erp-api\tests\e2e\rrhh-e2e.test.ts"
"empleados","filter","id","apps\erp-api\tests\e2e\rrhh-e2e.test.ts"
"empleados","select","id","apps\erp-api\tests\e2e\rrhh-e2e.test.ts"
"empleados","filter","id","apps\erp-api\tests\e2e\rrhh-e2e.test.ts"
"empleados","insert","tenant_id","apps\erp-api\tests\e2e\rrhh-e2e.test.ts"
"empleados","insert","nombres","apps\erp-api\tests\e2e\rrhh-e2e.test.ts"
"empleados","insert","apellidos","apps\erp-api\tests\e2e\rrhh-e2e.test.ts"
"empleados","insert","tipo_documento","apps\erp-api\tests\e2e\rrhh-e2e.test.ts"
"empleados","insert","numero_documento","apps\erp-api\tests\e2e\rrhh-e2e.test.ts"
"empleados","insert","fecha_ingreso","apps\erp-api\tests\e2e\rrhh-e2e.test.ts"
"empleados","insert","estado","apps\erp-api\tests\e2e\rrhh-e2e.test.ts"
"empleados","select","id","apps\erp-api\tests\e2e\rrhh-e2e.test.ts"
"empleados","insert","id","apps\erp-api\tests\e2e\rrhh-e2e.test.ts"
"empleados","insert","nombre","apps\erp-api\tests\e2e\rrhh-e2e.test.ts"
"empleados","insert","ruc","apps\erp-api\tests\e2e\rrhh-e2e.test.ts"
"empleados","insert","pais","apps\erp-api\tests\e2e\rrhh-e2e.test.ts"
"empleados","insert","activo","apps\erp-api\tests\e2e\rrhh-e2e.test.ts"
"empleados","filter","id","apps\erp-api\tests\e2e\rrhh-e2e.test.ts"
"empleados","filter","id","apps\erp-api\tests\e2e\rrhh-e2e.test.ts"
"empleados","select","id","apps\erp-api\tests\e2e\rrhh-e2e.test.ts"
"empleados","filter","id","apps\erp-api\tests\e2e\rrhh-e2e.test.ts"
"empleados","insert","tenant_id","apps\erp-api\tests\e2e\rrhh-e2e.test.ts"
"empleados","insert","nombres","apps\erp-api\tests\e2e\rrhh-e2e.test.ts"
"empleados","insert","apellidos","apps\erp-api\tests\e2e\rrhh-e2e.test.ts"
"empleados","insert","tipo_documento","apps\erp-api\tests\e2e\rrhh-e2e.test.ts"
"empleados","insert","numero_documento","apps\erp-api\tests\e2e\rrhh-e2e.test.ts"
"empleados","insert","fecha_ingreso","apps\erp-api\tests\e2e\rrhh-e2e.test.ts"
"empleados","insert","estado","apps\erp-api\tests\e2e\rrhh-e2e.test.ts"
"empleados","select","id","apps\erp-api\tests\e2e\rrhh-e2e.test.ts"
"empleados","insert","id","apps\erp-api\tests\e2e\rrhh-e2e.test.ts"
"empleados","insert","nombre","apps\erp-api\tests\e2e\rrhh-e2e.test.ts"
"empleados","insert","ruc","apps\erp-api\tests\e2e\rrhh-e2e.test.ts"
"empleados","insert","pais","apps\erp-api\tests\e2e\rrhh-e2e.test.ts"
"empleados","insert","activo","apps\erp-api\tests\e2e\rrhh-e2e.test.ts"
"empleados","filter","id","apps\erp-api\tests\e2e\rrhh-e2e.test.ts"
"empleados","filter","id","apps\erp-api\tests\e2e\rrhh-e2e.test.ts"
"empleados","select","id","apps\erp-api\tests\e2e\rrhh-e2e.test.ts"
"empleados","filter","id","apps\erp-api\tests\e2e\rrhh-e2e.test.ts"
"empleados","insert","tenant_id","apps\erp-api\tests\e2e\rrhh-e2e.test.ts"
"empleados","insert","nombres","apps\erp-api\tests\e2e\rrhh-e2e.test.ts"
"empleados","insert","apellidos","apps\erp-api\tests\e2e\rrhh-e2e.test.ts"
"empleados","insert","tipo_documento","apps\erp-api\tests\e2e\rrhh-e2e.test.ts"
"empleados","insert","numero_documento","apps\erp-api\tests\e2e\rrhh-e2e.test.ts"
"empleados","insert","fecha_ingreso","apps\erp-api\tests\e2e\rrhh-e2e.test.ts"
"empleados","insert","estado","apps\erp-api\tests\e2e\rrhh-e2e.test.ts"
"empleados","select","id","apps\erp-api\tests\e2e\rrhh-e2e.test.ts"
"empleados","insert","id","apps\erp-api\tests\e2e\rrhh-e2e.test.ts"
"empleados","insert","nombre","apps\erp-api\tests\e2e\rrhh-e2e.test.ts"
"empleados","insert","ruc","apps\erp-api\tests\e2e\rrhh-e2e.test.ts"
"empleados","insert","pais","apps\erp-api\tests\e2e\rrhh-e2e.test.ts"
"empleados","insert","activo","apps\erp-api\tests\e2e\rrhh-e2e.test.ts"
"empleados","filter","id","apps\erp-api\tests\e2e\rrhh-e2e.test.ts"
"empleados","filter","id","apps\erp-api\tests\e2e\rrhh-e2e.test.ts"
"empleados","select","id","apps\erp-api\tests\e2e\rrhh-e2e.test.ts"
"empleados","filter","id","apps\erp-api\tests\e2e\rrhh-e2e.test.ts"
"empleados","insert","tenant_id","apps\erp-api\tests\e2e\rrhh-e2e.test.ts"
"empleados","insert","nombres","apps\erp-api\tests\e2e\rrhh-e2e.test.ts"
"empleados","insert","apellidos","apps\erp-api\tests\e2e\rrhh-e2e.test.ts"
"empleados","insert","tipo_documento","apps\erp-api\tests\e2e\rrhh-e2e.test.ts"
"empleados","insert","numero_documento","apps\erp-api\tests\e2e\rrhh-e2e.test.ts"
"empleados","insert","fecha_ingreso","apps\erp-api\tests\e2e\rrhh-e2e.test.ts"
"empleados","insert","estado","apps\erp-api\tests\e2e\rrhh-e2e.test.ts"
"empleados","filter","id","apps\erp-api\tests\e2e\rrhh-e2e.test.ts"
"empleados","filter","id","apps\erp-api\tests\e2e\rrhh-e2e.test.ts"
"sesiones_caja","select","id","apps\erp-api\tests\e2e\pos-e2e.test.ts"
"sesiones_caja","select","tenant_id","apps\erp-api\tests\e2e\pos-e2e.test.ts"
"sesiones_caja","select","usuario_id","apps\erp-api\tests\e2e\pos-e2e.test.ts"
"sesiones_caja","select","monto_inicial","apps\erp-api\tests\e2e\pos-e2e.test.ts"
"sesiones_caja","select","id","apps\erp-api\tests\e2e\pos-e2e.test.ts"
"sesiones_caja","insert","tenant_id","apps\erp-api\tests\e2e\pos-e2e.test.ts"
"sesiones_caja","insert","usuario_id","apps\erp-api\tests\e2e\pos-e2e.test.ts"
"sesiones_caja","insert","monto_inicial","apps\erp-api\tests\e2e\pos-e2e.test.ts"
"sesiones_caja","insert","total_efectivo","apps\erp-api\tests\e2e\pos-e2e.test.ts"
"sesiones_caja","insert","total_tarjeta","apps\erp-api\tests\e2e\pos-e2e.test.ts"
"sesiones_caja","insert","fecha_apertura","apps\erp-api\tests\e2e\pos-e2e.test.ts"
"sesiones_caja","filter","id","apps\erp-api\tests\e2e\pos-e2e.test.ts"
"sesiones_caja","insert","tenant_id","apps\erp-api\tests\e2e\pos-e2e.test.ts"
"sesiones_caja","insert","usuario_id","apps\erp-api\tests\e2e\pos-e2e.test.ts"
"sesiones_caja","insert","monto_inicial","apps\erp-api\tests\e2e\pos-e2e.test.ts"
"sesiones_caja","insert","total_efectivo","apps\erp-api\tests\e2e\pos-e2e.test.ts"
"sesiones_caja","insert","total_tarjeta","apps\erp-api\tests\e2e\pos-e2e.test.ts"
"sesiones_caja","insert","fecha_apertura","apps\erp-api\tests\e2e\pos-e2e.test.ts"
"sesiones_caja","filter","id","apps\erp-api\tests\e2e\pos-e2e.test.ts"
"sesiones_caja","filter","id","apps\erp-api\tests\e2e\pos-e2e.test.ts"
"sesiones_caja","select","id","apps\erp-api\tests\e2e\pos-e2e.test.ts"
"sesiones_caja","insert","id","apps\erp-api\tests\e2e\pos-e2e.test.ts"
"sesiones_caja","insert","nombre","apps\erp-api\tests\e2e\pos-e2e.test.ts"
"sesiones_caja","insert","ruc","apps\erp-api\tests\e2e\pos-e2e.test.ts"
"sesiones_caja","insert","pais","apps\erp-api\tests\e2e\pos-e2e.test.ts"
"sesiones_caja","insert","activo","apps\erp-api\tests\e2e\pos-e2e.test.ts"
"sesiones_caja","filter","id","apps\erp-api\tests\e2e\pos-e2e.test.ts"
"sesiones_caja","filter","id","apps\erp-api\tests\e2e\pos-e2e.test.ts"
"sesiones_caja","select","id","apps\erp-api\tests\e2e\pos-e2e.test.ts"
"sesiones_caja","insert","tenant_id","apps\erp-api\tests\e2e\pos-e2e.test.ts"
"sesiones_caja","insert","usuario_id","apps\erp-api\tests\e2e\pos-e2e.test.ts"
"sesiones_caja","insert","monto_inicial","apps\erp-api\tests\e2e\pos-e2e.test.ts"
"sesiones_caja","insert","total_efectivo","apps\erp-api\tests\e2e\pos-e2e.test.ts"
"sesiones_caja","insert","total_tarjeta","apps\erp-api\tests\e2e\pos-e2e.test.ts"
"sesiones_caja","insert","fecha_apertura","apps\erp-api\tests\e2e\pos-e2e.test.ts"
"sesiones_caja","filter","id","apps\erp-api\tests\e2e\pos-e2e.test.ts"
"sesiones_caja","insert","tenant_id","apps\erp-api\tests\e2e\pos-e2e.test.ts"
"sesiones_caja","insert","usuario_id","apps\erp-api\tests\e2e\pos-e2e.test.ts"
"sesiones_caja","insert","monto_inicial","apps\erp-api\tests\e2e\pos-e2e.test.ts"
"sesiones_caja","insert","total_efectivo","apps\erp-api\tests\e2e\pos-e2e.test.ts"
"sesiones_caja","insert","total_tarjeta","apps\erp-api\tests\e2e\pos-e2e.test.ts"
"sesiones_caja","insert","fecha_apertura","apps\erp-api\tests\e2e\pos-e2e.test.ts"
"sesiones_caja","update","monto_contado","apps\erp-api\tests\e2e\pos-e2e.test.ts"
"sesiones_caja","update","notas_cierre","apps\erp-api\tests\e2e\pos-e2e.test.ts"
"sesiones_caja","update","fecha_cierre","apps\erp-api\tests\e2e\pos-e2e.test.ts"
"sesiones_caja","filter","id","apps\erp-api\tests\e2e\pos-e2e.test.ts"
"sesiones_caja","update","monto_contado","apps\erp-api\tests\e2e\pos-e2e.test.ts"
"sesiones_caja","update","notas_cierre","apps\erp-api\tests\e2e\pos-e2e.test.ts"
"sesiones_caja","update","fecha_cierre","apps\erp-api\tests\e2e\pos-e2e.test.ts"
"sesiones_caja","filter","id","apps\erp-api\tests\e2e\pos-e2e.test.ts"
"sesiones_caja","filter","id","apps\erp-api\tests\e2e\pos-e2e.test.ts"
"sesiones_caja","filter","id","apps\erp-api\tests\e2e\pos-e2e.test.ts"
"sesiones_caja","select","id","apps\erp-api\tests\e2e\pos-e2e.test.ts"
"sesiones_caja","insert","id","apps\erp-api\tests\e2e\pos-e2e.test.ts"
"sesiones_caja","insert","nombre","apps\erp-api\tests\e2e\pos-e2e.test.ts"
"sesiones_caja","insert","ruc","apps\erp-api\tests\e2e\pos-e2e.test.ts"
"sesiones_caja","insert","pais","apps\erp-api\tests\e2e\pos-e2e.test.ts"
"sesiones_caja","insert","activo","apps\erp-api\tests\e2e\pos-e2e.test.ts"
"sesiones_caja","filter","id","apps\erp-api\tests\e2e\pos-e2e.test.ts"
"sesiones_caja","filter","id","apps\erp-api\tests\e2e\pos-e2e.test.ts"
"ventas_pos","select","id","apps\erp-api\tests\e2e\pos-e2e.test.ts"
"ventas_pos","select","tenant_id","apps\erp-api\tests\e2e\pos-e2e.test.ts"
"ventas_pos","select","numero_ticket","apps\erp-api\tests\e2e\pos-e2e.test.ts"
"ventas_pos","select","total","apps\erp-api\tests\e2e\pos-e2e.test.ts"
"ventas_pos","select","estado","apps\erp-api\tests\e2e\pos-e2e.test.ts"
"ventas_pos","select","id","apps\erp-api\tests\e2e\pos-e2e.test.ts"
"ventas_pos","filter","id","apps\erp-api\tests\e2e\pos-e2e.test.ts"
"ventas_pos","insert","tenant_id","apps\erp-api\tests\e2e\pos-e2e.test.ts"
"ventas_pos","insert","numero_ticket","apps\erp-api\tests\e2e\pos-e2e.test.ts"
"ventas_pos","insert","cliente_documento","apps\erp-api\tests\e2e\pos-e2e.test.ts"
"ventas_pos","insert","cliente_nombre","apps\erp-api\tests\e2e\pos-e2e.test.ts"
"ventas_pos","insert","subtotal","apps\erp-api\tests\e2e\pos-e2e.test.ts"
"ventas_pos","insert","impuestos","apps\erp-api\tests\e2e\pos-e2e.test.ts"
"ventas_pos","insert","total","apps\erp-api\tests\e2e\pos-e2e.test.ts"
"ventas_pos","insert","estado","apps\erp-api\tests\e2e\pos-e2e.test.ts"
"ventas_pos","insert","metodo_pago","apps\erp-api\tests\e2e\pos-e2e.test.ts"
"ventas_pos","insert","fecha","apps\erp-api\tests\e2e\pos-e2e.test.ts"
"ventas_pos","filter","id","apps\erp-api\tests\e2e\pos-e2e.test.ts"
"ventas_pos","filter","id","apps\erp-api\tests\e2e\pos-e2e.test.ts"
"ventas_pos","select","id","apps\erp-api\tests\e2e\pos-e2e.test.ts"
"ventas_pos","filter","id","apps\erp-api\tests\e2e\pos-e2e.test.ts"
"ventas_pos","filter","id","apps\erp-api\tests\e2e\pos-e2e.test.ts"
"ventas_pos","insert","tenant_id","apps\erp-api\tests\e2e\pos-e2e.test.ts"
"ventas_pos","insert","numero_ticket","apps\erp-api\tests\e2e\pos-e2e.test.ts"
"ventas_pos","insert","cliente_documento","apps\erp-api\tests\e2e\pos-e2e.test.ts"
"ventas_pos","insert","cliente_nombre","apps\erp-api\tests\e2e\pos-e2e.test.ts"
"ventas_pos","insert","subtotal","apps\erp-api\tests\e2e\pos-e2e.test.ts"
"ventas_pos","insert","impuestos","apps\erp-api\tests\e2e\pos-e2e.test.ts"
"ventas_pos","insert","total","apps\erp-api\tests\e2e\pos-e2e.test.ts"
"ventas_pos","insert","estado","apps\erp-api\tests\e2e\pos-e2e.test.ts"
"ventas_pos","insert","fecha","apps\erp-api\tests\e2e\pos-e2e.test.ts"
"ventas_pos","insert","tenant_id","apps\erp-api\tests\e2e\pos-e2e.test.ts"
"ventas_pos","insert","numero_ticket","apps\erp-api\tests\e2e\pos-e2e.test.ts"
"ventas_pos","insert","cliente_documento","apps\erp-api\tests\e2e\pos-e2e.test.ts"
"ventas_pos","insert","cliente_nombre","apps\erp-api\tests\e2e\pos-e2e.test.ts"
"ventas_pos","insert","subtotal","apps\erp-api\tests\e2e\pos-e2e.test.ts"
"ventas_pos","insert","impuestos","apps\erp-api\tests\e2e\pos-e2e.test.ts"
"ventas_pos","insert","total","apps\erp-api\tests\e2e\pos-e2e.test.ts"
"ventas_pos","insert","estado","apps\erp-api\tests\e2e\pos-e2e.test.ts"
"ventas_pos","insert","fecha","apps\erp-api\tests\e2e\pos-e2e.test.ts"
"ventas_pos","filter","tenant_id","apps\erp-api\tests\e2e\pos-e2e.test.ts"
"ventas_pos","filter","tenant_id","apps\erp-api\tests\e2e\pos-e2e.test.ts"
"ventas_pos","filter","tenant_id","apps\erp-api\tests\e2e\pos-e2e.test.ts"
"ventas_pos","filter","tenant_id","apps\erp-api\tests\e2e\pos-e2e.test.ts"
"ventas_pos","filter","id","apps\erp-api\tests\e2e\pos-e2e.test.ts"
"ventas_pos","filter","tenant_id","apps\erp-api\tests\e2e\pos-e2e.test.ts"
"ventas_pos","filter","id","apps\erp-api\tests\e2e\pos-e2e.test.ts"
"ventas_pos","filter","id","apps\erp-api\tests\e2e\pos-e2e.test.ts"
"ventas_pos","filter","id","apps\erp-api\tests\e2e\pos-e2e.test.ts"
"ventas_pos","insert","id","apps\erp-api\tests\e2e\pos-e2e.test.ts"
"ventas_pos","insert","nombre","apps\erp-api\tests\e2e\pos-e2e.test.ts"
"ventas_pos","insert","ruc","apps\erp-api\tests\e2e\pos-e2e.test.ts"
"ventas_pos","insert","pais","apps\erp-api\tests\e2e\pos-e2e.test.ts"
"ventas_pos","insert","activo","apps\erp-api\tests\e2e\pos-e2e.test.ts"
"ventas_pos","filter","id","apps\erp-api\tests\e2e\pos-e2e.test.ts"
"ventas_pos","filter","id","apps\erp-api\tests\e2e\pos-e2e.test.ts"
"ventas_pos","filter","id","apps\erp-api\tests\e2e\pos-e2e.test.ts"
"ventas_pos","filter","id","apps\erp-api\tests\e2e\pos-e2e.test.ts"
"ventas_pos","insert","id","apps\erp-api\tests\e2e\pos-e2e.test.ts"
"ventas_pos","insert","nombre","apps\erp-api\tests\e2e\pos-e2e.test.ts"
"ventas_pos","insert","ruc","apps\erp-api\tests\e2e\pos-e2e.test.ts"
"ventas_pos","insert","pais","apps\erp-api\tests\e2e\pos-e2e.test.ts"
"ventas_pos","insert","activo","apps\erp-api\tests\e2e\pos-e2e.test.ts"
"ventas_pos","filter","id","apps\erp-api\tests\e2e\pos-e2e.test.ts"
"ventas_pos","filter","id","apps\erp-api\tests\e2e\pos-e2e.test.ts"
"ventas_pos","filter","id","apps\erp-api\tests\e2e\pos-e2e.test.ts"
"ventas_pos","select","id","apps\erp-api\tests\e2e\pos-e2e.test.ts"
"ventas_pos","filter","id","apps\erp-api\tests\e2e\pos-e2e.test.ts"
"ventas_pos","insert","tenant_id","apps\erp-api\tests\e2e\pos-e2e.test.ts"
"ventas_pos","insert","numero_ticket","apps\erp-api\tests\e2e\pos-e2e.test.ts"
"ventas_pos","insert","cliente_documento","apps\erp-api\tests\e2e\pos-e2e.test.ts"
"ventas_pos","insert","cliente_nombre","apps\erp-api\tests\e2e\pos-e2e.test.ts"
"ventas_pos","insert","subtotal","apps\erp-api\tests\e2e\pos-e2e.test.ts"
"ventas_pos","insert","impuestos","apps\erp-api\tests\e2e\pos-e2e.test.ts"
"ventas_pos","insert","total","apps\erp-api\tests\e2e\pos-e2e.test.ts"
"ventas_pos","insert","estado","apps\erp-api\tests\e2e\pos-e2e.test.ts"
"ventas_pos","insert","fecha","apps\erp-api\tests\e2e\pos-e2e.test.ts"
"ventas_pos","select","id","apps\erp-api\tests\e2e\pos-e2e.test.ts"
"ventas_pos","select","cpe_pendiente","apps\erp-api\tests\e2e\pos-e2e.test.ts"
"ventas_pos","insert","id","apps\erp-api\tests\e2e\pos-e2e.test.ts"
"ventas_pos","insert","nombre","apps\erp-api\tests\e2e\pos-e2e.test.ts"
"ventas_pos","insert","ruc","apps\erp-api\tests\e2e\pos-e2e.test.ts"
"ventas_pos","insert","pais","apps\erp-api\tests\e2e\pos-e2e.test.ts"
"ventas_pos","insert","activo","apps\erp-api\tests\e2e\pos-e2e.test.ts"
"ventas_pos","filter","id","apps\erp-api\tests\e2e\pos-e2e.test.ts"
"ventas_pos","filter","id","apps\erp-api\tests\e2e\pos-e2e.test.ts"
"ventas_pos","select","id","apps\erp-api\tests\e2e\pos-e2e.test.ts"
"ventas_pos","select","cpe_pendiente","apps\erp-api\tests\e2e\pos-e2e.test.ts"
"ventas_pos","filter","id","apps\erp-api\tests\e2e\pos-e2e.test.ts"
"ventas_pos","insert","tenant_id","apps\erp-api\tests\e2e\pos-e2e.test.ts"
"ventas_pos","insert","numero_ticket","apps\erp-api\tests\e2e\pos-e2e.test.ts"
"ventas_pos","insert","cliente_documento","apps\erp-api\tests\e2e\pos-e2e.test.ts"
"ventas_pos","insert","cliente_nombre","apps\erp-api\tests\e2e\pos-e2e.test.ts"
"ventas_pos","insert","subtotal","apps\erp-api\tests\e2e\pos-e2e.test.ts"
"ventas_pos","insert","impuestos","apps\erp-api\tests\e2e\pos-e2e.test.ts"
"ventas_pos","insert","total","apps\erp-api\tests\e2e\pos-e2e.test.ts"
"ventas_pos","insert","estado","apps\erp-api\tests\e2e\pos-e2e.test.ts"
"ventas_pos","insert","cpe_pendiente","apps\erp-api\tests\e2e\pos-e2e.test.ts"
"ventas_pos","insert","intentos_facturacion","apps\erp-api\tests\e2e\pos-e2e.test.ts"
"ventas_pos","insert","error_facturacion","apps\erp-api\tests\e2e\pos-e2e.test.ts"
"ventas_pos","insert","fecha","apps\erp-api\tests\e2e\pos-e2e.test.ts"
"ventas_pos","filter","id","apps\erp-api\tests\e2e\pos-e2e.test.ts"
"ventas_pos","filter","id","apps\erp-api\tests\e2e\pos-e2e.test.ts"
"detalle_ventas_pos","select","id","apps\erp-api\tests\e2e\pos-e2e.test.ts"
"detalle_ventas_pos","select","venta_id","apps\erp-api\tests\e2e\pos-e2e.test.ts"
"detalle_ventas_pos","select","producto_id","apps\erp-api\tests\e2e\pos-e2e.test.ts"
"productos","select","id","apps\erp-api\tests\e2e\inventario-e2e.test.ts"
"productos","select","tenant_id","apps\erp-api\tests\e2e\inventario-e2e.test.ts"
"productos","select","codigo","apps\erp-api\tests\e2e\inventario-e2e.test.ts"
"productos","select","nombre","apps\erp-api\tests\e2e\inventario-e2e.test.ts"
"productos","select","stock_actual","apps\erp-api\tests\e2e\inventario-e2e.test.ts"
"productos","select","stock_reservado","apps\erp-api\tests\e2e\inventario-e2e.test.ts"
"productos","select","stock_actual","apps\erp-api\tests\e2e\inventario-e2e.test.ts"
"productos","insert","id","apps\erp-api\tests\e2e\inventario-e2e.test.ts"
"productos","insert","tenant_id","apps\erp-api\tests\e2e\inventario-e2e.test.ts"
"productos","insert","codigo","apps\erp-api\tests\e2e\inventario-e2e.test.ts"
"productos","insert","nombre","apps\erp-api\tests\e2e\inventario-e2e.test.ts"
"productos","insert","precio","apps\erp-api\tests\e2e\inventario-e2e.test.ts"
"productos","insert","stock_actual","apps\erp-api\tests\e2e\inventario-e2e.test.ts"
"productos","insert","stock_reservado","apps\erp-api\tests\e2e\inventario-e2e.test.ts"
"productos","insert","activo","apps\erp-api\tests\e2e\inventario-e2e.test.ts"
"productos","insert","unidad_medida","apps\erp-api\tests\e2e\inventario-e2e.test.ts"
"productos","update","stock_actual","apps\erp-api\tests\e2e\inventario-e2e.test.ts"
"productos","filter","id","apps\erp-api\tests\e2e\inventario-e2e.test.ts"
"productos","filter","id","apps\erp-api\tests\e2e\inventario-e2e.test.ts"
"productos","select","stock_actual","apps\erp-api\tests\e2e\inventario-e2e.test.ts"
"productos","update","stock_actual","apps\erp-api\tests\e2e\inventario-e2e.test.ts"
"productos","filter","id","apps\erp-api\tests\e2e\inventario-e2e.test.ts"
"productos","filter","id","apps\erp-api\tests\e2e\inventario-e2e.test.ts"
"productos","select","stock_actual","apps\erp-api\tests\e2e\inventario-e2e.test.ts"
"productos","filter","id","apps\erp-api\tests\e2e\inventario-e2e.test.ts"
"productos","filter","id","apps\erp-api\tests\e2e\inventario-e2e.test.ts"
"productos","filter","id","apps\erp-api\tests\e2e\inventario-e2e.test.ts"
"productos","filter","id","apps\erp-api\tests\e2e\inventario-e2e.test.ts"
"productos","filter","id","apps\erp-api\tests\e2e\inventario-e2e.test.ts"
"productos","filter","id","apps\erp-api\tests\e2e\inventario-e2e.test.ts"
"productos","filter","id","apps\erp-api\tests\e2e\inventario-e2e.test.ts"
"productos","insert","id","apps\erp-api\tests\e2e\inventario-e2e.test.ts"
"productos","insert","nombre","apps\erp-api\tests\e2e\inventario-e2e.test.ts"
"productos","insert","ruc","apps\erp-api\tests\e2e\inventario-e2e.test.ts"
"productos","insert","pais","apps\erp-api\tests\e2e\inventario-e2e.test.ts"
"productos","insert","activo","apps\erp-api\tests\e2e\inventario-e2e.test.ts"
"productos","filter","id","apps\erp-api\tests\e2e\inventario-e2e.test.ts"
"productos","filter","id","apps\erp-api\tests\e2e\inventario-e2e.test.ts"
"productos","filter","id","apps\erp-api\tests\e2e\inventario-e2e.test.ts"
"productos","select","stock_actual","apps\erp-api\tests\e2e\inventario-e2e.test.ts"
"productos","select","stock_reservado","apps\erp-api\tests\e2e\inventario-e2e.test.ts"
"productos","insert","id","apps\erp-api\tests\e2e\inventario-e2e.test.ts"
"productos","insert","tenant_id","apps\erp-api\tests\e2e\inventario-e2e.test.ts"
"productos","insert","codigo","apps\erp-api\tests\e2e\inventario-e2e.test.ts"
"productos","insert","nombre","apps\erp-api\tests\e2e\inventario-e2e.test.ts"
"productos","insert","precio","apps\erp-api\tests\e2e\inventario-e2e.test.ts"
"productos","insert","stock_actual","apps\erp-api\tests\e2e\inventario-e2e.test.ts"
"productos","insert","stock_reservado","apps\erp-api\tests\e2e\inventario-e2e.test.ts"
"productos","insert","activo","apps\erp-api\tests\e2e\inventario-e2e.test.ts"
"productos","insert","unidad_medida","apps\erp-api\tests\e2e\inventario-e2e.test.ts"
"productos","filter","id","apps\erp-api\tests\e2e\inventario-e2e.test.ts"
"productos","select","stock_actual","apps\erp-api\tests\e2e\inventario-e2e.test.ts"
"productos","select","stock_reservado","apps\erp-api\tests\e2e\inventario-e2e.test.ts"
"productos","filter","id","apps\erp-api\tests\e2e\inventario-e2e.test.ts"
"productos","filter","id","apps\erp-api\tests\e2e\inventario-e2e.test.ts"
"productos","filter","id","apps\erp-api\tests\e2e\inventario-e2e.test.ts"
"productos","insert","id","apps\erp-api\tests\e2e\inventario-e2e.test.ts"
"productos","insert","nombre","apps\erp-api\tests\e2e\inventario-e2e.test.ts"
"productos","insert","ruc","apps\erp-api\tests\e2e\inventario-e2e.test.ts"
"productos","insert","pais","apps\erp-api\tests\e2e\inventario-e2e.test.ts"
"productos","insert","activo","apps\erp-api\tests\e2e\inventario-e2e.test.ts"
"productos","filter","id","apps\erp-api\tests\e2e\inventario-e2e.test.ts"
"productos","filter","id","apps\erp-api\tests\e2e\inventario-e2e.test.ts"
"productos","insert","id","apps\erp-api\tests\e2e\inventario-e2e.test.ts"
"productos","insert","tenant_id","apps\erp-api\tests\e2e\inventario-e2e.test.ts"
"productos","insert","codigo","apps\erp-api\tests\e2e\inventario-e2e.test.ts"
"productos","insert","nombre","apps\erp-api\tests\e2e\inventario-e2e.test.ts"
"productos","insert","precio","apps\erp-api\tests\e2e\inventario-e2e.test.ts"
"productos","insert","stock_actual","apps\erp-api\tests\e2e\inventario-e2e.test.ts"
"productos","insert","stock_reservado","apps\erp-api\tests\e2e\inventario-e2e.test.ts"
"productos","insert","activo","apps\erp-api\tests\e2e\inventario-e2e.test.ts"
"productos","insert","unidad_medida","apps\erp-api\tests\e2e\inventario-e2e.test.ts"
"productos","select","stock_actual","apps\erp-api\tests\e2e\inventario-e2e.test.ts"
"productos","select","stock_reservado","apps\erp-api\tests\e2e\inventario-e2e.test.ts"
"productos","filter","id","apps\erp-api\tests\e2e\inventario-e2e.test.ts"
"productos","filter","id","apps\erp-api\tests\e2e\inventario-e2e.test.ts"
"productos","filter","id","apps\erp-api\tests\e2e\inventario-e2e.test.ts"
"productos","select","stock_actual","apps\erp-api\tests\e2e\inventario-e2e.test.ts"
"productos","select","stock_reservado","apps\erp-api\tests\e2e\inventario-e2e.test.ts"
"productos","filter","id","apps\erp-api\tests\e2e\inventario-e2e.test.ts"
"productos","filter","producto_id","apps\erp-api\tests\e2e\inventario-e2e.test.ts"
"productos","filter","tenant_id","apps\erp-api\tests\e2e\inventario-e2e.test.ts"
"productos","filter","id","apps\erp-api\tests\e2e\inventario-e2e.test.ts"
"productos","filter","id","apps\erp-api\tests\e2e\inventario-e2e.test.ts"
"productos","insert","id","apps\erp-api\tests\e2e\inventario-e2e.test.ts"
"productos","insert","nombre","apps\erp-api\tests\e2e\inventario-e2e.test.ts"
"productos","insert","ruc","apps\erp-api\tests\e2e\inventario-e2e.test.ts"
"productos","insert","pais","apps\erp-api\tests\e2e\inventario-e2e.test.ts"
"productos","insert","activo","apps\erp-api\tests\e2e\inventario-e2e.test.ts"
"productos","filter","id","apps\erp-api\tests\e2e\inventario-e2e.test.ts"
"productos","filter","id","apps\erp-api\tests\e2e\inventario-e2e.test.ts"
"productos","select","precio","apps\erp-api\tests\e2e\inventario-e2e.test.ts"
"productos","select","stock_actual","apps\erp-api\tests\e2e\inventario-e2e.test.ts"
"productos","select","stock_reservado","apps\erp-api\tests\e2e\inventario-e2e.test.ts"
"productos","insert","id","apps\erp-api\tests\e2e\inventario-e2e.test.ts"
"productos","insert","tenant_id","apps\erp-api\tests\e2e\inventario-e2e.test.ts"
"productos","insert","codigo","apps\erp-api\tests\e2e\inventario-e2e.test.ts"
"productos","insert","nombre","apps\erp-api\tests\e2e\inventario-e2e.test.ts"
"productos","insert","precio","apps\erp-api\tests\e2e\inventario-e2e.test.ts"
"productos","insert","stock_actual","apps\erp-api\tests\e2e\inventario-e2e.test.ts"
"productos","insert","stock_reservado","apps\erp-api\tests\e2e\inventario-e2e.test.ts"
"productos","insert","activo","apps\erp-api\tests\e2e\inventario-e2e.test.ts"
"productos","insert","unidad_medida","apps\erp-api\tests\e2e\inventario-e2e.test.ts"
"productos","filter","id","apps\erp-api\tests\e2e\inventario-e2e.test.ts"
"productos","select","precio","apps\erp-api\tests\e2e\inventario-e2e.test.ts"
"productos","select","stock_actual","apps\erp-api\tests\e2e\inventario-e2e.test.ts"
"productos","select","stock_reservado","apps\erp-api\tests\e2e\inventario-e2e.test.ts"
"productos","filter","id","apps\erp-api\tests\e2e\inventario-e2e.test.ts"
"productos","filter","id","apps\erp-api\tests\e2e\inventario-e2e.test.ts"
"productos","insert","id","apps\erp-api\tests\e2e\inventario-e2e.test.ts"
"productos","insert","nombre","apps\erp-api\tests\e2e\inventario-e2e.test.ts"
"productos","insert","ruc","apps\erp-api\tests\e2e\inventario-e2e.test.ts"
"productos","insert","pais","apps\erp-api\tests\e2e\inventario-e2e.test.ts"
"productos","insert","activo","apps\erp-api\tests\e2e\inventario-e2e.test.ts"
"productos","filter","id","apps\erp-api\tests\e2e\inventario-e2e.test.ts"
"productos","filter","id","apps\erp-api\tests\e2e\inventario-e2e.test.ts"
"productos","insert","id","apps\erp-api\tests\e2e\inventario-e2e.test.ts"
"productos","insert","tenant_id","apps\erp-api\tests\e2e\inventario-e2e.test.ts"
"productos","insert","codigo","apps\erp-api\tests\e2e\inventario-e2e.test.ts"
"productos","insert","nombre","apps\erp-api\tests\e2e\inventario-e2e.test.ts"
"productos","insert","precio","apps\erp-api\tests\e2e\inventario-e2e.test.ts"
"productos","insert","stock_actual","apps\erp-api\tests\e2e\inventario-e2e.test.ts"
"productos","insert","stock_reservado","apps\erp-api\tests\e2e\inventario-e2e.test.ts"
"productos","insert","activo","apps\erp-api\tests\e2e\inventario-e2e.test.ts"
"productos","insert","unidad_medida","apps\erp-api\tests\e2e\inventario-e2e.test.ts"
"productos","select","stock_actual","apps\erp-api\tests\e2e\inventario-e2e.test.ts"
"productos","select","stock_reservado","apps\erp-api\tests\e2e\inventario-e2e.test.ts"
"productos","filter","id","apps\erp-api\tests\e2e\inventario-e2e.test.ts"
"productos","select","stock_actual","apps\erp-api\tests\e2e\inventario-e2e.test.ts"
"productos","select","stock_reservado","apps\erp-api\tests\e2e\inventario-e2e.test.ts"
"productos","filter","id","apps\erp-api\tests\e2e\inventario-e2e.test.ts"
"productos","filter","tenant_id","apps\erp-api\tests\e2e\inventario-e2e.test.ts"
"productos","filter","tenant_id","apps\erp-api\tests\e2e\inventario-e2e.test.ts"
"productos","filter","id","apps\erp-api\tests\e2e\inventario-e2e.test.ts"
"productos","filter","id","apps\erp-api\tests\e2e\inventario-e2e.test.ts"
"productos","filter","id","apps\erp-api\tests\e2e\inventario-e2e.test.ts"
"productos","filter","id","apps\erp-api\tests\e2e\inventario-e2e.test.ts"
"productos","insert","id","apps\erp-api\tests\e2e\inventario-e2e.test.ts"
"productos","insert","tenant_id","apps\erp-api\tests\e2e\inventario-e2e.test.ts"
"productos","insert","codigo","apps\erp-api\tests\e2e\inventario-e2e.test.ts"
"productos","insert","nombre","apps\erp-api\tests\e2e\inventario-e2e.test.ts"
"productos","insert","precio","apps\erp-api\tests\e2e\inventario-e2e.test.ts"
"productos","insert","stock_actual","apps\erp-api\tests\e2e\inventario-e2e.test.ts"
"productos","insert","stock_reservado","apps\erp-api\tests\e2e\inventario-e2e.test.ts"
"productos","insert","activo","apps\erp-api\tests\e2e\inventario-e2e.test.ts"
"productos","insert","unidad_medida","apps\erp-api\tests\e2e\inventario-e2e.test.ts"
"productos","select","stock_actual","apps\erp-api\tests\e2e\inventario-e2e.test.ts"
"productos","filter","id","apps\erp-api\tests\e2e\inventario-e2e.test.ts"
"productos","filter","tenant_id","apps\erp-api\tests\e2e\inventario-e2e.test.ts"
"productos","filter","producto_id","apps\erp-api\tests\e2e\inventario-e2e.test.ts"
"productos","filter","id","apps\erp-api\tests\e2e\inventario-e2e.test.ts"
"productos","filter","tenant_id","apps\erp-api\tests\e2e\inventario-e2e.test.ts"
"productos","filter","id","apps\erp-api\tests\e2e\inventario-e2e.test.ts"
"movimientos_inventario","select","id","apps\erp-api\tests\e2e\inventario-e2e.test.ts"
"movimientos_inventario","select","tenant_id","apps\erp-api\tests\e2e\inventario-e2e.test.ts"
"movimientos_inventario","select","producto_id","apps\erp-api\tests\e2e\inventario-e2e.test.ts"
"movimientos_inventario","select","tipo","apps\erp-api\tests\e2e\inventario-e2e.test.ts"
"movimientos_inventario","select","cantidad","apps\erp-api\tests\e2e\inventario-e2e.test.ts"
"movimientos_inventario","filter","tenant_id","apps\erp-api\tests\e2e\inventario-e2e.test.ts"
"movimientos_inventario","filter","tenant_id","apps\erp-api\tests\e2e\inventario-e2e.test.ts"
"movimientos_inventario","filter","tenant_id","apps\erp-api\tests\e2e\inventario-e2e.test.ts"
"movimientos_inventario","filter","tenant_id","apps\erp-api\tests\e2e\inventario-e2e.test.ts"
"movimientos_inventario","filter","tenant_id","apps\erp-api\tests\e2e\inventario-e2e.test.ts"
"movimientos_inventario","filter","tenant_id","apps\erp-api\tests\e2e\inventario-e2e.test.ts"
"movimientos_inventario","filter","tenant_id","apps\erp-api\tests\e2e\inventario-e2e.test.ts"
"movimientos_inventario","filter","tenant_id","apps\erp-api\tests\e2e\inventario-e2e.test.ts"
"movimientos_inventario","filter","tenant_id","apps\erp-api\tests\e2e\inventario-e2e.test.ts"
"movimientos_inventario","filter","id","apps\erp-api\tests\e2e\inventario-e2e.test.ts"
"movimientos_inventario","filter","id","apps\erp-api\tests\e2e\inventario-e2e.test.ts"
"movimientos_inventario","filter","id","apps\erp-api\tests\e2e\inventario-e2e.test.ts"
"movimientos_inventario","filter","id","apps\erp-api\tests\e2e\inventario-e2e.test.ts"
"movimientos_inventario","filter","tenant_id","apps\erp-api\tests\e2e\inventario-e2e.test.ts"
"movimientos_inventario","filter","id","apps\erp-api\tests\e2e\inventario-e2e.test.ts"
"movimientos_inventario","filter","id","apps\erp-api\tests\e2e\inventario-e2e.test.ts"
"movimientos_inventario","filter","id","apps\erp-api\tests\e2e\inventario-e2e.test.ts"
"movimientos_inventario","filter","id","apps\erp-api\tests\e2e\inventario-e2e.test.ts"
"movimientos_inventario","insert","id","apps\erp-api\tests\e2e\inventario-e2e.test.ts"
"movimientos_inventario","insert","nombre","apps\erp-api\tests\e2e\inventario-e2e.test.ts"
"movimientos_inventario","insert","ruc","apps\erp-api\tests\e2e\inventario-e2e.test.ts"
"movimientos_inventario","insert","pais","apps\erp-api\tests\e2e\inventario-e2e.test.ts"
"movimientos_inventario","insert","activo","apps\erp-api\tests\e2e\inventario-e2e.test.ts"
"movimientos_inventario","filter","producto_id","apps\erp-api\tests\e2e\inventario-e2e.test.ts"
"movimientos_inventario","filter","tenant_id","apps\erp-api\tests\e2e\inventario-e2e.test.ts"
"movimientos_inventario","filter","id","apps\erp-api\tests\e2e\inventario-e2e.test.ts"
"movimientos_inventario","filter","id","apps\erp-api\tests\e2e\inventario-e2e.test.ts"
"movimientos_inventario","filter","tenant_id","apps\erp-api\tests\e2e\inventario-e2e.test.ts"
"movimientos_inventario","filter","tenant_id","apps\erp-api\tests\e2e\inventario-e2e.test.ts"
"movimientos_inventario","filter","id","apps\erp-api\tests\e2e\inventario-e2e.test.ts"
"movimientos_inventario","filter","id","apps\erp-api\tests\e2e\inventario-e2e.test.ts"
"movimientos_inventario","filter","id","apps\erp-api\tests\e2e\inventario-e2e.test.ts"
"movimientos_inventario","filter","tenant_id","apps\erp-api\tests\e2e\inventario-e2e.test.ts"
"movimientos_inventario","filter","tenant_id","apps\erp-api\tests\e2e\inventario-e2e.test.ts"
"movimientos_inventario","filter","id","apps\erp-api\tests\e2e\inventario-e2e.test.ts"
"movimientos_inventario","filter","tenant_id","apps\erp-api\tests\e2e\inventario-e2e.test.ts"
"movimientos_inventario","filter","id","apps\erp-api\tests\e2e\inventario-e2e.test.ts"
"almacenes","select","id","apps\erp-api\tests\e2e\inventario-e2e.test.ts"
"almacenes","select","tenant_id","apps\erp-api\tests\e2e\inventario-e2e.test.ts"
"almacenes","select","nombre","apps\erp-api\tests\e2e\inventario-e2e.test.ts"
"almacenes","select","codigo","apps\erp-api\tests\e2e\inventario-e2e.test.ts"
"almacenes","insert","id","apps\erp-api\tests\e2e\inventario-e2e.test.ts"
"almacenes","insert","tenant_id","apps\erp-api\tests\e2e\inventario-e2e.test.ts"
"almacenes","insert","nombre","apps\erp-api\tests\e2e\inventario-e2e.test.ts"
"almacenes","insert","codigo","apps\erp-api\tests\e2e\inventario-e2e.test.ts"
"almacenes","insert","activo","apps\erp-api\tests\e2e\inventario-e2e.test.ts"
"almacenes","insert","id","apps\erp-api\tests\e2e\inventario-e2e.test.ts"
"almacenes","insert","nombre","apps\erp-api\tests\e2e\inventario-e2e.test.ts"
"almacenes","insert","ruc","apps\erp-api\tests\e2e\inventario-e2e.test.ts"
"almacenes","insert","pais","apps\erp-api\tests\e2e\inventario-e2e.test.ts"
"almacenes","insert","activo","apps\erp-api\tests\e2e\inventario-e2e.test.ts"
"almacenes","filter","id","apps\erp-api\tests\e2e\inventario-e2e.test.ts"
"almacenes","filter","id","apps\erp-api\tests\e2e\inventario-e2e.test.ts"
"almacenes","insert","id","apps\erp-api\tests\e2e\inventario-e2e.test.ts"
"almacenes","insert","tenant_id","apps\erp-api\tests\e2e\inventario-e2e.test.ts"
"almacenes","insert","codigo","apps\erp-api\tests\e2e\inventario-e2e.test.ts"
"almacenes","insert","nombre","apps\erp-api\tests\e2e\inventario-e2e.test.ts"
"almacenes","insert","precio","apps\erp-api\tests\e2e\inventario-e2e.test.ts"
"almacenes","insert","stock_actual","apps\erp-api\tests\e2e\inventario-e2e.test.ts"
"almacenes","insert","stock_reservado","apps\erp-api\tests\e2e\inventario-e2e.test.ts"
"almacenes","insert","activo","apps\erp-api\tests\e2e\inventario-e2e.test.ts"
"almacenes","insert","unidad_medida","apps\erp-api\tests\e2e\inventario-e2e.test.ts"
"almacenes","filter","tenant_id","apps\erp-api\tests\e2e\inventario-e2e.test.ts"
"almacenes","filter","id","apps\erp-api\tests\e2e\inventario-e2e.test.ts"
"producto_existencias","filter","tenant_id","apps\erp-api\tests\e2e\inventario-e2e.test.ts"
"producto_existencias","filter","id","apps\erp-api\tests\e2e\inventario-e2e.test.ts"
"producto_existencias","filter","id","apps\erp-api\tests\e2e\inventario-e2e.test.ts"
"producto_existencias","filter","id","apps\erp-api\tests\e2e\inventario-e2e.test.ts"
"producto_existencias","select","stock_actual","apps\erp-api\tests\e2e\inventario-e2e.test.ts"
"producto_existencias","filter","tenant_id","apps\erp-api\tests\e2e\inventario-e2e.test.ts"
"producto_existencias","filter","producto_id","apps\erp-api\tests\e2e\inventario-e2e.test.ts"
"producto_existencias","filter","tenant_id","apps\erp-api\tests\e2e\inventario-e2e.test.ts"
"producto_existencias","filter","tenant_id","apps\erp-api\tests\e2e\inventario-e2e.test.ts"
"producto_existencias","filter","id","apps\erp-api\tests\e2e\inventario-e2e.test.ts"
"producto_existencias","filter","tenant_id","apps\erp-api\tests\e2e\inventario-e2e.test.ts"
"producto_existencias","filter","id","apps\erp-api\tests\e2e\inventario-e2e.test.ts"
"producto_existencias","filter","tenant_id","apps\erp-api\tests\e2e\inventario-e2e.test.ts"
"producto_existencias","filter","id","apps\erp-api\tests\e2e\inventario-e2e.test.ts"
"clientes","insert","id","apps\erp-api\tests\e2e\helpers\supabase-test-client.ts"
"clientes","insert","tenant_id","apps\erp-api\tests\e2e\helpers\supabase-test-client.ts"
"clientes","insert","tipo","apps\erp-api\tests\e2e\helpers\supabase-test-client.ts"
"clientes","insert","documento_tipo","apps\erp-api\tests\e2e\helpers\supabase-test-client.ts"
"clientes","insert","documento_numero","apps\erp-api\tests\e2e\helpers\supabase-test-client.ts"
"clientes","insert","razon_social","apps\erp-api\tests\e2e\helpers\supabase-test-client.ts"
"clientes","insert","activo","apps\erp-api\tests\e2e\helpers\supabase-test-client.ts"
"clientes","select","id","apps\erp-api\tests\e2e\helpers\supabase-test-client.ts"
"clientes","filter","tenant_id","apps\erp-api\tests\e2e\helpers\supabase-test-client.ts"
"clientes","filter","tenant_id","apps\erp-api\tests\e2e\helpers\supabase-test-client.ts"
"clientes","filter","id","apps\erp-api\tests\e2e\helpers\supabase-test-client.ts"
"pedidos_venta","select","id","apps\erp-api\tests\e2e\helpers\supabase-test-client.ts"
"pedidos_venta","filter","tenant_id","apps\erp-api\tests\e2e\helpers\supabase-test-client.ts"
"pedidos_venta","filter","tenant_id","apps\erp-api\tests\e2e\helpers\supabase-test-client.ts"
"pedidos_venta","filter","tenant_id","apps\erp-api\tests\e2e\helpers\supabase-test-client.ts"
"pedidos_venta","filter","tenant_id","apps\erp-api\tests\e2e\helpers\supabase-test-client.ts"
"pedidos_venta","filter","id","apps\erp-api\tests\e2e\helpers\supabase-test-client.ts"
"pedidos_venta","select","id","apps\erp-api\tests\e2e\helpers\supabase-test-client.ts"
"pedidos_venta","filter","tenant_id","apps\erp-api\tests\e2e\helpers\supabase-test-client.ts"
"pedidos_venta","filter","tenant_id","apps\erp-api\tests\e2e\helpers\supabase-test-client.ts"
"pedidos_venta","filter","tenant_id","apps\erp-api\tests\e2e\helpers\supabase-test-client.ts"
"pedidos_venta","filter","id","apps\erp-api\tests\e2e\helpers\supabase-test-client.ts"
"pedidos_venta_detalle","select","id","apps\erp-api\tests\e2e\helpers\supabase-test-client.ts"
"pedidos_venta_detalle","filter","pedido_id","apps\erp-api\tests\e2e\helpers\supabase-test-client.ts"
"pedidos_venta_detalle","filter","tenant_id","apps\erp-api\tests\e2e\helpers\supabase-test-client.ts"
"pedidos_venta_detalle","filter","tenant_id","apps\erp-api\tests\e2e\helpers\supabase-test-client.ts"
"pedidos_venta_detalle","filter","tenant_id","apps\erp-api\tests\e2e\helpers\supabase-test-client.ts"
"pedidos_venta_detalle","filter","tenant_id","apps\erp-api\tests\e2e\helpers\supabase-test-client.ts"
"pedidos_venta_detalle","filter","id","apps\erp-api\tests\e2e\helpers\supabase-test-client.ts"
"productos","insert","id","apps\erp-api\tests\e2e\helpers\supabase-test-client.ts"
"productos","insert","tenant_id","apps\erp-api\tests\e2e\helpers\supabase-test-client.ts"
"productos","insert","nombre","apps\erp-api\tests\e2e\helpers\supabase-test-client.ts"
"productos","insert","precio","apps\erp-api\tests\e2e\helpers\supabase-test-client.ts"
"productos","insert","stock_reservado","apps\erp-api\tests\e2e\helpers\supabase-test-client.ts"
"productos","insert","activo","apps\erp-api\tests\e2e\helpers\supabase-test-client.ts"
"productos","insert","unidad_medida","apps\erp-api\tests\e2e\helpers\supabase-test-client.ts"
"productos","select","id","apps\erp-api\tests\e2e\helpers\supabase-test-client.ts"
"productos","filter","tenant_id","apps\erp-api\tests\e2e\helpers\supabase-test-client.ts"
"productos","filter","id","apps\erp-api\tests\e2e\helpers\supabase-test-client.ts"
"clientes","insert","id","apps\erp-api\tests\e2e\finanzas-e2e.test.ts"
"clientes","insert","tenant_id","apps\erp-api\tests\e2e\finanzas-e2e.test.ts"
"clientes","insert","tipo","apps\erp-api\tests\e2e\finanzas-e2e.test.ts"
"clientes","insert","documento_tipo","apps\erp-api\tests\e2e\finanzas-e2e.test.ts"
"clientes","insert","documento_numero","apps\erp-api\tests\e2e\finanzas-e2e.test.ts"
"clientes","insert","razon_social","apps\erp-api\tests\e2e\finanzas-e2e.test.ts"
"clientes","insert","activo","apps\erp-api\tests\e2e\finanzas-e2e.test.ts"
"clientes","insert","id","apps\erp-api\tests\e2e\finanzas-e2e.test.ts"
"clientes","insert","nombre","apps\erp-api\tests\e2e\finanzas-e2e.test.ts"
"clientes","insert","ruc","apps\erp-api\tests\e2e\finanzas-e2e.test.ts"
"clientes","insert","pais","apps\erp-api\tests\e2e\finanzas-e2e.test.ts"
"clientes","insert","activo","apps\erp-api\tests\e2e\finanzas-e2e.test.ts"
"clientes","filter","id","apps\erp-api\tests\e2e\finanzas-e2e.test.ts"
"clientes","filter","id","apps\erp-api\tests\e2e\finanzas-e2e.test.ts"
"clientes","insert","id","apps\erp-api\tests\e2e\finanzas-e2e.test.ts"
"clientes","insert","nombre","apps\erp-api\tests\e2e\finanzas-e2e.test.ts"
"clientes","insert","ruc","apps\erp-api\tests\e2e\finanzas-e2e.test.ts"
"clientes","insert","pais","apps\erp-api\tests\e2e\finanzas-e2e.test.ts"
"clientes","insert","activo","apps\erp-api\tests\e2e\finanzas-e2e.test.ts"
"clientes","filter","id","apps\erp-api\tests\e2e\finanzas-e2e.test.ts"
"clientes","filter","id","apps\erp-api\tests\e2e\finanzas-e2e.test.ts"
"clientes","filter","id","apps\erp-api\tests\e2e\finanzas-e2e.test.ts"
"clientes","filter","id","apps\erp-api\tests\e2e\finanzas-e2e.test.ts"
"clientes","insert","id","apps\erp-api\tests\e2e\finanzas-e2e.test.ts"
"clientes","insert","nombre","apps\erp-api\tests\e2e\finanzas-e2e.test.ts"
"clientes","insert","ruc","apps\erp-api\tests\e2e\finanzas-e2e.test.ts"
"clientes","insert","pais","apps\erp-api\tests\e2e\finanzas-e2e.test.ts"
"clientes","insert","activo","apps\erp-api\tests\e2e\finanzas-e2e.test.ts"
"clientes","filter","id","apps\erp-api\tests\e2e\finanzas-e2e.test.ts"
"clientes","filter","id","apps\erp-api\tests\e2e\finanzas-e2e.test.ts"
"clientes","filter","id","apps\erp-api\tests\e2e\finanzas-e2e.test.ts"
"clientes","insert","id","apps\erp-api\tests\e2e\finanzas-e2e.test.ts"
"clientes","insert","tenant_id","apps\erp-api\tests\e2e\finanzas-e2e.test.ts"
"clientes","insert","tipo","apps\erp-api\tests\e2e\finanzas-e2e.test.ts"
"clientes","insert","documento_tipo","apps\erp-api\tests\e2e\finanzas-e2e.test.ts"
"clientes","insert","documento_numero","apps\erp-api\tests\e2e\finanzas-e2e.test.ts"
"clientes","insert","razon_social","apps\erp-api\tests\e2e\finanzas-e2e.test.ts"
"clientes","insert","activo","apps\erp-api\tests\e2e\finanzas-e2e.test.ts"
"clientes","insert","id","apps\erp-api\tests\e2e\finanzas-e2e.test.ts"
"clientes","insert","nombre","apps\erp-api\tests\e2e\finanzas-e2e.test.ts"
"clientes","insert","ruc","apps\erp-api\tests\e2e\finanzas-e2e.test.ts"
"clientes","insert","pais","apps\erp-api\tests\e2e\finanzas-e2e.test.ts"
"clientes","insert","activo","apps\erp-api\tests\e2e\finanzas-e2e.test.ts"
"clientes","filter","id","apps\erp-api\tests\e2e\finanzas-e2e.test.ts"
"clientes","filter","id","apps\erp-api\tests\e2e\finanzas-e2e.test.ts"
"clientes","insert","id","apps\erp-api\tests\e2e\finanzas-e2e.test.ts"
"clientes","insert","tenant_id","apps\erp-api\tests\e2e\finanzas-e2e.test.ts"
"clientes","insert","tipo","apps\erp-api\tests\e2e\finanzas-e2e.test.ts"
"clientes","insert","documento_tipo","apps\erp-api\tests\e2e\finanzas-e2e.test.ts"
"clientes","insert","documento_numero","apps\erp-api\tests\e2e\finanzas-e2e.test.ts"
"clientes","insert","razon_social","apps\erp-api\tests\e2e\finanzas-e2e.test.ts"
"clientes","insert","activo","apps\erp-api\tests\e2e\finanzas-e2e.test.ts"
"clientes","filter","id","apps\erp-api\tests\e2e\finanzas-e2e.test.ts"
"clientes","filter","id","apps\erp-api\tests\e2e\finanzas-e2e.test.ts"
"proveedores","insert","id","apps\erp-api\tests\e2e\finanzas-e2e.test.ts"
"proveedores","insert","tenant_id","apps\erp-api\tests\e2e\finanzas-e2e.test.ts"
"proveedores","insert","ruc","apps\erp-api\tests\e2e\finanzas-e2e.test.ts"
"proveedores","insert","razon_social","apps\erp-api\tests\e2e\finanzas-e2e.test.ts"
"proveedores","insert","activo","apps\erp-api\tests\e2e\finanzas-e2e.test.ts"
"proveedores","filter","id","apps\erp-api\tests\e2e\finanzas-e2e.test.ts"
"proveedores","filter","id","apps\erp-api\tests\e2e\finanzas-e2e.test.ts"
"cuentas_por_cobrar","select","id","apps\erp-api\tests\e2e\finanzas-e2e.test.ts"
"cuentas_por_cobrar","select","tenant_id","apps\erp-api\tests\e2e\finanzas-e2e.test.ts"
"cuentas_por_cobrar","select","cliente_id","apps\erp-api\tests\e2e\finanzas-e2e.test.ts"
"cuentas_por_cobrar","select","monto_total","apps\erp-api\tests\e2e\finanzas-e2e.test.ts"
"cuentas_por_cobrar","select","monto_pendiente","apps\erp-api\tests\e2e\finanzas-e2e.test.ts"
"cuentas_por_cobrar","select","estado","apps\erp-api\tests\e2e\finanzas-e2e.test.ts"
"cuentas_por_cobrar","insert","tenant_id","apps\erp-api\tests\e2e\finanzas-e2e.test.ts"
"cuentas_por_cobrar","insert","cliente_id","apps\erp-api\tests\e2e\finanzas-e2e.test.ts"
"cuentas_por_cobrar","insert","serie","apps\erp-api\tests\e2e\finanzas-e2e.test.ts"
"cuentas_por_cobrar","insert","numero","apps\erp-api\tests\e2e\finanzas-e2e.test.ts"
"cuentas_por_cobrar","insert","fecha_emision","apps\erp-api\tests\e2e\finanzas-e2e.test.ts"
"cuentas_por_cobrar","insert","fecha_vencimiento","apps\erp-api\tests\e2e\finanzas-e2e.test.ts"
"cuentas_por_cobrar","insert","moneda","apps\erp-api\tests\e2e\finanzas-e2e.test.ts"
"cuentas_por_cobrar","insert","monto_total","apps\erp-api\tests\e2e\finanzas-e2e.test.ts"
"cuentas_por_cobrar","insert","monto_pendiente","apps\erp-api\tests\e2e\finanzas-e2e.test.ts"
"cuentas_por_cobrar","insert","estado","apps\erp-api\tests\e2e\finanzas-e2e.test.ts"
"cuentas_por_cobrar","insert","id","apps\erp-api\tests\e2e\finanzas-e2e.test.ts"
"cuentas_por_cobrar","insert","nombre","apps\erp-api\tests\e2e\finanzas-e2e.test.ts"
"cuentas_por_cobrar","insert","ruc","apps\erp-api\tests\e2e\finanzas-e2e.test.ts"
"cuentas_por_cobrar","insert","pais","apps\erp-api\tests\e2e\finanzas-e2e.test.ts"
"cuentas_por_cobrar","insert","activo","apps\erp-api\tests\e2e\finanzas-e2e.test.ts"
"cuentas_por_cobrar","filter","id","apps\erp-api\tests\e2e\finanzas-e2e.test.ts"
"cuentas_por_cobrar","filter","id","apps\erp-api\tests\e2e\finanzas-e2e.test.ts"
"cuentas_por_cobrar","filter","id","apps\erp-api\tests\e2e\finanzas-e2e.test.ts"
"cuentas_por_cobrar","insert","tenant_id","apps\erp-api\tests\e2e\finanzas-e2e.test.ts"
"cuentas_por_cobrar","insert","cliente_id","apps\erp-api\tests\e2e\finanzas-e2e.test.ts"
"cuentas_por_cobrar","insert","serie","apps\erp-api\tests\e2e\finanzas-e2e.test.ts"
"cuentas_por_cobrar","insert","numero","apps\erp-api\tests\e2e\finanzas-e2e.test.ts"
"cuentas_por_cobrar","insert","fecha_emision","apps\erp-api\tests\e2e\finanzas-e2e.test.ts"
"cuentas_por_cobrar","insert","fecha_vencimiento","apps\erp-api\tests\e2e\finanzas-e2e.test.ts"
"cuentas_por_cobrar","insert","moneda","apps\erp-api\tests\e2e\finanzas-e2e.test.ts"
"cuentas_por_cobrar","insert","monto_total","apps\erp-api\tests\e2e\finanzas-e2e.test.ts"
"cuentas_por_cobrar","insert","monto_pendiente","apps\erp-api\tests\e2e\finanzas-e2e.test.ts"
"cuentas_por_cobrar","insert","estado","apps\erp-api\tests\e2e\finanzas-e2e.test.ts"
"cuentas_por_cobrar","insert","tenant_id","apps\erp-api\tests\e2e\finanzas-e2e.test.ts"
"cuentas_por_cobrar","insert","cliente_id","apps\erp-api\tests\e2e\finanzas-e2e.test.ts"
"cuentas_por_cobrar","insert","serie","apps\erp-api\tests\e2e\finanzas-e2e.test.ts"
"cuentas_por_cobrar","insert","numero","apps\erp-api\tests\e2e\finanzas-e2e.test.ts"
"cuentas_por_cobrar","insert","fecha_emision","apps\erp-api\tests\e2e\finanzas-e2e.test.ts"
"cuentas_por_cobrar","insert","fecha_vencimiento","apps\erp-api\tests\e2e\finanzas-e2e.test.ts"
"cuentas_por_cobrar","insert","moneda","apps\erp-api\tests\e2e\finanzas-e2e.test.ts"
"cuentas_por_cobrar","insert","monto_total","apps\erp-api\tests\e2e\finanzas-e2e.test.ts"
"cuentas_por_cobrar","insert","monto_pendiente","apps\erp-api\tests\e2e\finanzas-e2e.test.ts"
"cuentas_por_cobrar","insert","estado","apps\erp-api\tests\e2e\finanzas-e2e.test.ts"
"cuentas_por_cobrar","filter","tenant_id","apps\erp-api\tests\e2e\finanzas-e2e.test.ts"
"cuentas_por_cobrar","filter","tenant_id","apps\erp-api\tests\e2e\finanzas-e2e.test.ts"
"cuentas_por_cobrar","filter","tenant_id","apps\erp-api\tests\e2e\finanzas-e2e.test.ts"
"cuentas_por_cobrar","filter","tenant_id","apps\erp-api\tests\e2e\finanzas-e2e.test.ts"
"cuentas_por_cobrar","filter","id","apps\erp-api\tests\e2e\finanzas-e2e.test.ts"
"cuentas_por_cobrar","filter","id","apps\erp-api\tests\e2e\finanzas-e2e.test.ts"
"cuentas_por_cobrar","filter","id","apps\erp-api\tests\e2e\finanzas-e2e.test.ts"
"cuentas_por_cobrar","filter","id","apps\erp-api\tests\e2e\finanzas-e2e.test.ts"
"cuentas_por_cobrar","filter","id","apps\erp-api\tests\e2e\finanzas-e2e.test.ts"
"cuentas_por_cobrar","filter","id","apps\erp-api\tests\e2e\finanzas-e2e.test.ts"
"cuentas_por_cobrar","filter","id","apps\erp-api\tests\e2e\finanzas-e2e.test.ts"
"cuentas_por_cobrar","filter","id","apps\erp-api\tests\e2e\finanzas-e2e.test.ts"
"cuentas_por_cobrar","insert","id","apps\erp-api\tests\e2e\finanzas-e2e.test.ts"
"cuentas_por_cobrar","insert","nombre","apps\erp-api\tests\e2e\finanzas-e2e.test.ts"
"cuentas_por_cobrar","insert","ruc","apps\erp-api\tests\e2e\finanzas-e2e.test.ts"
"cuentas_por_cobrar","insert","pais","apps\erp-api\tests\e2e\finanzas-e2e.test.ts"
"cuentas_por_cobrar","insert","activo","apps\erp-api\tests\e2e\finanzas-e2e.test.ts"
"cuentas_por_cobrar","filter","id","apps\erp-api\tests\e2e\finanzas-e2e.test.ts"
"cuentas_por_cobrar","filter","id","apps\erp-api\tests\e2e\finanzas-e2e.test.ts"
"cuentas_por_cobrar","filter","id","apps\erp-api\tests\e2e\finanzas-e2e.test.ts"
"cuentas_por_cobrar","filter","id","apps\erp-api\tests\e2e\finanzas-e2e.test.ts"
"cuentas_por_cobrar","filter","id","apps\erp-api\tests\e2e\finanzas-e2e.test.ts"
"cuentas_por_cobrar","insert","tenant_id","apps\erp-api\tests\e2e\finanzas-e2e.test.ts"
"cuentas_por_cobrar","insert","cliente_id","apps\erp-api\tests\e2e\finanzas-e2e.test.ts"
"cuentas_por_cobrar","insert","serie","apps\erp-api\tests\e2e\finanzas-e2e.test.ts"
"cuentas_por_cobrar","insert","numero","apps\erp-api\tests\e2e\finanzas-e2e.test.ts"
"cuentas_por_cobrar","insert","fecha_emision","apps\erp-api\tests\e2e\finanzas-e2e.test.ts"
"cuentas_por_cobrar","insert","fecha_vencimiento","apps\erp-api\tests\e2e\finanzas-e2e.test.ts"
"cuentas_por_cobrar","insert","moneda","apps\erp-api\tests\e2e\finanzas-e2e.test.ts"
"cuentas_por_cobrar","insert","monto_total","apps\erp-api\tests\e2e\finanzas-e2e.test.ts"
"cuentas_por_cobrar","insert","monto_pendiente","apps\erp-api\tests\e2e\finanzas-e2e.test.ts"
"cuentas_por_cobrar","insert","estado","apps\erp-api\tests\e2e\finanzas-e2e.test.ts"
"cuentas_por_cobrar","insert","id","apps\erp-api\tests\e2e\finanzas-e2e.test.ts"
"cuentas_por_cobrar","insert","nombre","apps\erp-api\tests\e2e\finanzas-e2e.test.ts"
"cuentas_por_cobrar","insert","ruc","apps\erp-api\tests\e2e\finanzas-e2e.test.ts"
"cuentas_por_cobrar","insert","pais","apps\erp-api\tests\e2e\finanzas-e2e.test.ts"
"cuentas_por_cobrar","insert","activo","apps\erp-api\tests\e2e\finanzas-e2e.test.ts"
"cuentas_por_cobrar","filter","id","apps\erp-api\tests\e2e\finanzas-e2e.test.ts"
"cuentas_por_cobrar","filter","id","apps\erp-api\tests\e2e\finanzas-e2e.test.ts"
"cuentas_por_cobrar","filter","id","apps\erp-api\tests\e2e\finanzas-e2e.test.ts"
"cuentas_por_cobrar","insert","tenant_id","apps\erp-api\tests\e2e\finanzas-e2e.test.ts"
"cuentas_por_cobrar","insert","cliente_id","apps\erp-api\tests\e2e\finanzas-e2e.test.ts"
"cuentas_por_cobrar","insert","serie","apps\erp-api\tests\e2e\finanzas-e2e.test.ts"
"cuentas_por_cobrar","insert","numero","apps\erp-api\tests\e2e\finanzas-e2e.test.ts"
"cuentas_por_cobrar","insert","fecha_emision","apps\erp-api\tests\e2e\finanzas-e2e.test.ts"
"cuentas_por_cobrar","insert","fecha_vencimiento","apps\erp-api\tests\e2e\finanzas-e2e.test.ts"
"cuentas_por_cobrar","insert","moneda","apps\erp-api\tests\e2e\finanzas-e2e.test.ts"
"cuentas_por_cobrar","insert","monto_total","apps\erp-api\tests\e2e\finanzas-e2e.test.ts"
"cuentas_por_cobrar","insert","monto_pendiente","apps\erp-api\tests\e2e\finanzas-e2e.test.ts"
"cuentas_por_cobrar","insert","estado","apps\erp-api\tests\e2e\finanzas-e2e.test.ts"
"cuentas_por_cobrar","filter","id","apps\erp-api\tests\e2e\finanzas-e2e.test.ts"
"cuentas_por_cobrar","filter","id","apps\erp-api\tests\e2e\finanzas-e2e.test.ts"
"cuentas_por_cobrar","filter","id","apps\erp-api\tests\e2e\finanzas-e2e.test.ts"
"cuentas_por_pagar","select","id","apps\erp-api\tests\e2e\finanzas-e2e.test.ts"
"cuentas_por_pagar","select","tenant_id","apps\erp-api\tests\e2e\finanzas-e2e.test.ts"
"cuentas_por_pagar","select","proveedor_id","apps\erp-api\tests\e2e\finanzas-e2e.test.ts"
"cuentas_por_pagar","select","total","apps\erp-api\tests\e2e\finanzas-e2e.test.ts"
"cuentas_por_pagar","select","saldo","apps\erp-api\tests\e2e\finanzas-e2e.test.ts"
"cuentas_por_pagar","select","estado","apps\erp-api\tests\e2e\finanzas-e2e.test.ts"
"cuentas_por_pagar","insert","tenant_id","apps\erp-api\tests\e2e\finanzas-e2e.test.ts"
"cuentas_por_pagar","insert","proveedor_id","apps\erp-api\tests\e2e\finanzas-e2e.test.ts"
"cuentas_por_pagar","insert","referencia_tipo","apps\erp-api\tests\e2e\finanzas-e2e.test.ts"
"cuentas_por_pagar","insert","referencia_id","apps\erp-api\tests\e2e\finanzas-e2e.test.ts"
"cuentas_por_pagar","insert","fecha_emision","apps\erp-api\tests\e2e\finanzas-e2e.test.ts"
"cuentas_por_pagar","insert","fecha_vencimiento","apps\erp-api\tests\e2e\finanzas-e2e.test.ts"
"cuentas_por_pagar","insert","moneda","apps\erp-api\tests\e2e\finanzas-e2e.test.ts"
"cuentas_por_pagar","insert","subtotal","apps\erp-api\tests\e2e\finanzas-e2e.test.ts"
"cuentas_por_pagar","insert","igv","apps\erp-api\tests\e2e\finanzas-e2e.test.ts"
"cuentas_por_pagar","insert","total","apps\erp-api\tests\e2e\finanzas-e2e.test.ts"
"cuentas_por_pagar","insert","saldo","apps\erp-api\tests\e2e\finanzas-e2e.test.ts"
"cuentas_por_pagar","insert","estado","apps\erp-api\tests\e2e\finanzas-e2e.test.ts"
"cuentas_por_pagar","filter","id","apps\erp-api\tests\e2e\finanzas-e2e.test.ts"
"cuentas_por_pagar","filter","id","apps\erp-api\tests\e2e\finanzas-e2e.test.ts"
"cuentas_por_pagar","filter","id","apps\erp-api\tests\e2e\finanzas-e2e.test.ts"
"cuentas_bancarias","select","id","apps\erp-api\tests\e2e\finanzas-e2e.test.ts"
"cuentas_bancarias","select","tenant_id","apps\erp-api\tests\e2e\finanzas-e2e.test.ts"
"cuentas_bancarias","select","banco","apps\erp-api\tests\e2e\finanzas-e2e.test.ts"
"cuentas_bancarias","select","numero_cuenta","apps\erp-api\tests\e2e\finanzas-e2e.test.ts"
"cuentas_bancarias","select","saldo","apps\erp-api\tests\e2e\finanzas-e2e.test.ts"
"cuentas_bancarias","insert","tenant_id","apps\erp-api\tests\e2e\finanzas-e2e.test.ts"
"cuentas_bancarias","insert","banco","apps\erp-api\tests\e2e\finanzas-e2e.test.ts"
"cuentas_bancarias","insert","numero_cuenta","apps\erp-api\tests\e2e\finanzas-e2e.test.ts"
"cuentas_bancarias","insert","tipo_cuenta","apps\erp-api\tests\e2e\finanzas-e2e.test.ts"
"cuentas_bancarias","insert","moneda","apps\erp-api\tests\e2e\finanzas-e2e.test.ts"
"cuentas_bancarias","insert","saldo","apps\erp-api\tests\e2e\finanzas-e2e.test.ts"
"cuentas_bancarias","insert","activo","apps\erp-api\tests\e2e\finanzas-e2e.test.ts"
"cuentas_bancarias","filter","id","apps\erp-api\tests\e2e\finanzas-e2e.test.ts"
"cuentas_bancarias","filter","id","apps\erp-api\tests\e2e\finanzas-e2e.test.ts"
"cuentas_bancarias","insert","id","apps\erp-api\tests\e2e\finanzas-e2e.test.ts"
"cuentas_bancarias","insert","nombre","apps\erp-api\tests\e2e\finanzas-e2e.test.ts"
"cuentas_bancarias","insert","ruc","apps\erp-api\tests\e2e\finanzas-e2e.test.ts"
"cuentas_bancarias","insert","pais","apps\erp-api\tests\e2e\finanzas-e2e.test.ts"
"cuentas_bancarias","insert","activo","apps\erp-api\tests\e2e\finanzas-e2e.test.ts"
"cuentas_bancarias","filter","id","apps\erp-api\tests\e2e\finanzas-e2e.test.ts"
"cuentas_bancarias","filter","id","apps\erp-api\tests\e2e\finanzas-e2e.test.ts"
"cuentas_bancarias","insert","tenant_id","apps\erp-api\tests\e2e\finanzas-e2e.test.ts"
"cuentas_bancarias","insert","banco","apps\erp-api\tests\e2e\finanzas-e2e.test.ts"
"cuentas_bancarias","insert","numero_cuenta","apps\erp-api\tests\e2e\finanzas-e2e.test.ts"
"cuentas_bancarias","insert","tipo_cuenta","apps\erp-api\tests\e2e\finanzas-e2e.test.ts"
"cuentas_bancarias","insert","moneda","apps\erp-api\tests\e2e\finanzas-e2e.test.ts"
"cuentas_bancarias","insert","saldo","apps\erp-api\tests\e2e\finanzas-e2e.test.ts"
"cuentas_bancarias","insert","permite_sobregiro","apps\erp-api\tests\e2e\finanzas-e2e.test.ts"
"cuentas_bancarias","insert","activo","apps\erp-api\tests\e2e\finanzas-e2e.test.ts"
"cuentas_bancarias","update","saldo","apps\erp-api\tests\e2e\finanzas-e2e.test.ts"
"cuentas_bancarias","filter","id","apps\erp-api\tests\e2e\finanzas-e2e.test.ts"
"cuentas_bancarias","select","saldo","apps\erp-api\tests\e2e\finanzas-e2e.test.ts"
"cuentas_bancarias","update","saldo","apps\erp-api\tests\e2e\finanzas-e2e.test.ts"
"cuentas_bancarias","filter","id","apps\erp-api\tests\e2e\finanzas-e2e.test.ts"
"cuentas_bancarias","filter","id","apps\erp-api\tests\e2e\finanzas-e2e.test.ts"
"cuentas_bancarias","select","saldo","apps\erp-api\tests\e2e\finanzas-e2e.test.ts"
"cuentas_bancarias","filter","id","apps\erp-api\tests\e2e\finanzas-e2e.test.ts"
"cuentas_bancarias","filter","id","apps\erp-api\tests\e2e\finanzas-e2e.test.ts"
"cuentas_bancarias","filter","id","apps\erp-api\tests\e2e\finanzas-e2e.test.ts"
"cuentas_bancarias","insert","id","apps\erp-api\tests\e2e\finanzas-e2e.test.ts"
"cuentas_bancarias","insert","nombre","apps\erp-api\tests\e2e\finanzas-e2e.test.ts"
"cuentas_bancarias","insert","ruc","apps\erp-api\tests\e2e\finanzas-e2e.test.ts"
"cuentas_bancarias","insert","pais","apps\erp-api\tests\e2e\finanzas-e2e.test.ts"
"cuentas_bancarias","insert","activo","apps\erp-api\tests\e2e\finanzas-e2e.test.ts"
"cuentas_bancarias","filter","id","apps\erp-api\tests\e2e\finanzas-e2e.test.ts"
"cuentas_bancarias","filter","id","apps\erp-api\tests\e2e\finanzas-e2e.test.ts"
"movimientos_bancarios","select","id","apps\erp-api\tests\e2e\finanzas-e2e.test.ts"
"movimientos_bancarios","select","tenant_id","apps\erp-api\tests\e2e\finanzas-e2e.test.ts"
"movimientos_bancarios","select","cuenta_id","apps\erp-api\tests\e2e\finanzas-e2e.test.ts"
"movimientos_bancarios","select","tipo","apps\erp-api\tests\e2e\finanzas-e2e.test.ts"
"movimientos_bancarios","select","monto","apps\erp-api\tests\e2e\finanzas-e2e.test.ts"
"movimientos_bancarios","insert","id","apps\erp-api\tests\e2e\finanzas-e2e.test.ts"
"movimientos_bancarios","insert","nombre","apps\erp-api\tests\e2e\finanzas-e2e.test.ts"
"movimientos_bancarios","insert","ruc","apps\erp-api\tests\e2e\finanzas-e2e.test.ts"
"movimientos_bancarios","insert","pais","apps\erp-api\tests\e2e\finanzas-e2e.test.ts"
"movimientos_bancarios","insert","activo","apps\erp-api\tests\e2e\finanzas-e2e.test.ts"
"cpe","select","id","apps\erp-api\tests\e2e\cpe-e2e.test.ts"
"cpe","select","tenant_id","apps\erp-api\tests\e2e\cpe-e2e.test.ts"
"cpe","select","tipo_documento","apps\erp-api\tests\e2e\cpe-e2e.test.ts"
"cpe","select","serie","apps\erp-api\tests\e2e\cpe-e2e.test.ts"
"cpe","select","numero","apps\erp-api\tests\e2e\cpe-e2e.test.ts"
"cpe","select","estado","apps\erp-api\tests\e2e\cpe-e2e.test.ts"
"cpe","insert","id","apps\erp-api\tests\e2e\cpe-e2e.test.ts"
"cpe","insert","nombre","apps\erp-api\tests\e2e\cpe-e2e.test.ts"
"cpe","insert","ruc","apps\erp-api\tests\e2e\cpe-e2e.test.ts"
"cpe","insert","pais","apps\erp-api\tests\e2e\cpe-e2e.test.ts"
"cpe","insert","activo","apps\erp-api\tests\e2e\cpe-e2e.test.ts"
"cpe","insert","numero","apps\erp-api\tests\e2e\cpe-e2e.test.ts"
"cpe","insert","numero","apps\erp-api\tests\e2e\cpe-e2e.test.ts"
"cpe","filter","tenant_id","apps\erp-api\tests\e2e\cpe-e2e.test.ts"
"cpe","filter","id","apps\erp-api\tests\e2e\cpe-e2e.test.ts"
"cpe","filter","tenant_id","apps\erp-api\tests\e2e\cpe-e2e.test.ts"
"cpe","filter","id","apps\erp-api\tests\e2e\cpe-e2e.test.ts"
"cpe","insert","tenant_id","apps\erp-api\tests\e2e\cpe-e2e.test.ts"
"cpe","insert","tipo_documento","apps\erp-api\tests\e2e\cpe-e2e.test.ts"
"cpe","insert","serie","apps\erp-api\tests\e2e\cpe-e2e.test.ts"
"cpe","insert","numero","apps\erp-api\tests\e2e\cpe-e2e.test.ts"
"cpe","insert","ruc_emisor","apps\erp-api\tests\e2e\cpe-e2e.test.ts"
"cpe","insert","razon_social_emisor","apps\erp-api\tests\e2e\cpe-e2e.test.ts"
"cpe","insert","tipo_documento_receptor","apps\erp-api\tests\e2e\cpe-e2e.test.ts"
"cpe","insert","documento_receptor","apps\erp-api\tests\e2e\cpe-e2e.test.ts"
"cpe","insert","razon_social_receptor","apps\erp-api\tests\e2e\cpe-e2e.test.ts"
"cpe","insert","moneda","apps\erp-api\tests\e2e\cpe-e2e.test.ts"
"cpe","insert","total_gravadas","apps\erp-api\tests\e2e\cpe-e2e.test.ts"
"cpe","insert","total_igv","apps\erp-api\tests\e2e\cpe-e2e.test.ts"
"cpe","insert","total_venta","apps\erp-api\tests\e2e\cpe-e2e.test.ts"
"cpe","insert","estado","apps\erp-api\tests\e2e\cpe-e2e.test.ts"
"cpe","insert","items","apps\erp-api\tests\e2e\cpe-e2e.test.ts"
"cpe","insert","tenant_id","apps\erp-api\tests\e2e\cpe-e2e.test.ts"
"cpe","insert","tipo_documento","apps\erp-api\tests\e2e\cpe-e2e.test.ts"
"cpe","insert","serie","apps\erp-api\tests\e2e\cpe-e2e.test.ts"
"cpe","insert","numero","apps\erp-api\tests\e2e\cpe-e2e.test.ts"
"cpe","insert","ruc_emisor","apps\erp-api\tests\e2e\cpe-e2e.test.ts"
"cpe","insert","razon_social_emisor","apps\erp-api\tests\e2e\cpe-e2e.test.ts"
"cpe","insert","tipo_documento_receptor","apps\erp-api\tests\e2e\cpe-e2e.test.ts"
"cpe","insert","documento_receptor","apps\erp-api\tests\e2e\cpe-e2e.test.ts"
"cpe","insert","razon_social_receptor","apps\erp-api\tests\e2e\cpe-e2e.test.ts"
"cpe","insert","moneda","apps\erp-api\tests\e2e\cpe-e2e.test.ts"
"cpe","insert","total_gravadas","apps\erp-api\tests\e2e\cpe-e2e.test.ts"
"cpe","insert","total_igv","apps\erp-api\tests\e2e\cpe-e2e.test.ts"
"cpe","insert","total_venta","apps\erp-api\tests\e2e\cpe-e2e.test.ts"
"cpe","insert","estado","apps\erp-api\tests\e2e\cpe-e2e.test.ts"
"cpe","insert","items","apps\erp-api\tests\e2e\cpe-e2e.test.ts"
"cpe","filter","tenant_id","apps\erp-api\tests\e2e\cpe-e2e.test.ts"
"cpe","filter","tenant_id","apps\erp-api\tests\e2e\cpe-e2e.test.ts"
"cpe","filter","tenant_id","apps\erp-api\tests\e2e\cpe-e2e.test.ts"
"cpe","filter","tenant_id","apps\erp-api\tests\e2e\cpe-e2e.test.ts"
"cpe","insert","id","apps\erp-api\tests\e2e\cpe-e2e.test.ts"
"cpe","insert","nombre","apps\erp-api\tests\e2e\cpe-e2e.test.ts"
"cpe","insert","ruc","apps\erp-api\tests\e2e\cpe-e2e.test.ts"
"cpe","insert","pais","apps\erp-api\tests\e2e\cpe-e2e.test.ts"
"cpe","insert","activo","apps\erp-api\tests\e2e\cpe-e2e.test.ts"
"cpe","filter","tenant_id","apps\erp-api\tests\e2e\cpe-e2e.test.ts"
"cpe","filter","tenant_id","apps\erp-api\tests\e2e\cpe-e2e.test.ts"
"cpe","filter","id","apps\erp-api\tests\e2e\cpe-e2e.test.ts"
"cpe","filter","id","apps\erp-api\tests\e2e\cpe-e2e.test.ts"
"cpe","insert","id","apps\erp-api\tests\e2e\cpe-e2e.test.ts"
"cpe","insert","nombre","apps\erp-api\tests\e2e\cpe-e2e.test.ts"
"cpe","insert","ruc","apps\erp-api\tests\e2e\cpe-e2e.test.ts"
"cpe","insert","pais","apps\erp-api\tests\e2e\cpe-e2e.test.ts"
"cpe","insert","activo","apps\erp-api\tests\e2e\cpe-e2e.test.ts"
"cpe","filter","tenant_id","apps\erp-api\tests\e2e\cpe-e2e.test.ts"
"cpe","filter","id","apps\erp-api\tests\e2e\cpe-e2e.test.ts"
"cpe","filter","id","apps\erp-api\tests\e2e\cpe-e2e.test.ts"
"cpe","insert","tenant_id","apps\erp-api\tests\e2e\cpe-e2e.test.ts"
"cpe","insert","tipo_documento","apps\erp-api\tests\e2e\cpe-e2e.test.ts"
"cpe","insert","serie","apps\erp-api\tests\e2e\cpe-e2e.test.ts"
"cpe","insert","numero","apps\erp-api\tests\e2e\cpe-e2e.test.ts"
"cpe","insert","ruc_emisor","apps\erp-api\tests\e2e\cpe-e2e.test.ts"
"cpe","insert","razon_social_emisor","apps\erp-api\tests\e2e\cpe-e2e.test.ts"
"cpe","insert","tipo_documento_receptor","apps\erp-api\tests\e2e\cpe-e2e.test.ts"
"cpe","insert","documento_receptor","apps\erp-api\tests\e2e\cpe-e2e.test.ts"
"cpe","insert","razon_social_receptor","apps\erp-api\tests\e2e\cpe-e2e.test.ts"
"cpe","insert","moneda","apps\erp-api\tests\e2e\cpe-e2e.test.ts"
"cpe","insert","total_gravadas","apps\erp-api\tests\e2e\cpe-e2e.test.ts"
"cpe","insert","total_igv","apps\erp-api\tests\e2e\cpe-e2e.test.ts"
"cpe","insert","total_venta","apps\erp-api\tests\e2e\cpe-e2e.test.ts"
"cpe","insert","estado","apps\erp-api\tests\e2e\cpe-e2e.test.ts"
"cpe","insert","items","apps\erp-api\tests\e2e\cpe-e2e.test.ts"
"cpe","insert","id","apps\erp-api\tests\e2e\cpe-e2e.test.ts"
"cpe","insert","nombre","apps\erp-api\tests\e2e\cpe-e2e.test.ts"
"cpe","insert","ruc","apps\erp-api\tests\e2e\cpe-e2e.test.ts"
"cpe","insert","pais","apps\erp-api\tests\e2e\cpe-e2e.test.ts"
"cpe","insert","activo","apps\erp-api\tests\e2e\cpe-e2e.test.ts"
"cpe","filter","tenant_id","apps\erp-api\tests\e2e\cpe-e2e.test.ts"
"cpe","filter","id","apps\erp-api\tests\e2e\cpe-e2e.test.ts"
"cpe","select","cpe_id","apps\erp-api\tests\e2e\cpe-e2e.test.ts"
"cpe","select","tenant_id","apps\erp-api\tests\e2e\cpe-e2e.test.ts"
"cpe","select","tipo_documento","apps\erp-api\tests\e2e\cpe-e2e.test.ts"
"cpe","select","estado_integridad","apps\erp-api\tests\e2e\cpe-e2e.test.ts"
"cpe","filter","tenant_id","apps\erp-api\tests\e2e\cpe-e2e.test.ts"
"cpe","filter","id","apps\erp-api\tests\e2e\cpe-e2e.test.ts"
"productos","insert","id","apps\erp-api\tests\e2e\compras-e2e.test.ts"
"productos","insert","tenant_id","apps\erp-api\tests\e2e\compras-e2e.test.ts"
"productos","insert","codigo","apps\erp-api\tests\e2e\compras-e2e.test.ts"
"productos","insert","nombre","apps\erp-api\tests\e2e\compras-e2e.test.ts"
"productos","insert","precio","apps\erp-api\tests\e2e\compras-e2e.test.ts"
"productos","insert","stock","apps\erp-api\tests\e2e\compras-e2e.test.ts"
"productos","insert","stock_reservado","apps\erp-api\tests\e2e\compras-e2e.test.ts"
"productos","insert","activo","apps\erp-api\tests\e2e\compras-e2e.test.ts"
"productos","insert","unidad_medida","apps\erp-api\tests\e2e\compras-e2e.test.ts"
"productos","insert","id","apps\erp-api\tests\e2e\compras-e2e.test.ts"
"productos","insert","nombre","apps\erp-api\tests\e2e\compras-e2e.test.ts"
"productos","insert","ruc","apps\erp-api\tests\e2e\compras-e2e.test.ts"
"productos","insert","pais","apps\erp-api\tests\e2e\compras-e2e.test.ts"
"productos","insert","activo","apps\erp-api\tests\e2e\compras-e2e.test.ts"
"productos","filter","id","apps\erp-api\tests\e2e\compras-e2e.test.ts"
"productos","filter","id","apps\erp-api\tests\e2e\compras-e2e.test.ts"
"productos","filter","id","apps\erp-api\tests\e2e\compras-e2e.test.ts"
"proveedores","select","id","apps\erp-api\tests\e2e\compras-e2e.test.ts"
"proveedores","select","tenant_id","apps\erp-api\tests\e2e\compras-e2e.test.ts"
"proveedores","select","ruc","apps\erp-api\tests\e2e\compras-e2e.test.ts"
"proveedores","select","razon_social","apps\erp-api\tests\e2e\compras-e2e.test.ts"
"proveedores","insert","tenant_id","apps\erp-api\tests\e2e\compras-e2e.test.ts"
"proveedores","insert","razon_social","apps\erp-api\tests\e2e\compras-e2e.test.ts"
"proveedores","insert","direccion","apps\erp-api\tests\e2e\compras-e2e.test.ts"
"proveedores","insert","telefono","apps\erp-api\tests\e2e\compras-e2e.test.ts"
"proveedores","insert","email","apps\erp-api\tests\e2e\compras-e2e.test.ts"
"proveedores","insert","condiciones_pago","apps\erp-api\tests\e2e\compras-e2e.test.ts"
"proveedores","insert","dias_credito","apps\erp-api\tests\e2e\compras-e2e.test.ts"
"proveedores","insert","activo","apps\erp-api\tests\e2e\compras-e2e.test.ts"
"proveedores","filter","id","apps\erp-api\tests\e2e\compras-e2e.test.ts"
"proveedores","filter","id","apps\erp-api\tests\e2e\compras-e2e.test.ts"
"proveedores","insert","tenant_id","apps\erp-api\tests\e2e\compras-e2e.test.ts"
"proveedores","insert","ruc","apps\erp-api\tests\e2e\compras-e2e.test.ts"
"proveedores","insert","razon_social","apps\erp-api\tests\e2e\compras-e2e.test.ts"
"proveedores","insert","activo","apps\erp-api\tests\e2e\compras-e2e.test.ts"
"proveedores","filter","tenant_id","apps\erp-api\tests\e2e\compras-e2e.test.ts"
"proveedores","insert","tenant_id","apps\erp-api\tests\e2e\compras-e2e.test.ts"
"proveedores","insert","ruc","apps\erp-api\tests\e2e\compras-e2e.test.ts"
"proveedores","insert","razon_social","apps\erp-api\tests\e2e\compras-e2e.test.ts"
"proveedores","insert","activo","apps\erp-api\tests\e2e\compras-e2e.test.ts"
"proveedores","filter","tenant_id","apps\erp-api\tests\e2e\compras-e2e.test.ts"
"proveedores","filter","tenant_id","apps\erp-api\tests\e2e\compras-e2e.test.ts"
"proveedores","filter","tenant_id","apps\erp-api\tests\e2e\compras-e2e.test.ts"
"proveedores","filter","tenant_id","apps\erp-api\tests\e2e\compras-e2e.test.ts"
"proveedores","filter","tenant_id","apps\erp-api\tests\e2e\compras-e2e.test.ts"
"proveedores","filter","id","apps\erp-api\tests\e2e\compras-e2e.test.ts"
"proveedores","filter","id","apps\erp-api\tests\e2e\compras-e2e.test.ts"
"proveedores","filter","id","apps\erp-api\tests\e2e\compras-e2e.test.ts"
"proveedores","filter","id","apps\erp-api\tests\e2e\compras-e2e.test.ts"
"proveedores","filter","id","apps\erp-api\tests\e2e\compras-e2e.test.ts"
"proveedores","filter","id","apps\erp-api\tests\e2e\compras-e2e.test.ts"
"proveedores","insert","id","apps\erp-api\tests\e2e\compras-e2e.test.ts"
"proveedores","insert","nombre","apps\erp-api\tests\e2e\compras-e2e.test.ts"
"proveedores","insert","ruc","apps\erp-api\tests\e2e\compras-e2e.test.ts"
"proveedores","insert","pais","apps\erp-api\tests\e2e\compras-e2e.test.ts"
"proveedores","insert","activo","apps\erp-api\tests\e2e\compras-e2e.test.ts"
"proveedores","filter","id","apps\erp-api\tests\e2e\compras-e2e.test.ts"
"proveedores","filter","id","apps\erp-api\tests\e2e\compras-e2e.test.ts"
"proveedores","filter","id","apps\erp-api\tests\e2e\compras-e2e.test.ts"
"proveedores","insert","id","apps\erp-api\tests\e2e\compras-e2e.test.ts"
"proveedores","insert","tenant_id","apps\erp-api\tests\e2e\compras-e2e.test.ts"
"proveedores","insert","ruc","apps\erp-api\tests\e2e\compras-e2e.test.ts"
"proveedores","insert","razon_social","apps\erp-api\tests\e2e\compras-e2e.test.ts"
"proveedores","insert","activo","apps\erp-api\tests\e2e\compras-e2e.test.ts"
"proveedores","insert","id","apps\erp-api\tests\e2e\compras-e2e.test.ts"
"proveedores","insert","nombre","apps\erp-api\tests\e2e\compras-e2e.test.ts"
"proveedores","insert","ruc","apps\erp-api\tests\e2e\compras-e2e.test.ts"
"proveedores","insert","pais","apps\erp-api\tests\e2e\compras-e2e.test.ts"
"proveedores","insert","activo","apps\erp-api\tests\e2e\compras-e2e.test.ts"
"proveedores","filter","id","apps\erp-api\tests\e2e\compras-e2e.test.ts"
"proveedores","filter","id","apps\erp-api\tests\e2e\compras-e2e.test.ts"
"proveedores","insert","id","apps\erp-api\tests\e2e\compras-e2e.test.ts"
"proveedores","insert","tenant_id","apps\erp-api\tests\e2e\compras-e2e.test.ts"
"proveedores","insert","ruc","apps\erp-api\tests\e2e\compras-e2e.test.ts"
"proveedores","insert","razon_social","apps\erp-api\tests\e2e\compras-e2e.test.ts"
"proveedores","insert","activo","apps\erp-api\tests\e2e\compras-e2e.test.ts"
"proveedores","insert","id","apps\erp-api\tests\e2e\compras-e2e.test.ts"
"proveedores","insert","nombre","apps\erp-api\tests\e2e\compras-e2e.test.ts"
"proveedores","insert","ruc","apps\erp-api\tests\e2e\compras-e2e.test.ts"
"proveedores","insert","pais","apps\erp-api\tests\e2e\compras-e2e.test.ts"
"proveedores","insert","activo","apps\erp-api\tests\e2e\compras-e2e.test.ts"
"proveedores","filter","id","apps\erp-api\tests\e2e\compras-e2e.test.ts"
"proveedores","filter","id","apps\erp-api\tests\e2e\compras-e2e.test.ts"
"proveedores","insert","tenant_id","apps\erp-api\tests\e2e\compras-e2e.test.ts"
"proveedores","insert","ruc","apps\erp-api\tests\e2e\compras-e2e.test.ts"
"proveedores","insert","razon_social","apps\erp-api\tests\e2e\compras-e2e.test.ts"
"proveedores","insert","limite_credito","apps\erp-api\tests\e2e\compras-e2e.test.ts"
"proveedores","insert","activo","apps\erp-api\tests\e2e\compras-e2e.test.ts"
"proveedores","filter","tenant_id","apps\erp-api\tests\e2e\compras-e2e.test.ts"
"proveedores","insert","id","apps\erp-api\tests\e2e\compras-e2e.test.ts"
"proveedores","insert","nombre","apps\erp-api\tests\e2e\compras-e2e.test.ts"
"proveedores","insert","ruc","apps\erp-api\tests\e2e\compras-e2e.test.ts"
"proveedores","insert","pais","apps\erp-api\tests\e2e\compras-e2e.test.ts"
"proveedores","insert","activo","apps\erp-api\tests\e2e\compras-e2e.test.ts"
"proveedores","filter","tenant_id","apps\erp-api\tests\e2e\compras-e2e.test.ts"
"proveedores","filter","id","apps\erp-api\tests\e2e\compras-e2e.test.ts"
"cotizaciones_compra","select","id","apps\erp-api\tests\e2e\compras-e2e.test.ts"
"cotizaciones_compra","select","tenant_id","apps\erp-api\tests\e2e\compras-e2e.test.ts"
"cotizaciones_compra","select","numero","apps\erp-api\tests\e2e\compras-e2e.test.ts"
"cotizaciones_compra","select","estado","apps\erp-api\tests\e2e\compras-e2e.test.ts"
"ordenes_compra","select","id","apps\erp-api\tests\e2e\compras-e2e.test.ts"
"ordenes_compra","select","tenant_id","apps\erp-api\tests\e2e\compras-e2e.test.ts"
"ordenes_compra","select","numero","apps\erp-api\tests\e2e\compras-e2e.test.ts"
"ordenes_compra","select","estado","apps\erp-api\tests\e2e\compras-e2e.test.ts"
"ordenes_compra","insert","tenant_id","apps\erp-api\tests\e2e\compras-e2e.test.ts"
"ordenes_compra","insert","numero","apps\erp-api\tests\e2e\compras-e2e.test.ts"
"ordenes_compra","insert","proveedor_id","apps\erp-api\tests\e2e\compras-e2e.test.ts"
"ordenes_compra","insert","fecha_orden","apps\erp-api\tests\e2e\compras-e2e.test.ts"
"ordenes_compra","insert","estado","apps\erp-api\tests\e2e\compras-e2e.test.ts"
"ordenes_compra","insert","subtotal","apps\erp-api\tests\e2e\compras-e2e.test.ts"
"ordenes_compra","insert","igv","apps\erp-api\tests\e2e\compras-e2e.test.ts"
"ordenes_compra","insert","total","apps\erp-api\tests\e2e\compras-e2e.test.ts"
"ordenes_compra","insert","moneda","apps\erp-api\tests\e2e\compras-e2e.test.ts"
"ordenes_compra","filter","id","apps\erp-api\tests\e2e\compras-e2e.test.ts"
"ordenes_compra","filter","orden_id","apps\erp-api\tests\e2e\compras-e2e.test.ts"
"ordenes_compra","filter","id","apps\erp-api\tests\e2e\compras-e2e.test.ts"
"ordenes_compra","filter","id","apps\erp-api\tests\e2e\compras-e2e.test.ts"
"ordenes_compra","filter","id","apps\erp-api\tests\e2e\compras-e2e.test.ts"
"ordenes_compra","filter","id","apps\erp-api\tests\e2e\compras-e2e.test.ts"
"ordenes_compra","filter","id","apps\erp-api\tests\e2e\compras-e2e.test.ts"
"ordenes_compra","filter","id","apps\erp-api\tests\e2e\compras-e2e.test.ts"
"ordenes_compra","filter","id","apps\erp-api\tests\e2e\compras-e2e.test.ts"
"ordenes_compra","filter","id","apps\erp-api\tests\e2e\compras-e2e.test.ts"
"ordenes_compra","insert","tenant_id","apps\erp-api\tests\e2e\compras-e2e.test.ts"
"ordenes_compra","insert","numero","apps\erp-api\tests\e2e\compras-e2e.test.ts"
"ordenes_compra","insert","proveedor_id","apps\erp-api\tests\e2e\compras-e2e.test.ts"
"ordenes_compra","insert","fecha_orden","apps\erp-api\tests\e2e\compras-e2e.test.ts"
"ordenes_compra","insert","estado","apps\erp-api\tests\e2e\compras-e2e.test.ts"
"ordenes_compra","insert","subtotal","apps\erp-api\tests\e2e\compras-e2e.test.ts"
"ordenes_compra","insert","igv","apps\erp-api\tests\e2e\compras-e2e.test.ts"
"ordenes_compra","insert","total","apps\erp-api\tests\e2e\compras-e2e.test.ts"
"ordenes_compra","insert","moneda","apps\erp-api\tests\e2e\compras-e2e.test.ts"
"ordenes_compra","insert","id","apps\erp-api\tests\e2e\compras-e2e.test.ts"
"ordenes_compra","insert","nombre","apps\erp-api\tests\e2e\compras-e2e.test.ts"
"ordenes_compra","insert","ruc","apps\erp-api\tests\e2e\compras-e2e.test.ts"
"ordenes_compra","insert","pais","apps\erp-api\tests\e2e\compras-e2e.test.ts"
"ordenes_compra","insert","activo","apps\erp-api\tests\e2e\compras-e2e.test.ts"
"ordenes_compra","filter","id","apps\erp-api\tests\e2e\compras-e2e.test.ts"
"ordenes_compra","filter","id","apps\erp-api\tests\e2e\compras-e2e.test.ts"
"ordenes_compra","filter","id","apps\erp-api\tests\e2e\compras-e2e.test.ts"
"ordenes_compra","select","id","apps\erp-api\tests\e2e\compras-e2e.test.ts"
"ordenes_compra","filter","tenant_id","apps\erp-api\tests\e2e\compras-e2e.test.ts"
"ordenes_compra","filter","estado","apps\erp-api\tests\e2e\compras-e2e.test.ts"
"ordenes_compra","filter","proveedor_id","apps\erp-api\tests\e2e\compras-e2e.test.ts"
"ordenes_compra","select","id","apps\erp-api\tests\e2e\compras-e2e.test.ts"
"ordenes_compra","filter","estado","apps\erp-api\tests\e2e\compras-e2e.test.ts"
"ordenes_compra","filter","proveedor_id","apps\erp-api\tests\e2e\compras-e2e.test.ts"
"ordenes_compra","filter","id","apps\erp-api\tests\e2e\compras-e2e.test.ts"
"ordenes_compra","select","id","apps\erp-api\tests\e2e\compras-e2e.test.ts"
"ordenes_compra","filter","proveedor_id","apps\erp-api\tests\e2e\compras-e2e.test.ts"
"ordenes_compra","filter","id","apps\erp-api\tests\e2e\compras-e2e.test.ts"
"orden_compra_detalles","insert","orden_id","apps\erp-api\tests\e2e\compras-e2e.test.ts"
"orden_compra_detalles","insert","producto_id","apps\erp-api\tests\e2e\compras-e2e.test.ts"
"orden_compra_detalles","insert","descripcion","apps\erp-api\tests\e2e\compras-e2e.test.ts"
"orden_compra_detalles","insert","cantidad","apps\erp-api\tests\e2e\compras-e2e.test.ts"
"orden_compra_detalles","insert","precio_unitario","apps\erp-api\tests\e2e\compras-e2e.test.ts"
"orden_compra_detalles","insert","subtotal","apps\erp-api\tests\e2e\compras-e2e.test.ts"
"orden_compra_detalles","filter","id","apps\erp-api\tests\e2e\compras-e2e.test.ts"
"orden_compra_detalles","filter","orden_id","apps\erp-api\tests\e2e\compras-e2e.test.ts"
"orden_compra_detalles","filter","id","apps\erp-api\tests\e2e\compras-e2e.test.ts"
"orden_compra_detalles","filter","id","apps\erp-api\tests\e2e\compras-e2e.test.ts"
"orden_compra_detalles","filter","id","apps\erp-api\tests\e2e\compras-e2e.test.ts"
"orden_compra_detalles","filter","id","apps\erp-api\tests\e2e\compras-e2e.test.ts"
"recepciones","select","id","apps\erp-api\tests\e2e\compras-e2e.test.ts"
"recepciones","select","tenant_id","apps\erp-api\tests\e2e\compras-e2e.test.ts"
"recepciones","select","numero","apps\erp-api\tests\e2e\compras-e2e.test.ts"
"recepciones","select","estado","apps\erp-api\tests\e2e\compras-e2e.test.ts"
"recepciones","insert","id","apps\erp-api\tests\e2e\compras-e2e.test.ts"
"recepciones","insert","nombre","apps\erp-api\tests\e2e\compras-e2e.test.ts"
"recepciones","insert","ruc","apps\erp-api\tests\e2e\compras-e2e.test.ts"
"recepciones","insert","pais","apps\erp-api\tests\e2e\compras-e2e.test.ts"
"recepciones","insert","activo","apps\erp-api\tests\e2e\compras-e2e.test.ts"
"pedidos_venta","filter","tenant_id","apps\erp-api\src\modules\ventas\rma\rma.service.ts"
"pedidos_venta","filter","id","apps\erp-api\src\modules\ventas\rma\rma.service.ts"
"pedidos_venta","filter","tenant_id","apps\erp-api\src\modules\ventas\rma\rma.service.ts"
"pedidos_venta","filter","id","apps\erp-api\src\modules\ventas\rma\rma.service.ts"
"cuentas_por_cobrar","filter","tenant_id","apps\erp-api\src\modules\finanzas\tesoreria\tesoreria.service.ts"
"cuentas_por_cobrar","filter","estado","apps\erp-api\src\modules\finanzas\tesoreria\tesoreria.service.ts"
"cuentas_por_cobrar","filter","saldo","apps\erp-api\src\modules\finanzas\tesoreria\tesoreria.service.ts"
"cuentas_por_cobrar","filter","fecha_vencimiento","apps\erp-api\src\modules\finanzas\tesoreria\tesoreria.service.ts"
"cuentas_por_cobrar","filter","fecha_vencimiento","apps\erp-api\src\modules\finanzas\tesoreria\tesoreria.service.ts"
"cuentas_por_cobrar","filter","fecha_vencimiento","apps\erp-api\src\modules\finanzas\tesoreria\tesoreria.service.ts"
"cuentas_por_pagar","filter","tenant_id","apps\erp-api\src\modules\finanzas\tesoreria\tesoreria.service.ts"
"cuentas_por_pagar","filter","id","apps\erp-api\src\modules\finanzas\tesoreria\tesoreria.service.ts"
"cuentas_por_pagar","update","saldo","apps\erp-api\src\modules\finanzas\tesoreria\tesoreria.service.ts"
"cuentas_por_pagar","update","estado","apps\erp-api\src\modules\finanzas\tesoreria\tesoreria.service.ts"
"cuentas_por_pagar","update","ultimo_pago","apps\erp-api\src\modules\finanzas\tesoreria\tesoreria.service.ts"
"cuentas_por_pagar","update","updated_at","apps\erp-api\src\modules\finanzas\tesoreria\tesoreria.service.ts"
"cuentas_por_pagar","filter","tenant_id","apps\erp-api\src\modules\finanzas\tesoreria\tesoreria.service.ts"
"cuentas_por_pagar","filter","id","apps\erp-api\src\modules\finanzas\tesoreria\tesoreria.service.ts"
"cuentas_por_pagar","update","saldo","apps\erp-api\src\modules\finanzas\tesoreria\tesoreria.service.ts"
"cuentas_por_pagar","update","estado","apps\erp-api\src\modules\finanzas\tesoreria\tesoreria.service.ts"
"cuentas_por_pagar","update","updated_at","apps\erp-api\src\modules\finanzas\tesoreria\tesoreria.service.ts"
"cuentas_por_pagar","filter","tenant_id","apps\erp-api\src\modules\finanzas\tesoreria\tesoreria.service.ts"
"cuentas_por_pagar","filter","id","apps\erp-api\src\modules\finanzas\tesoreria\tesoreria.service.ts"
"cuentas_por_pagar","filter","tenant_id","apps\erp-api\src\modules\finanzas\tesoreria\tesoreria.service.ts"
"cuentas_por_pagar","filter","id","apps\erp-api\src\modules\finanzas\tesoreria\tesoreria.service.ts"
"cuentas_por_pagar","update","saldo","apps\erp-api\src\modules\finanzas\tesoreria\tesoreria.service.ts"
"cuentas_por_pagar","update","estado","apps\erp-api\src\modules\finanzas\tesoreria\tesoreria.service.ts"
"cuentas_por_pagar","update","updated_at","apps\erp-api\src\modules\finanzas\tesoreria\tesoreria.service.ts"
"cuentas_por_pagar","filter","tenant_id","apps\erp-api\src\modules\finanzas\tesoreria\tesoreria.service.ts"
"cuentas_por_pagar","filter","id","apps\erp-api\src\modules\finanzas\tesoreria\tesoreria.service.ts"
"cuentas_por_pagar","filter","tenant_id","apps\erp-api\src\modules\finanzas\tesoreria\tesoreria.service.ts"
"cuentas_por_pagar","filter","estado","apps\erp-api\src\modules\finanzas\tesoreria\tesoreria.service.ts"
"cuentas_por_pagar","filter","tenant_id","apps\erp-api\src\modules\finanzas\tesoreria\tesoreria.service.ts"
"cuentas_por_pagar","filter","id","apps\erp-api\src\modules\finanzas\tesoreria\tesoreria.service.ts"
"cuentas_por_pagar","filter","tenant_id","apps\erp-api\src\modules\finanzas\tesoreria\tesoreria.service.ts"
"cuentas_por_pagar","filter","estado","apps\erp-api\src\modules\finanzas\tesoreria\tesoreria.service.ts"
"cuentas_por_pagar","filter","saldo","apps\erp-api\src\modules\finanzas\tesoreria\tesoreria.service.ts"
"cuentas_por_pagar","filter","fecha_vencimiento","apps\erp-api\src\modules\finanzas\tesoreria\tesoreria.service.ts"
"cuentas_por_pagar","filter","fecha_vencimiento","apps\erp-api\src\modules\finanzas\tesoreria\tesoreria.service.ts"
"cuentas_por_pagar","filter","fecha_vencimiento","apps\erp-api\src\modules\finanzas\tesoreria\tesoreria.service.ts"
"cuentas_bancarias","select","id","apps\erp-api\src\modules\finanzas\tesoreria\tesoreria.service.ts"
"cuentas_bancarias","select","nombre","apps\erp-api\src\modules\finanzas\tesoreria\tesoreria.service.ts"
"cuentas_bancarias","select","saldo","apps\erp-api\src\modules\finanzas\tesoreria\tesoreria.service.ts"
"cuentas_bancarias","select","moneda","apps\erp-api\src\modules\finanzas\tesoreria\tesoreria.service.ts"
"cuentas_bancarias","select","permite_sobregiro","apps\erp-api\src\modules\finanzas\tesoreria\tesoreria.service.ts"
"cuentas_bancarias","filter","tenant_id","apps\erp-api\src\modules\finanzas\tesoreria\tesoreria.service.ts"
"cuentas_bancarias","filter","id","apps\erp-api\src\modules\finanzas\tesoreria\tesoreria.service.ts"
"cuentas_bancarias","update","saldo","apps\erp-api\src\modules\finanzas\tesoreria\tesoreria.service.ts"
"cuentas_bancarias","update","updated_at","apps\erp-api\src\modules\finanzas\tesoreria\tesoreria.service.ts"
"cuentas_bancarias","filter","tenant_id","apps\erp-api\src\modules\finanzas\tesoreria\tesoreria.service.ts"
"cuentas_bancarias","filter","id","apps\erp-api\src\modules\finanzas\tesoreria\tesoreria.service.ts"
"cuentas_bancarias","filter","id","apps\erp-api\src\modules\finanzas\tesoreria\tesoreria.service.ts"
"cuentas_bancarias","filter","tenant_id","apps\erp-api\src\modules\finanzas\tesoreria\tesoreria.service.ts"
"cuentas_bancarias","select","id","apps\erp-api\src\modules\finanzas\tesoreria\tesoreria.service.ts"
"cuentas_bancarias","select","nombre","apps\erp-api\src\modules\finanzas\tesoreria\tesoreria.service.ts"
"cuentas_bancarias","select","banco","apps\erp-api\src\modules\finanzas\tesoreria\tesoreria.service.ts"
"cuentas_bancarias","select","numero_cuenta","apps\erp-api\src\modules\finanzas\tesoreria\tesoreria.service.ts"
"cuentas_bancarias","select","moneda","apps\erp-api\src\modules\finanzas\tesoreria\tesoreria.service.ts"
"cuentas_bancarias","select","saldo","apps\erp-api\src\modules\finanzas\tesoreria\tesoreria.service.ts"
"cuentas_bancarias","select","activa","apps\erp-api\src\modules\finanzas\tesoreria\tesoreria.service.ts"
"cuentas_bancarias","filter","tenant_id","apps\erp-api\src\modules\finanzas\tesoreria\tesoreria.service.ts"
"cuentas_bancarias","filter","activa","apps\erp-api\src\modules\finanzas\tesoreria\tesoreria.service.ts"
"cuentas_bancarias","filter","id","apps\erp-api\src\modules\finanzas\tesoreria\tesoreria.service.ts"
"movimientos_bancarios","update","saldo","apps\erp-api\src\modules\finanzas\tesoreria\tesoreria.service.ts"
"movimientos_bancarios","update","estado","apps\erp-api\src\modules\finanzas\tesoreria\tesoreria.service.ts"
"movimientos_bancarios","update","updated_at","apps\erp-api\src\modules\finanzas\tesoreria\tesoreria.service.ts"
"movimientos_bancarios","filter","id","apps\erp-api\src\modules\finanzas\tesoreria\tesoreria.service.ts"
"movimientos_bancarios","filter","tenant_id","apps\erp-api\src\modules\finanzas\tesoreria\tesoreria.service.ts"
"movimientos_bancarios","filter","id","apps\erp-api\src\modules\finanzas\tesoreria\tesoreria.service.ts"
"cotizaciones","filter","tenant_id","apps\erp-api\src\modules\cotizaciones.controller.ts"
"cotizaciones","filter","tenant_id","apps\erp-api\src\modules\cotizaciones.controller.ts"
"cotizaciones","filter","tenant_id","apps\erp-api\src\modules\cotizaciones.controller.ts"
"cotizaciones","filter","tenant_id","apps\erp-api\src\modules\cotizaciones.controller.ts"
"cotizaciones","filter","estado","apps\erp-api\src\modules\cotizaciones.controller.ts"
"cotizaciones","filter","fecha_vencimiento","apps\erp-api\src\modules\cotizaciones.controller.ts"
"cotizaciones","select","total","apps\erp-api\src\modules\cotizaciones.controller.ts"
"cotizaciones","filter","tenant_id","apps\erp-api\src\modules\cotizaciones.controller.ts"
"cotizaciones","filter","estado","apps\erp-api\src\modules\cotizaciones.controller.ts"
"cotizaciones","filter","fecha_vencimiento","apps\erp-api\src\modules\cotizaciones.controller.ts"
"cotizaciones","filter","fecha_vencimiento","apps\erp-api\src\modules\cotizaciones.controller.ts"
"cotizaciones","filter","tenant_id","apps\erp-api\src\modules\cotizaciones.controller.ts"
"cotizaciones","select","total","apps\erp-api\src\modules\cotizaciones.controller.ts"
"cotizaciones","filter","tenant_id","apps\erp-api\src\modules\cotizaciones.controller.ts"
"cotizaciones","filter","tenant_id","apps\erp-api\src\modules\cotizaciones.controller.ts"
"cotizaciones","filter","estado","apps\erp-api\src\modules\cotizaciones.controller.ts"
"cotizaciones","filter","tenant_id","apps\erp-api\src\modules\cotizaciones.controller.ts"
"cotizaciones","filter","estado","apps\erp-api\src\modules\cotizaciones.controller.ts"
"cotizaciones","filter","tenant_id","apps\erp-api\src\modules\cotizaciones.controller.ts"
"cotizaciones","filter","created_at","apps\erp-api\src\modules\cotizaciones.controller.ts"
"cotizaciones","filter","estado","apps\erp-api\src\modules\cotizaciones.controller.ts"
"cotizaciones","filter","vendedor","apps\erp-api\src\modules\cotizaciones.controller.ts"
"cotizaciones","filter","fecha_cotizacion","apps\erp-api\src\modules\cotizaciones.controller.ts"
"cotizaciones","filter","fecha_cotizacion","apps\erp-api\src\modules\cotizaciones.controller.ts"
"cotizaciones","filter","tenant_id","apps\erp-api\src\modules\cotizaciones.controller.ts"
"cotizaciones","filter","tenant_id","apps\erp-api\src\modules\cotizaciones.controller.ts"
"cotizaciones","update","updated_at","apps\erp-api\src\modules\cotizaciones.controller.ts"
"cotizaciones","filter","id","apps\erp-api\src\modules\cotizaciones.controller.ts"
"cotizaciones","filter","tenant_id","apps\erp-api\src\modules\cotizaciones.controller.ts"
"cotizaciones","filter","id","apps\erp-api\src\modules\cotizaciones.controller.ts"
"cotizaciones","filter","tenant_id","apps\erp-api\src\modules\cotizaciones.controller.ts"
"cotizaciones","update","estado","apps\erp-api\src\modules\cotizaciones.controller.ts"
"cotizaciones","update","probabilidad","apps\erp-api\src\modules\cotizaciones.controller.ts"
"cotizaciones","update","fecha_aprobacion","apps\erp-api\src\modules\cotizaciones.controller.ts"
"cotizaciones","update","aprobado_por","apps\erp-api\src\modules\cotizaciones.controller.ts"
"cotizaciones","update","observaciones_aprobacion","apps\erp-api\src\modules\cotizaciones.controller.ts"
"cotizaciones","update","updated_at","apps\erp-api\src\modules\cotizaciones.controller.ts"
"cotizaciones","filter","id","apps\erp-api\src\modules\cotizaciones.controller.ts"
"cotizaciones","filter","tenant_id","apps\erp-api\src\modules\cotizaciones.controller.ts"
"cotizaciones","filter","id","apps\erp-api\src\modules\cotizaciones.controller.ts"
"cotizaciones","filter","tenant_id","apps\erp-api\src\modules\cotizaciones.controller.ts"
"cotizaciones","update","estado","apps\erp-api\src\modules\cotizaciones.controller.ts"
"cotizaciones","update","fecha_conversion","apps\erp-api\src\modules\cotizaciones.controller.ts"
"cotizaciones","update","convertido_por","apps\erp-api\src\modules\cotizaciones.controller.ts"
"cotizaciones","update","documento_generado_id","apps\erp-api\src\modules\cotizaciones.controller.ts"
"cotizaciones","update","updated_at","apps\erp-api\src\modules\cotizaciones.controller.ts"
"cotizaciones","filter","id","apps\erp-api\src\modules\cotizaciones.controller.ts"
"cotizaciones","filter","tenant_id","apps\erp-api\src\modules\cotizaciones.controller.ts"
"cotizaciones","update","estado","apps\erp-api\src\modules\cotizaciones.controller.ts"
"cotizaciones","update","fecha_rechazo","apps\erp-api\src\modules\cotizaciones.controller.ts"
"cotizaciones","update","rechazado_por","apps\erp-api\src\modules\cotizaciones.controller.ts"
"cotizaciones","update","motivo_rechazo","apps\erp-api\src\modules\cotizaciones.controller.ts"
"cotizaciones","update","updated_at","apps\erp-api\src\modules\cotizaciones.controller.ts"
"cotizaciones","filter","id","apps\erp-api\src\modules\cotizaciones.controller.ts"
"cotizaciones","filter","tenant_id","apps\erp-api\src\modules\cotizaciones.controller.ts"
"cotizaciones","select","id","apps\erp-api\src\modules\cotizaciones.controller.ts"
"cotizaciones","select","estado","apps\erp-api\src\modules\cotizaciones.controller.ts"
"cotizaciones","select","fecha_vencimiento","apps\erp-api\src\modules\cotizaciones.controller.ts"
"cotizaciones","select","total","apps\erp-api\src\modules\cotizaciones.controller.ts"
"cotizaciones","select","cliente_id","apps\erp-api\src\modules\cotizaciones.controller.ts"
"cotizaciones","filter","id","apps\erp-api\src\modules\cotizaciones.controller.ts"
"cotizaciones","filter","tenant_id","apps\erp-api\src\modules\cotizaciones.controller.ts"
"documentos","filter","tenant_id","apps\erp-api\src\modules\cotizaciones.controller.ts"
"documentos","filter","serie","apps\erp-api\src\modules\cotizaciones.controller.ts"
"clientes","select","sujeto_retencion","apps\erp-api\src\modules\finanzas\shared\retenciones-validation.service.ts"
"clientes","select","retencion_tasa","apps\erp-api\src\modules\finanzas\shared\retenciones-validation.service.ts"
"clientes","select","sujeto_percepcion","apps\erp-api\src\modules\finanzas\shared\retenciones-validation.service.ts"
"clientes","select","percepcion_tasa","apps\erp-api\src\modules\finanzas\shared\retenciones-validation.service.ts"
"clientes","select","sujeto_detraccion","apps\erp-api\src\modules\finanzas\shared\retenciones-validation.service.ts"
"clientes","select","detraccion_tasa","apps\erp-api\src\modules\finanzas\shared\retenciones-validation.service.ts"
"clientes","filter","id","apps\erp-api\src\modules\finanzas\shared\retenciones-validation.service.ts"
"clientes","filter","tenant_id","apps\erp-api\src\modules\finanzas\shared\retenciones-validation.service.ts"
"productos","select","id","apps\erp-api\src\modules\compras.controller.ts"
"productos","select","codigo","apps\erp-api\src\modules\compras.controller.ts"
"productos","select","nombre","apps\erp-api\src\modules\compras.controller.ts"
"productos","select","precio","apps\erp-api\src\modules\compras.controller.ts"
"productos","select","stock_actual","apps\erp-api\src\modules\compras.controller.ts"
"productos","select","categoria","apps\erp-api\src\modules\compras.controller.ts"
"productos","select","activo","apps\erp-api\src\modules\compras.controller.ts"
"productos","filter","tenant_id","apps\erp-api\src\modules\compras.controller.ts"
"productos","filter","activo","apps\erp-api\src\modules\compras.controller.ts"
"productos","filter","nombre","apps\erp-api\src\modules\compras.controller.ts"
"proveedores","select","id","apps\erp-api\src\modules\compras.controller.ts"
"proveedores","filter","tenant_id","apps\erp-api\src\modules\compras.controller.ts"
"proveedores","filter","activo","apps\erp-api\src\modules\compras.controller.ts"
"proveedores","filter","tenant_id","apps\erp-api\src\modules\compras.controller.ts"
"proveedores","filter","activo","apps\erp-api\src\modules\compras.controller.ts"
"proveedores","filter","razon_social","apps\erp-api\src\modules\compras.controller.ts"
"proveedores","select","id","apps\erp-api\src\modules\compras.controller.ts"
"proveedores","select","ruc","apps\erp-api\src\modules\compras.controller.ts"
"proveedores","filter","ruc","apps\erp-api\src\modules\compras.controller.ts"
"proveedores","select","id","apps\erp-api\src\modules\compras.controller.ts"
"proveedores","select","ruc","apps\erp-api\src\modules\compras.controller.ts"
"proveedores","filter","tenant_id","apps\erp-api\src\modules\compras.controller.ts"
"proveedores","filter","ruc","apps\erp-api\src\modules\compras.controller.ts"
"proveedores","filter","id","apps\erp-api\src\modules\compras.controller.ts"
"proveedores","filter","tenant_id","apps\erp-api\src\modules\compras.controller.ts"
"proveedores","filter","id","apps\erp-api\src\modules\compras.controller.ts"
"proveedores","update","activo","apps\erp-api\src\modules\compras.controller.ts"
"proveedores","update","estado","apps\erp-api\src\modules\compras.controller.ts"
"proveedores","update","updated_at","apps\erp-api\src\modules\compras.controller.ts"
"proveedores","filter","tenant_id","apps\erp-api\src\modules\compras.controller.ts"
"proveedores","filter","id","apps\erp-api\src\modules\compras.controller.ts"
"ordenes_compra","filter","tenant_id","apps\erp-api\src\modules\compras.controller.ts"
"ordenes_compra","filter","created_at","apps\erp-api\src\modules\compras.controller.ts"
"ordenes_compra","filter","tenant_id","apps\erp-api\src\modules\compras.controller.ts"
"ordenes_compra","filter","created_at","apps\erp-api\src\modules\compras.controller.ts"
"ordenes_compra","filter","estado","apps\erp-api\src\modules\compras.controller.ts"
"ordenes_compra","filter","fecha_orden","apps\erp-api\src\modules\compras.controller.ts"
"ordenes_compra","filter","fecha_orden","apps\erp-api\src\modules\compras.controller.ts"
"ordenes_compra","select","numero","apps\erp-api\src\modules\compras.controller.ts"
"ordenes_compra","filter","tenant_id","apps\erp-api\src\modules\compras.controller.ts"
"ordenes_compra","filter","created_at","apps\erp-api\src\modules\compras.controller.ts"
"ordenes_compra","insert","tenant_id","apps\erp-api\src\modules\compras.controller.ts"
"ordenes_compra","insert","numero_orden","apps\erp-api\src\modules\compras.controller.ts"
"ordenes_compra","insert","proveedor_id","apps\erp-api\src\modules\compras.controller.ts"
"ordenes_compra","insert","fecha_orden","apps\erp-api\src\modules\compras.controller.ts"
"ordenes_compra","insert","fecha_requerida","apps\erp-api\src\modules\compras.controller.ts"
"ordenes_compra","insert","estado","apps\erp-api\src\modules\compras.controller.ts"
"ordenes_compra","insert","subtotal","apps\erp-api\src\modules\compras.controller.ts"
"ordenes_compra","insert","igv","apps\erp-api\src\modules\compras.controller.ts"
"ordenes_compra","insert","total","apps\erp-api\src\modules\compras.controller.ts"
"ordenes_compra","insert","observaciones","apps\erp-api\src\modules\compras.controller.ts"
"ordenes_compra","insert","usuario_id","apps\erp-api\src\modules\compras.controller.ts"
"ordenes_compra","filter","tenant_id","apps\erp-api\src\modules\compras.controller.ts"
"ordenes_compra","filter","id","apps\erp-api\src\modules\compras.controller.ts"
"ordenes_compra","update","estado","apps\erp-api\src\modules\compras.controller.ts"
"ordenes_compra","update","fecha_entrega","apps\erp-api\src\modules\compras.controller.ts"
"ordenes_compra","filter","tenant_id","apps\erp-api\src\modules\compras.controller.ts"
"ordenes_compra","filter","id","apps\erp-api\src\modules\compras.controller.ts"
"ordenes_compra","update","estado","apps\erp-api\src\modules\compras.controller.ts"
"ordenes_compra","update","observaciones","apps\erp-api\src\modules\compras.controller.ts"
"ordenes_compra","update","Fecha","apps\erp-api\src\modules\compras.controller.ts"
"ordenes_compra","filter","tenant_id","apps\erp-api\src\modules\compras.controller.ts"
"ordenes_compra","filter","id","apps\erp-api\src\modules\compras.controller.ts"
"ordenes_compra","filter","tenant_id","apps\erp-api\src\modules\compras.controller.ts"
"ordenes_compra","filter","fecha_orden","apps\erp-api\src\modules\compras.controller.ts"
"ordenes_compra","filter","fecha_orden","apps\erp-api\src\modules\compras.controller.ts"
"ordenes_compra","filter","fecha_orden","apps\erp-api\src\modules\compras.controller.ts"
"ordenes_compra","filter","id","apps\erp-api\src\modules\compras.controller.ts"
"orden_compra_detalles","select","cantidad","apps\erp-api\src\modules\compras.controller.ts"
"orden_compra_detalles","select","cantidad_recibida","apps\erp-api\src\modules\compras.controller.ts"
"orden_compra_detalles","update","cantidad_recibida","apps\erp-api\src\modules\compras.controller.ts"
"orden_compra_detalles","update","fecha_recepcion","apps\erp-api\src\modules\compras.controller.ts"
"orden_compra_detalles","filter","id","apps\erp-api\src\modules\compras.controller.ts"
"orden_compra_detalles","filter","tenant_id","apps\erp-api\src\modules\compras.controller.ts"
"orden_compra_detalles","filter","orden_id","apps\erp-api\src\modules\compras.controller.ts"
"orden_compra_detalles","select","cantidad","apps\erp-api\src\modules\compras.controller.ts"
"orden_compra_detalles","select","cantidad_recibida","apps\erp-api\src\modules\compras.controller.ts"
"orden_compra_detalles","filter","tenant_id","apps\erp-api\src\modules\compras.controller.ts"
"orden_compra_detalles","filter","orden_id","apps\erp-api\src\modules\compras.controller.ts"
"detalle_asientos","filter","cuenta_id","apps\erp-api\src\modules\contabilidad\services\presupuestos.service.ts"
"detalle_asientos","filter","centro_costo_id","apps\erp-api\src\modules\contabilidad\services\presupuestos.service.ts"
"plan_cuentas","select","id","apps\erp-api\src\modules\contabilidad\services\presupuestos.service.ts"
"plan_cuentas","select","codigo","apps\erp-api\src\modules\contabilidad\services\presupuestos.service.ts"
"plan_cuentas","select","nombre","apps\erp-api\src\modules\contabilidad\services\presupuestos.service.ts"
"plan_cuentas","filter","id","apps\erp-api\src\modules\contabilidad\services\presupuestos.service.ts"
"plan_cuentas","filter","tenant_id","apps\erp-api\src\modules\contabilidad\services\presupuestos.service.ts"
"plan_cuentas","filter","id","apps\erp-api\src\modules\contabilidad\services\presupuestos.service.ts"
"plan_cuentas","filter","tenant_id","apps\erp-api\src\modules\contabilidad\services\presupuestos.service.ts"
"asientos_contables","filter","tenant_id","apps\erp-api\src\modules\contabilidad\services\ple-export.service.ts"
"asientos_contables","filter","fecha","apps\erp-api\src\modules\contabilidad\services\ple-export.service.ts"
"asientos_contables","filter","fecha","apps\erp-api\src\modules\contabilidad\services\ple-export.service.ts"
"asientos_contables","filter","fecha","apps\erp-api\src\modules\contabilidad\services\ple-export.service.ts"
"asientos_contables","filter","numero_asiento","apps\erp-api\src\modules\contabilidad\services\ple-export.service.ts"
"detalle_asientos","filter","codigo","apps\erp-api\src\modules\contabilidad\services\ple-export.service.ts"
"detalle_asientos","filter","fecha","apps\erp-api\src\modules\contabilidad\services\ple-export.service.ts"
"detalle_asientos","select","debe","apps\erp-api\src\modules\contabilidad\services\ple-export.service.ts"
"detalle_asientos","select","haber","apps\erp-api\src\modules\contabilidad\services\ple-export.service.ts"
"detalle_asientos","filter","cuenta_id","apps\erp-api\src\modules\contabilidad\services\ple-export.service.ts"
"plan_cuentas","select","id","apps\erp-api\src\modules\contabilidad\services\ple-export.service.ts"
"plan_cuentas","select","codigo","apps\erp-api\src\modules\contabilidad\services\ple-export.service.ts"
"plan_cuentas","select","nombre","apps\erp-api\src\modules\contabilidad\services\ple-export.service.ts"
"plan_cuentas","filter","tenant_id","apps\erp-api\src\modules\contabilidad\services\ple-export.service.ts"
"plan_cuentas","filter","activo","apps\erp-api\src\modules\contabilidad\services\ple-export.service.ts"
"plan_cuentas","filter","codigo","apps\erp-api\src\modules\contabilidad\services\ple-export.service.ts"
"plan_cuentas","filter","cuenta_id","apps\erp-api\src\modules\contabilidad\services\ple-export.service.ts"
"plan_cuentas","filter","tenant_id","apps\erp-api\src\modules\contabilidad\services\plan-cuentas.service.ts"
"plan_cuentas","filter","codigo","apps\erp-api\src\modules\contabilidad\services\plan-cuentas.service.ts"
"plan_cuentas","filter","tenant_id","apps\erp-api\src\modules\contabilidad\services\plan-cuentas.service.ts"
"plan_cuentas","filter","codigo","apps\erp-api\src\modules\contabilidad\services\plan-cuentas.service.ts"
"plan_cuentas","filter","tenant_id","apps\erp-api\src\modules\contabilidad\services\plan-cuentas.service.ts"
"plan_cuentas","filter","codigo","apps\erp-api\src\modules\contabilidad\services\plan-cuentas.service.ts"
"plan_cuentas","filter","nivel","apps\erp-api\src\modules\contabilidad\services\plan-cuentas.service.ts"
"plan_cuentas","filter","tenant_id","apps\erp-api\src\modules\contabilidad\services\plan-cuentas.service.ts"
"plan_cuentas","filter","nombre","apps\erp-api\src\modules\contabilidad\services\plan-cuentas.service.ts"
"plan_cuentas","filter","nivel","apps\erp-api\src\modules\contabilidad\services\plan-cuentas.service.ts"
"plan_cuentas","filter","tenant_id","apps\erp-api\src\modules\contabilidad\services\plan-cuentas.service.ts"
"plan_cuentas","filter","codigo","apps\erp-api\src\modules\contabilidad\services\plan-cuentas.service.ts"
"plan_cuentas","filter","tipo","apps\erp-api\src\modules\contabilidad\services\plan-cuentas.service.ts"
"plan_cuentas","filter","nivel","apps\erp-api\src\modules\contabilidad\services\plan-cuentas.service.ts"
"plan_cuentas","filter","acepta_movimiento","apps\erp-api\src\modules\contabilidad\services\plan-cuentas.service.ts"
"plan_cuentas","filter","estado","apps\erp-api\src\modules\contabilidad\services\plan-cuentas.service.ts"
"plan_cuentas","filter","estado","apps\erp-api\src\modules\contabilidad\services\plan-cuentas.service.ts"
"plan_cuentas","filter","tenant_id","apps\erp-api\src\modules\contabilidad\services\plan-cuentas.service.ts"
"plan_cuentas","filter","id","apps\erp-api\src\modules\contabilidad\services\plan-cuentas.service.ts"
"plan_cuentas","filter","tenant_id","apps\erp-api\src\modules\contabilidad\services\plan-cuentas.service.ts"
"plan_cuentas","filter","estado","apps\erp-api\src\modules\contabilidad\services\plan-cuentas.service.ts"
"plan_cuentas","filter","codigo","apps\erp-api\src\modules\contabilidad\services\plan-cuentas.service.ts"
"asientos_contables","select","id","apps\erp-api\src\modules\contabilidad\services\periodos.service.ts"
"asientos_contables","select","numero_asiento","apps\erp-api\src\modules\contabilidad\services\periodos.service.ts"
"asientos_contables","select","fecha","apps\erp-api\src\modules\contabilidad\services\periodos.service.ts"
"asientos_contables","select","total_debe","apps\erp-api\src\modules\contabilidad\services\periodos.service.ts"
"asientos_contables","select","total_haber","apps\erp-api\src\modules\contabilidad\services\periodos.service.ts"
"asientos_contables","filter","tenant_id","apps\erp-api\src\modules\contabilidad\services\periodos.service.ts"
"asientos_contables","filter","fecha","apps\erp-api\src\modules\contabilidad\services\periodos.service.ts"
"asientos_contables","filter","fecha","apps\erp-api\src\modules\contabilidad\services\periodos.service.ts"
"asientos_contables","insert","tenant_id","apps\erp-api\src\modules\contabilidad\services\periodos.service.ts"
"asientos_contables","insert","numero_asiento","apps\erp-api\src\modules\contabilidad\services\periodos.service.ts"
"asientos_contables","insert","fecha","apps\erp-api\src\modules\contabilidad\services\periodos.service.ts"
"asientos_contables","insert","descripcion","apps\erp-api\src\modules\contabilidad\services\periodos.service.ts"
"asientos_contables","insert","tipo_asiento","apps\erp-api\src\modules\contabilidad\services\periodos.service.ts"
"asientos_contables","insert","origen","apps\erp-api\src\modules\contabilidad\services\periodos.service.ts"
"asientos_contables","insert","total_debe","apps\erp-api\src\modules\contabilidad\services\periodos.service.ts"
"asientos_contables","insert","total_haber","apps\erp-api\src\modules\contabilidad\services\periodos.service.ts"
"asientos_contables","insert","estado","apps\erp-api\src\modules\contabilidad\services\periodos.service.ts"
"asientos_contables","insert","created_by","apps\erp-api\src\modules\contabilidad\services\periodos.service.ts"
"plan_cuentas","select","id","apps\erp-api\src\modules\contabilidad\services\periodos.service.ts"
"plan_cuentas","filter","tenant_id","apps\erp-api\src\modules\contabilidad\services\periodos.service.ts"
"plan_cuentas","filter","codigo","apps\erp-api\src\modules\contabilidad\services\periodos.service.ts"
"asientos_contables","filter","tenant_id","apps\erp-api\src\modules\contabilidad\services\centros-costo.service.ts"
"asientos_contables","filter","id","apps\erp-api\src\modules\contabilidad\services\centros-costo.service.ts"
"asientos_contables","filter","fecha","apps\erp-api\src\modules\contabilidad\services\centros-costo.service.ts"
"asientos_contables","filter","fecha","apps\erp-api\src\modules\contabilidad\services\centros-costo.service.ts"
"asientos_contables","filter","fecha","apps\erp-api\src\modules\contabilidad\services\centros-costo.service.ts"
"asientos_contables","filter","numero_asiento","apps\erp-api\src\modules\contabilidad\services\centros-costo.service.ts"
"asientos_contables","select","id","apps\erp-api\src\modules\contabilidad\services\centros-costo.service.ts"
"asientos_contables","select","fecha","apps\erp-api\src\modules\contabilidad\services\centros-costo.service.ts"
"asientos_contables","filter","tenant_id","apps\erp-api\src\modules\contabilidad\services\centros-costo.service.ts"
"asientos_contables","filter","id","apps\erp-api\src\modules\contabilidad\services\centros-costo.service.ts"
"asientos_contables","filter","fecha","apps\erp-api\src\modules\contabilidad\services\centros-costo.service.ts"
"asientos_contables","filter","fecha","apps\erp-api\src\modules\contabilidad\services\centros-costo.service.ts"
"detalle_asientos","select","asiento_id","apps\erp-api\src\modules\contabilidad\services\centros-costo.service.ts"
"detalle_asientos","filter","centro_costo_id","apps\erp-api\src\modules\contabilidad\services\centros-costo.service.ts"
"detalle_asientos","filter","asiento_id","apps\erp-api\src\modules\contabilidad\services\centros-costo.service.ts"
"detalle_asientos","filter","centro_costo_id","apps\erp-api\src\modules\contabilidad\services\centros-costo.service.ts"
"asientos_contables","filter","tenant_id","apps\erp-api\src\modules\contabilidad\services\asientos.service.ts"
"asientos_contables","filter","fecha","apps\erp-api\src\modules\contabilidad\services\asientos.service.ts"
"asientos_contables","filter","fecha","apps\erp-api\src\modules\contabilidad\services\asientos.service.ts"
"asientos_contables","filter","origen","apps\erp-api\src\modules\contabilidad\services\asientos.service.ts"
"asientos_contables","filter","estado","apps\erp-api\src\modules\contabilidad\services\asientos.service.ts"
"asientos_contables","filter","id","apps\erp-api\src\modules\contabilidad\services\asientos.service.ts"
"asientos_contables","filter","tenant_id","apps\erp-api\src\modules\contabilidad\services\asientos.service.ts"
"asientos_contables","insert","tenant_id","apps\erp-api\src\modules\contabilidad\services\asientos.service.ts"
"asientos_contables","insert","numero_asiento","apps\erp-api\src\modules\contabilidad\services\asientos.service.ts"
"asientos_contables","insert","fecha","apps\erp-api\src\modules\contabilidad\services\asientos.service.ts"
"asientos_contables","insert","concepto","apps\erp-api\src\modules\contabilidad\services\asientos.service.ts"
"asientos_contables","insert","referencia","apps\erp-api\src\modules\contabilidad\services\asientos.service.ts"
"asientos_contables","insert","total_debe","apps\erp-api\src\modules\contabilidad\services\asientos.service.ts"
"asientos_contables","insert","total_haber","apps\erp-api\src\modules\contabilidad\services\asientos.service.ts"
"asientos_contables","insert","estado","apps\erp-api\src\modules\contabilidad\services\asientos.service.ts"
"asientos_contables","filter","id","apps\erp-api\src\modules\contabilidad\services\asientos.service.ts"
"asientos_contables","select","numero_asiento","apps\erp-api\src\modules\contabilidad\services\asientos.service.ts"
"asientos_contables","filter","tenant_id","apps\erp-api\src\modules\contabilidad\services\asientos.service.ts"
"asientos_contables","filter","fecha","apps\erp-api\src\modules\contabilidad\services\asientos.service.ts"
"asientos_contables","filter","fecha","apps\erp-api\src\modules\contabilidad\services\asientos.service.ts"
"asientos_contables","filter","numero_asiento","apps\erp-api\src\modules\contabilidad\services\asientos.service.ts"
"asientos_contables","select","source_event_id","apps\erp-api\src\modules\contabilidad\services\asientos.service.ts"
"asientos_contables","filter","tenant_id","apps\erp-api\src\modules\contabilidad\services\asientos.service.ts"
"asientos_contables","filter","id","apps\erp-api\src\modules\contabilidad\services\asientos.service.ts"
"asientos_contables","filter","tenant_id","apps\erp-api\src\modules\contabilidad\services\asientos.service.ts"
"detalle_asientos","select","asiento_id","apps\erp-api\src\modules\contabilidad\services\asientos.service.ts"
"detalle_asientos","filter","cuenta_id","apps\erp-api\src\modules\contabilidad\services\asientos.service.ts"
"detalle_asientos","filter","tenant_id","apps\erp-api\src\modules\contabilidad\services\asientos.service.ts"
"detalle_asientos","filter","codigo","apps\erp-api\src\modules\contabilidad\services\asientos.service.ts"
"detalle_asientos","filter","cuenta_id","apps\erp-api\src\modules\contabilidad\services\asientos.service.ts"
"detalle_asientos","filter","id","apps\erp-api\src\modules\contabilidad\services\asientos.service.ts"
"detalle_asientos","filter","asiento_id","apps\erp-api\src\modules\contabilidad\services\asientos.service.ts"
"plan_cuentas","select","id","apps\erp-api\src\modules\contabilidad\services\asientos.service.ts"
"plan_cuentas","filter","tenant_id","apps\erp-api\src\modules\contabilidad\services\asientos.service.ts"
"plan_cuentas","filter","codigo","apps\erp-api\src\modules\contabilidad\services\asientos.service.ts"
"plan_cuentas","filter","cuenta_id","apps\erp-api\src\modules\contabilidad\services\asientos.service.ts"
"plan_cuentas","filter","centro_costo_id","apps\erp-api\src\modules\contabilidad\services\asientos.service.ts"
"plan_cuentas","select","id","apps\erp-api\src\modules\contabilidad\services\asientos.service.ts"
"plan_cuentas","filter","tenant_id","apps\erp-api\src\modules\contabilidad\services\asientos.service.ts"
"plan_cuentas","filter","id","apps\erp-api\src\modules\contabilidad\services\asientos.service.ts"
"asientos_contables","insert","tenant_id","apps\erp-api\src\modules\contabilidad\services\asientos-generator.service.ts"
"asientos_contables","insert","numero_asiento","apps\erp-api\src\modules\contabilidad\services\asientos-generator.service.ts"
"asientos_contables","insert","fecha","apps\erp-api\src\modules\contabilidad\services\asientos-generator.service.ts"
"asientos_contables","insert","total_debe","apps\erp-api\src\modules\contabilidad\services\asientos-generator.service.ts"
"asientos_contables","insert","total_haber","apps\erp-api\src\modules\contabilidad\services\asientos-generator.service.ts"
"asientos_contables","insert","estado","apps\erp-api\src\modules\contabilidad\services\asientos-generator.service.ts"
"asientos_contables","insert","source_event_id","apps\erp-api\src\modules\contabilidad\services\asientos-generator.service.ts"
"asientos_contables","filter","id","apps\erp-api\src\modules\contabilidad\services\asientos-generator.service.ts"
"asientos_contables","filter","tenant_id","apps\erp-api\src\modules\contabilidad\services\asientos-generator.service.ts"
"asientos_contables","filter","source_event_id","apps\erp-api\src\modules\contabilidad\services\asientos-generator.service.ts"
"asientos_contables","select","numero_asiento","apps\erp-api\src\modules\contabilidad\services\asientos-generator.service.ts"
"asientos_contables","filter","tenant_id","apps\erp-api\src\modules\contabilidad\services\asientos-generator.service.ts"
"asientos_contables","filter","fecha","apps\erp-api\src\modules\contabilidad\services\asientos-generator.service.ts"
"asientos_contables","filter","fecha","apps\erp-api\src\modules\contabilidad\services\asientos-generator.service.ts"
"detalle_asientos","filter","id","apps\erp-api\src\modules\contabilidad\services\asientos-generator.service.ts"
"cotizaciones","filter","tenant_id","apps\erp-api\src\modules\ventas\reportes\reportes.service.ts"
"cotizaciones","filter","estado","apps\erp-api\src\modules\ventas\reportes\reportes.service.ts"
"cotizaciones","filter","fecha","apps\erp-api\src\modules\ventas\reportes\reportes.service.ts"
"cotizaciones","filter","fecha","apps\erp-api\src\modules\ventas\reportes\reportes.service.ts"
"cotizaciones","filter","tenant_id","apps\erp-api\src\modules\ventas\reportes\reportes.service.ts"
"cotizaciones","filter","tenant_id","apps\erp-api\src\modules\ventas\reportes\reportes.service.ts"
"cotizaciones","filter","tenant_id","apps\erp-api\src\modules\ventas\reportes\reportes.service.ts"
"cotizaciones","filter","tipo_documento","apps\erp-api\src\modules\ventas\reportes\reportes.service.ts"
"pedidos_venta","filter","tenant_id","apps\erp-api\src\modules\ventas\reportes\reportes.service.ts"
"pedidos_venta","filter","fecha","apps\erp-api\src\modules\ventas\reportes\reportes.service.ts"
"pedidos_venta","filter","fecha","apps\erp-api\src\modules\ventas\reportes\reportes.service.ts"
"pedidos_venta","filter","estado","apps\erp-api\src\modules\ventas\reportes\reportes.service.ts"
"pedidos_venta","select","estado","apps\erp-api\src\modules\ventas\reportes\reportes.service.ts"
"pedidos_venta","select","total","apps\erp-api\src\modules\ventas\reportes\reportes.service.ts"
"pedidos_venta","filter","tenant_id","apps\erp-api\src\modules\ventas\reportes\reportes.service.ts"
"pedidos_venta","filter","fecha","apps\erp-api\src\modules\ventas\reportes\reportes.service.ts"
"pedidos_venta","filter","fecha","apps\erp-api\src\modules\ventas\reportes\reportes.service.ts"
"pedidos_venta","filter","tenant_id","apps\erp-api\src\modules\ventas\reportes\reportes.service.ts"
"pedidos_venta","filter","estado","apps\erp-api\src\modules\ventas\reportes\reportes.service.ts"
"pedidos_venta","filter","fecha","apps\erp-api\src\modules\ventas\reportes\reportes.service.ts"
"pedidos_venta","filter","fecha","apps\erp-api\src\modules\ventas\reportes\reportes.service.ts"
"pedidos_venta","filter","tenant_id","apps\erp-api\src\modules\ventas\reportes\reportes.service.ts"
"pedidos_venta","filter","estado","apps\erp-api\src\modules\ventas\reportes\reportes.service.ts"
"pedidos_venta","filter","fecha","apps\erp-api\src\modules\ventas\reportes\reportes.service.ts"
"pedidos_venta","filter","fecha","apps\erp-api\src\modules\ventas\reportes\reportes.service.ts"
"pedidos_venta","filter","tenant_id","apps\erp-api\src\modules\ventas\reportes\reportes.service.ts"
"pedidos_venta","filter","tenant_id","apps\erp-api\src\modules\ventas\reportes\reportes.service.ts"
"pedidos_venta","filter","tipo_documento","apps\erp-api\src\modules\ventas\reportes\reportes.service.ts"
"pedidos_venta","filter","tenant_id","apps\erp-api\src\modules\ventas\reportes\reportes.service.ts"
"pedidos_venta","filter","fecha","apps\erp-api\src\modules\ventas\reportes\reportes.service.ts"
"pedidos_venta","filter","fecha","apps\erp-api\src\modules\ventas\reportes\reportes.service.ts"
"pedidos_venta_detalle","select","pedido_id","apps\erp-api\src\modules\ventas\reportes\reportes.service.ts"
"pedidos_venta_detalle","select","cantidad","apps\erp-api\src\modules\ventas\reportes\reportes.service.ts"
"pedidos_venta_detalle","filter","pedido_id","apps\erp-api\src\modules\ventas\reportes\reportes.service.ts"
"pedidos_venta_detalle","filter","tenant_id","apps\erp-api\src\modules\ventas\reportes\reportes.service.ts"
"pedidos_venta_detalle","filter","referencia_tipo","apps\erp-api\src\modules\ventas\reportes\reportes.service.ts"
"pedidos_venta_detalle","filter","tipo","apps\erp-api\src\modules\ventas\reportes\reportes.service.ts"
"pedidos_venta_detalle","filter","referencia_id","apps\erp-api\src\modules\ventas\reportes\reportes.service.ts"
"pedidos_venta_detalle","filter","tenant_id","apps\erp-api\src\modules\ventas\reportes\reportes.service.ts"
"pedidos_venta_detalle","filter","pedido_id","apps\erp-api\src\modules\ventas\reportes\reportes.service.ts"
"pedido_backorders","select","pedido_id","apps\erp-api\src\modules\ventas\reportes\reportes.service.ts"
"pedido_backorders","select","detalle_id","apps\erp-api\src\modules\ventas\reportes\reportes.service.ts"
"pedido_backorders","select","cantidad_pendiente","apps\erp-api\src\modules\ventas\reportes\reportes.service.ts"
"pedido_backorders","select","prioridad","apps\erp-api\src\modules\ventas\reportes\reportes.service.ts"
"pedido_backorders","select","proxima_fecha_compromiso","apps\erp-api\src\modules\ventas\reportes\reportes.service.ts"
"pedido_backorders","select","estado","apps\erp-api\src\modules\ventas\reportes\reportes.service.ts"
"pedido_backorders","filter","tenant_id","apps\erp-api\src\modules\ventas\reportes\reportes.service.ts"
"pedido_backorders","filter","pedido_id","apps\erp-api\src\modules\ventas\reportes\reportes.service.ts"
"movimientos_inventario","select","referencia_id","apps\erp-api\src\modules\ventas\reportes\reportes.service.ts"
"movimientos_inventario","select","cantidad","apps\erp-api\src\modules\ventas\reportes\reportes.service.ts"
"movimientos_inventario","select","created_at","apps\erp-api\src\modules\ventas\reportes\reportes.service.ts"
"movimientos_inventario","filter","tenant_id","apps\erp-api\src\modules\ventas\reportes\reportes.service.ts"
"movimientos_inventario","filter","referencia_tipo","apps\erp-api\src\modules\ventas\reportes\reportes.service.ts"
"movimientos_inventario","filter","tipo","apps\erp-api\src\modules\ventas\reportes\reportes.service.ts"
"movimientos_inventario","filter","referencia_id","apps\erp-api\src\modules\ventas\reportes\reportes.service.ts"
"movimientos_inventario","filter","tenant_id","apps\erp-api\src\modules\ventas\reportes\reportes.service.ts"
"movimientos_inventario","filter","pedido_id","apps\erp-api\src\modules\ventas\reportes\reportes.service.ts"
"cuentas_por_cobrar","filter","tenant_id","apps\erp-api\src\modules\ventas\reportes\reportes.service.ts"
"cuentas_por_cobrar","filter","estado","apps\erp-api\src\modules\ventas\reportes\reportes.service.ts"
"cuentas_por_cobrar","filter","fecha_emision","apps\erp-api\src\modules\ventas\reportes\reportes.service.ts"
"cuentas_por_cobrar","filter","fecha_emision","apps\erp-api\src\modules\ventas\reportes\reportes.service.ts"
"documentos","filter","tenant_id","apps\erp-api\src\modules\ventas\reportes\reportes.service.ts"
"documentos","filter","tipo_documento","apps\erp-api\src\modules\ventas\reportes\reportes.service.ts"
"documentos","select","id","apps\erp-api\src\modules\ventas\reportes\reportes.service.ts"
"documentos","select","serie","apps\erp-api\src\modules\ventas\reportes\reportes.service.ts"
"documentos","select","numero","apps\erp-api\src\modules\ventas\reportes\reportes.service.ts"
"documentos","select","estado","apps\erp-api\src\modules\ventas\reportes\reportes.service.ts"
"documentos","select","fecha_emision","apps\erp-api\src\modules\ventas\reportes\reportes.service.ts"
"documentos","select","error_sunat","apps\erp-api\src\modules\ventas\reportes\reportes.service.ts"
"documentos","select","tipo_documento","apps\erp-api\src\modules\ventas\reportes\reportes.service.ts"
"documentos","filter","tenant_id","apps\erp-api\src\modules\ventas\reportes\reportes.service.ts"
"documentos","filter","tipo_documento","apps\erp-api\src\modules\ventas\reportes\reportes.service.ts"
"documentos","filter","fecha_emision","apps\erp-api\src\modules\ventas\reportes\reportes.service.ts"
"documentos","filter","fecha_emision","apps\erp-api\src\modules\ventas\reportes\reportes.service.ts"
"clientes","select","id","apps\erp-api\src\modules\ventas\pedidos\pedidos.service.ts"
"clientes","filter","id","apps\erp-api\src\modules\ventas\pedidos\pedidos.service.ts"
"clientes","filter","tenant_id","apps\erp-api\src\modules\ventas\pedidos\pedidos.service.ts"
"clientes","select","limite_credito","apps\erp-api\src\modules\ventas\pedidos\pedidos.service.ts"
"clientes","select","permite_morosidad","apps\erp-api\src\modules\ventas\pedidos\pedidos.service.ts"
"clientes","filter","tenant_id","apps\erp-api\src\modules\ventas\pedidos\pedidos.service.ts"
"clientes","filter","id","apps\erp-api\src\modules\ventas\pedidos\pedidos.service.ts"
"clientes","filter","tenant_id","apps\erp-api\src\modules\ventas\pedidos\pedidos.service.ts"
"clientes","filter","cliente_id","apps\erp-api\src\modules\ventas\pedidos\pedidos.service.ts"
"clientes","filter","id","apps\erp-api\src\modules\ventas\pedidos\pedidos.service.ts"
"clientes","filter","tenant_id","apps\erp-api\src\modules\ventas\pedidos\pedidos.service.ts"
"pedidos_venta","filter","tenant_id","apps\erp-api\src\modules\ventas\pedidos\pedidos.service.ts"
"pedidos_venta","filter","estado","apps\erp-api\src\modules\ventas\pedidos\pedidos.service.ts"
"pedidos_venta","filter","cliente_id","apps\erp-api\src\modules\ventas\pedidos\pedidos.service.ts"
"pedidos_venta","filter","fecha_pedido","apps\erp-api\src\modules\ventas\pedidos\pedidos.service.ts"
"pedidos_venta","filter","fecha_pedido","apps\erp-api\src\modules\ventas\pedidos\pedidos.service.ts"
"pedidos_venta","filter","tenant_id","apps\erp-api\src\modules\ventas\pedidos\pedidos.service.ts"
"pedidos_venta","filter","created_at","apps\erp-api\src\modules\ventas\pedidos\pedidos.service.ts"
"pedidos_venta","filter","id","apps\erp-api\src\modules\ventas\pedidos\pedidos.service.ts"
"pedidos_venta","filter","tenant_id","apps\erp-api\src\modules\ventas\pedidos\pedidos.service.ts"
"pedidos_venta","filter","id","apps\erp-api\src\modules\ventas\pedidos\pedidos.service.ts"
"pedidos_venta","filter","tenant_id","apps\erp-api\src\modules\ventas\pedidos\pedidos.service.ts"
"pedidos_venta","filter","pedido_id","apps\erp-api\src\modules\ventas\pedidos\pedidos.service.ts"
"pedidos_venta","filter","created_at","apps\erp-api\src\modules\ventas\pedidos\pedidos.service.ts"
"pedidos_venta","filter","id","apps\erp-api\src\modules\ventas\pedidos\pedidos.service.ts"
"pedidos_venta","filter","tenant_id","apps\erp-api\src\modules\ventas\pedidos\pedidos.service.ts"
"pedidos_venta","update","estado","apps\erp-api\src\modules\ventas\pedidos\pedidos.service.ts"
"pedidos_venta","update","updated_at","apps\erp-api\src\modules\ventas\pedidos\pedidos.service.ts"
"pedidos_venta","filter","id","apps\erp-api\src\modules\ventas\pedidos\pedidos.service.ts"
"pedidos_venta","filter","tenant_id","apps\erp-api\src\modules\ventas\pedidos\pedidos.service.ts"
"pedidos_venta","update","requiere_aprobacion","apps\erp-api\src\modules\ventas\pedidos\pedidos.service.ts"
"pedidos_venta","update","motivo_requiere_aprobacion","apps\erp-api\src\modules\ventas\pedidos\pedidos.service.ts"
"pedidos_venta","update","estado_credito","apps\erp-api\src\modules\ventas\pedidos\pedidos.service.ts"
"pedidos_venta","update","updated_at","apps\erp-api\src\modules\ventas\pedidos\pedidos.service.ts"
"pedidos_venta","filter","id","apps\erp-api\src\modules\ventas\pedidos\pedidos.service.ts"
"pedidos_venta","filter","tenant_id","apps\erp-api\src\modules\ventas\pedidos\pedidos.service.ts"
"pedidos_venta","update","requiere_aprobacion","apps\erp-api\src\modules\ventas\pedidos\pedidos.service.ts"
"pedidos_venta","update","motivo_requiere_aprobacion","apps\erp-api\src\modules\ventas\pedidos\pedidos.service.ts"
"pedidos_venta","update","aprobado_por","apps\erp-api\src\modules\ventas\pedidos\pedidos.service.ts"
"pedidos_venta","update","aprobado_en","apps\erp-api\src\modules\ventas\pedidos\pedidos.service.ts"
"pedidos_venta","update","estado_credito","apps\erp-api\src\modules\ventas\pedidos\pedidos.service.ts"
"pedidos_venta","filter","id","apps\erp-api\src\modules\ventas\pedidos\pedidos.service.ts"
"pedidos_venta","filter","tenant_id","apps\erp-api\src\modules\ventas\pedidos\pedidos.service.ts"
"pedidos_venta","update","observaciones","apps\erp-api\src\modules\ventas\pedidos\pedidos.service.ts"
"pedidos_venta","filter","id","apps\erp-api\src\modules\ventas\pedidos\pedidos.service.ts"
"pedidos_venta","filter","tenant_id","apps\erp-api\src\modules\ventas\pedidos\pedidos.service.ts"
"pedidos_venta","update","factura_id","apps\erp-api\src\modules\ventas\pedidos\pedidos.service.ts"
"pedidos_venta","update","estado","apps\erp-api\src\modules\ventas\pedidos\pedidos.service.ts"
"pedidos_venta","update","updated_at","apps\erp-api\src\modules\ventas\pedidos\pedidos.service.ts"
"pedidos_venta","filter","id","apps\erp-api\src\modules\ventas\pedidos\pedidos.service.ts"
"pedidos_venta","filter","tenant_id","apps\erp-api\src\modules\ventas\pedidos\pedidos.service.ts"
"pedidos_venta","select","numero","apps\erp-api\src\modules\ventas\pedidos\pedidos.service.ts"
"pedidos_venta","filter","tenant_id","apps\erp-api\src\modules\ventas\pedidos\pedidos.service.ts"
"pedidos_venta","filter","numero","apps\erp-api\src\modules\ventas\pedidos\pedidos.service.ts"
"pedidos_venta","update","factura_id","apps\erp-api\src\modules\ventas\pedidos\pedidos.service.ts"
"pedidos_venta","update","estado","apps\erp-api\src\modules\ventas\pedidos\pedidos.service.ts"
"pedidos_venta","update","updated_at","apps\erp-api\src\modules\ventas\pedidos\pedidos.service.ts"
"pedidos_venta","filter","id","apps\erp-api\src\modules\ventas\pedidos\pedidos.service.ts"
"pedidos_venta","filter","tenant_id","apps\erp-api\src\modules\ventas\pedidos\pedidos.service.ts"
"pedidos_venta_detalle","filter","pedido_id","apps\erp-api\src\modules\ventas\pedidos\pedidos.service.ts"
"pedidos_venta_detalle","filter","created_at","apps\erp-api\src\modules\ventas\pedidos\pedidos.service.ts"
"pedidos_venta_detalle","filter","pedido_id","apps\erp-api\src\modules\ventas\pedidos\pedidos.service.ts"
"pedidos_venta_detalle","filter","id","apps\erp-api\src\modules\ventas\pedidos\pedidos.service.ts"
"pedidos_venta_detalle","filter","tenant_id","apps\erp-api\src\modules\ventas\pedidos\pedidos.service.ts"
"pedidos_venta_detalle","update","cantidad_despachada","apps\erp-api\src\modules\ventas\pedidos\pedidos.service.ts"
"pedidos_venta_detalle","update","cantidad_facturada","apps\erp-api\src\modules\ventas\pedidos\pedidos.service.ts"
"pedidos_venta_detalle","update","estado_item","apps\erp-api\src\modules\ventas\pedidos\pedidos.service.ts"
"pedidos_venta_detalle","filter","id","apps\erp-api\src\modules\ventas\pedidos\pedidos.service.ts"
"pedidos_venta_detalle","filter","tenant_id","apps\erp-api\src\modules\ventas\pedidos\pedidos.service.ts"
"pedidos_venta_detalle","filter","pedido_id","apps\erp-api\src\modules\ventas\pedidos\pedidos.service.ts"
"pedidos_venta_detalle","filter","tenant_id","apps\erp-api\src\modules\ventas\pedidos\pedidos.service.ts"
"pedidos_venta_detalle","update","cantidad_despachada","apps\erp-api\src\modules\ventas\pedidos\pedidos.service.ts"
"pedidos_venta_detalle","update","estado_item","apps\erp-api\src\modules\ventas\pedidos\pedidos.service.ts"
"pedidos_venta_detalle","filter","id","apps\erp-api\src\modules\ventas\pedidos\pedidos.service.ts"
"pedidos_venta_detalle","filter","tenant_id","apps\erp-api\src\modules\ventas\pedidos\pedidos.service.ts"
"pedidos_venta_detalle","filter","pedido_id","apps\erp-api\src\modules\ventas\pedidos\pedidos.service.ts"
"pedidos_venta_detalle","filter","tenant_id","apps\erp-api\src\modules\ventas\pedidos\pedidos.service.ts"
"pedidos_venta_detalle","update","cantidad_facturada","apps\erp-api\src\modules\ventas\pedidos\pedidos.service.ts"
"pedidos_venta_detalle","update","estado_item","apps\erp-api\src\modules\ventas\pedidos\pedidos.service.ts"
"pedidos_venta_detalle","filter","id","apps\erp-api\src\modules\ventas\pedidos\pedidos.service.ts"
"pedido_aprobaciones","select","id","apps\erp-api\src\modules\ventas\pedidos\pedidos.service.ts"
"pedido_aprobaciones","select","decision","apps\erp-api\src\modules\ventas\pedidos\pedidos.service.ts"
"pedido_aprobaciones","select","motivos","apps\erp-api\src\modules\ventas\pedidos\pedidos.service.ts"
"pedido_aprobaciones","select","aprobado_por","apps\erp-api\src\modules\ventas\pedidos\pedidos.service.ts"
"pedido_aprobaciones","select","aprobado_en","apps\erp-api\src\modules\ventas\pedidos\pedidos.service.ts"
"pedido_aprobaciones","select","created_at","apps\erp-api\src\modules\ventas\pedidos\pedidos.service.ts"
"pedido_aprobaciones","filter","tenant_id","apps\erp-api\src\modules\ventas\pedidos\pedidos.service.ts"
"pedido_aprobaciones","filter","pedido_id","apps\erp-api\src\modules\ventas\pedidos\pedidos.service.ts"
"pedido_aprobaciones","filter","created_at","apps\erp-api\src\modules\ventas\pedidos\pedidos.service.ts"
"pedido_aprobaciones","insert","tenant_id","apps\erp-api\src\modules\ventas\pedidos\pedidos.service.ts"
"pedido_aprobaciones","insert","pedido_id","apps\erp-api\src\modules\ventas\pedidos\pedidos.service.ts"
"pedido_aprobaciones","insert","motivos","apps\erp-api\src\modules\ventas\pedidos\pedidos.service.ts"
"pedido_aprobaciones","insert","aprobado_por","apps\erp-api\src\modules\ventas\pedidos\pedidos.service.ts"
"pedido_backorders","update","observaciones","apps\erp-api\src\modules\ventas\pedidos\pedidos.service.ts"
"pedido_backorders","filter","pedido_id","apps\erp-api\src\modules\ventas\pedidos\pedidos.service.ts"
"pedido_backorders","filter","tenant_id","apps\erp-api\src\modules\ventas\pedidos\pedidos.service.ts"
"pedido_backorders","filter","pedido_id","apps\erp-api\src\modules\ventas\pedidos\pedidos.service.ts"
"pedido_backorders","filter","tenant_id","apps\erp-api\src\modules\ventas\pedidos\pedidos.service.ts"
"productos","select","stock_actual","apps\erp-api\src\modules\ventas\pedidos\pedidos.service.ts"
"productos","select","stock_reservado","apps\erp-api\src\modules\ventas\pedidos\pedidos.service.ts"
"productos","filter","id","apps\erp-api\src\modules\ventas\pedidos\pedidos.service.ts"
"productos","filter","tenant_id","apps\erp-api\src\modules\ventas\pedidos\pedidos.service.ts"
"movimientos_inventario","select","id","apps\erp-api\src\modules\ventas\pedidos\pedidos.service.ts"
"movimientos_inventario","filter","referencia_tipo","apps\erp-api\src\modules\ventas\pedidos\pedidos.service.ts"
"movimientos_inventario","filter","referencia_id","apps\erp-api\src\modules\ventas\pedidos\pedidos.service.ts"
"movimientos_inventario","filter","tipo","apps\erp-api\src\modules\ventas\pedidos\pedidos.service.ts"
"movimientos_inventario","select","producto_id","apps\erp-api\src\modules\ventas\pedidos\pedidos.service.ts"
"movimientos_inventario","select","cantidad","apps\erp-api\src\modules\ventas\pedidos\pedidos.service.ts"
"movimientos_inventario","filter","referencia_tipo","apps\erp-api\src\modules\ventas\pedidos\pedidos.service.ts"
"movimientos_inventario","filter","referencia_id","apps\erp-api\src\modules\ventas\pedidos\pedidos.service.ts"
"movimientos_inventario","filter","tipo","apps\erp-api\src\modules\ventas\pedidos\pedidos.service.ts"
"movimientos_inventario","filter","tenant_id","apps\erp-api\src\modules\ventas\pedidos\pedidos.service.ts"
"movimientos_inventario","filter","referencia_tipo","apps\erp-api\src\modules\ventas\pedidos\pedidos.service.ts"
"movimientos_inventario","filter","referencia_id","apps\erp-api\src\modules\ventas\pedidos\pedidos.service.ts"
"movimientos_inventario","filter","tipo","apps\erp-api\src\modules\ventas\pedidos\pedidos.service.ts"
"movimientos_inventario","filter","tenant_id","apps\erp-api\src\modules\ventas\pedidos\pedidos.service.ts"
"movimientos_inventario","select","id","apps\erp-api\src\modules\ventas\pedidos\pedidos.service.ts"
"movimientos_inventario","filter","tenant_id","apps\erp-api\src\modules\ventas\pedidos\pedidos.service.ts"
"movimientos_inventario","filter","referencia_tipo","apps\erp-api\src\modules\ventas\pedidos\pedidos.service.ts"
"movimientos_inventario","filter","referencia_id","apps\erp-api\src\modules\ventas\pedidos\pedidos.service.ts"
"movimientos_inventario","filter","tipo","apps\erp-api\src\modules\ventas\pedidos\pedidos.service.ts"
"movimientos_inventario","filter","producto_id","apps\erp-api\src\modules\ventas\pedidos\pedidos.service.ts"
"movimientos_inventario","insert","tenant_id","apps\erp-api\src\modules\ventas\pedidos\pedidos.service.ts"
"movimientos_inventario","insert","producto_id","apps\erp-api\src\modules\ventas\pedidos\pedidos.service.ts"
"movimientos_inventario","insert","tipo","apps\erp-api\src\modules\ventas\pedidos\pedidos.service.ts"
"movimientos_inventario","insert","cantidad","apps\erp-api\src\modules\ventas\pedidos\pedidos.service.ts"
"movimientos_inventario","insert","referencia_tipo","apps\erp-api\src\modules\ventas\pedidos\pedidos.service.ts"
"movimientos_inventario","insert","referencia_id","apps\erp-api\src\modules\ventas\pedidos\pedidos.service.ts"
"movimientos_inventario","insert","notas","apps\erp-api\src\modules\ventas\pedidos\pedidos.service.ts"
"movimientos_inventario","insert","Motivo","apps\erp-api\src\modules\ventas\pedidos\pedidos.service.ts"
"movimientos_inventario","select","id","apps\erp-api\src\modules\ventas\pedidos\pedidos.service.ts"
"movimientos_inventario","filter","tenant_id","apps\erp-api\src\modules\ventas\pedidos\pedidos.service.ts"
"movimientos_inventario","filter","referencia_tipo","apps\erp-api\src\modules\ventas\pedidos\pedidos.service.ts"
"movimientos_inventario","filter","referencia_id","apps\erp-api\src\modules\ventas\pedidos\pedidos.service.ts"
"movimientos_inventario","filter","tipo","apps\erp-api\src\modules\ventas\pedidos\pedidos.service.ts"
"movimientos_inventario","filter","producto_id","apps\erp-api\src\modules\ventas\pedidos\pedidos.service.ts"
"movimientos_inventario","insert","tenant_id","apps\erp-api\src\modules\ventas\pedidos\pedidos.service.ts"
"movimientos_inventario","insert","producto_id","apps\erp-api\src\modules\ventas\pedidos\pedidos.service.ts"
"movimientos_inventario","insert","tipo","apps\erp-api\src\modules\ventas\pedidos\pedidos.service.ts"
"movimientos_inventario","insert","cantidad","apps\erp-api\src\modules\ventas\pedidos\pedidos.service.ts"
"movimientos_inventario","insert","referencia_tipo","apps\erp-api\src\modules\ventas\pedidos\pedidos.service.ts"
"movimientos_inventario","insert","referencia_id","apps\erp-api\src\modules\ventas\pedidos\pedidos.service.ts"
"movimientos_inventario","insert","notas","apps\erp-api\src\modules\ventas\pedidos\pedidos.service.ts"
"movimientos_inventario","filter","tenant_id","apps\erp-api\src\modules\ventas\pedidos\pedidos.service.ts"
"movimientos_inventario","filter","referencia_tipo","apps\erp-api\src\modules\ventas\pedidos\pedidos.service.ts"
"movimientos_inventario","filter","referencia_id","apps\erp-api\src\modules\ventas\pedidos\pedidos.service.ts"
"movimientos_inventario","filter","created_at","apps\erp-api\src\modules\ventas\pedidos\pedidos.service.ts"
"cuentas_por_cobrar","select","monto_pendiente","apps\erp-api\src\modules\ventas\pedidos\pedidos.service.ts"
"cuentas_por_cobrar","select","estado","apps\erp-api\src\modules\ventas\pedidos\pedidos.service.ts"
"cuentas_por_cobrar","filter","tenant_id","apps\erp-api\src\modules\ventas\pedidos\pedidos.service.ts"
"cuentas_por_cobrar","filter","cliente_id","apps\erp-api\src\modules\ventas\pedidos\pedidos.service.ts"
"documentos","filter","id","apps\erp-api\src\modules\ventas\pedidos\pedidos.service.ts"
"documento_detalles","filter","id","apps\erp-api\src\modules\ventas\pedidos\pedidos.service.ts"
"documento_series","filter","tenant_id","apps\erp-api\src\modules\ventas\pedidos\pedidos.service.ts"
"documento_series","filter","tipo_documento","apps\erp-api\src\modules\ventas\pedidos\pedidos.service.ts"
"documento_series","filter","activo","apps\erp-api\src\modules\ventas\pedidos\pedidos.service.ts"
"documento_series","filter","created_at","apps\erp-api\src\modules\ventas\pedidos\pedidos.service.ts"
"clientes","filter","id","apps\erp-api\src\modules\ventas\pedidos\gre-integration.service.ts"
"clientes","filter","tenant_id","apps\erp-api\src\modules\ventas\pedidos\gre-integration.service.ts"
"clientes","filter","tenant_id","apps\erp-api\src\modules\ventas\pedidos\gre-integration.service.ts"
"asientos_contables","select","id","apps\erp-api\src\modules\contabilidad\listeners\contabilidad-events.listener.ts"
"asientos_contables","select","numero_asiento","apps\erp-api\src\modules\contabilidad\listeners\contabilidad-events.listener.ts"
"asientos_contables","select","estado","apps\erp-api\src\modules\contabilidad\listeners\contabilidad-events.listener.ts"
"asientos_contables","select","total_debe","apps\erp-api\src\modules\contabilidad\listeners\contabilidad-events.listener.ts"
"asientos_contables","select","total_haber","apps\erp-api\src\modules\contabilidad\listeners\contabilidad-events.listener.ts"
"asientos_contables","select","referencia","apps\erp-api\src\modules\contabilidad\listeners\contabilidad-events.listener.ts"
"asientos_contables","filter","tenant_id","apps\erp-api\src\modules\contabilidad\listeners\contabilidad-events.listener.ts"
"asientos_contables","filter","source_event_id","apps\erp-api\src\modules\contabilidad\listeners\contabilidad-events.listener.ts"
"asientos_contables","select","id","apps\erp-api\src\modules\contabilidad\listeners\contabilidad-events.listener.ts"
"asientos_contables","select","numero_asiento","apps\erp-api\src\modules\contabilidad\listeners\contabilidad-events.listener.ts"
"asientos_contables","select","estado","apps\erp-api\src\modules\contabilidad\listeners\contabilidad-events.listener.ts"
"asientos_contables","select","total_debe","apps\erp-api\src\modules\contabilidad\listeners\contabilidad-events.listener.ts"
"asientos_contables","select","total_haber","apps\erp-api\src\modules\contabilidad\listeners\contabilidad-events.listener.ts"
"asientos_contables","select","referencia","apps\erp-api\src\modules\contabilidad\listeners\contabilidad-events.listener.ts"
"asientos_contables","filter","tenant_id","apps\erp-api\src\modules\contabilidad\listeners\contabilidad-events.listener.ts"
"asientos_contables","filter","referencia","apps\erp-api\src\modules\contabilidad\listeners\contabilidad-events.listener.ts"
"asientos_contables","filter","created_at","apps\erp-api\src\modules\contabilidad\listeners\contabilidad-events.listener.ts"
"asientos_contables","select","id","apps\erp-api\src\modules\contabilidad\listeners\contabilidad-events.listener.ts"
"asientos_contables","select","numero_asiento","apps\erp-api\src\modules\contabilidad\listeners\contabilidad-events.listener.ts"
"asientos_contables","select","estado","apps\erp-api\src\modules\contabilidad\listeners\contabilidad-events.listener.ts"
"asientos_contables","filter","id","apps\erp-api\src\modules\contabilidad\listeners\contabilidad-events.listener.ts"
"asientos_contables","filter","tenant_id","apps\erp-api\src\modules\contabilidad\listeners\contabilidad-events.listener.ts"
"detalle_asientos","select","id","apps\erp-api\src\modules\contabilidad\listeners\contabilidad-events.listener.ts"
"detalle_asientos","filter","asiento_id","apps\erp-api\src\modules\contabilidad\listeners\contabilidad-events.listener.ts"
"movimientos_inventario","select","id","apps\erp-api\src\modules\compras\services\recepciones.service.ts"
"movimientos_inventario","filter","tenant_id","apps\erp-api\src\modules\compras\services\recepciones.service.ts"
"movimientos_inventario","filter","referencia_tipo","apps\erp-api\src\modules\compras\services\recepciones.service.ts"
"movimientos_inventario","filter","referencia_id","apps\erp-api\src\modules\compras\services\recepciones.service.ts"
"movimientos_inventario","filter","tipo","apps\erp-api\src\modules\compras\services\recepciones.service.ts"
"movimientos_inventario","filter","producto_id","apps\erp-api\src\modules\compras\services\recepciones.service.ts"
"ordenes_compra","filter","tenant_id","apps\erp-api\src\modules\compras\services\recepciones.service.ts"
"ordenes_compra","filter","id","apps\erp-api\src\modules\compras\services\recepciones.service.ts"
"ordenes_compra","filter","tenant_id","apps\erp-api\src\modules\compras\services\recepciones.service.ts"
"ordenes_compra","filter","id","apps\erp-api\src\modules\compras\services\recepciones.service.ts"
"ordenes_compra","update","estado","apps\erp-api\src\modules\compras\services\recepciones.service.ts"
"ordenes_compra","update","updated_at","apps\erp-api\src\modules\compras\services\recepciones.service.ts"
"ordenes_compra","filter","id","apps\erp-api\src\modules\compras\services\recepciones.service.ts"
"ordenes_compra","filter","tenant_id","apps\erp-api\src\modules\compras\services\recepciones.service.ts"
"ordenes_compra","filter","tenant_id","apps\erp-api\src\modules\compras\services\recepciones.service.ts"
"ordenes_compra","filter","id","apps\erp-api\src\modules\compras\services\recepciones.service.ts"
"orden_compra_detalles","select","cantidad","apps\erp-api\src\modules\compras\services\recepciones.service.ts"
"orden_compra_detalles","select","cantidad_recibida","apps\erp-api\src\modules\compras\services\recepciones.service.ts"
"orden_compra_detalles","filter","tenant_id","apps\erp-api\src\modules\compras\services\recepciones.service.ts"
"orden_compra_detalles","filter","id","apps\erp-api\src\modules\compras\services\recepciones.service.ts"
"orden_compra_detalles","update","cantidad_recibida","apps\erp-api\src\modules\compras\services\recepciones.service.ts"
"orden_compra_detalles","update","updated_at","apps\erp-api\src\modules\compras\services\recepciones.service.ts"
"orden_compra_detalles","filter","tenant_id","apps\erp-api\src\modules\compras\services\recepciones.service.ts"
"orden_compra_detalles","filter","id","apps\erp-api\src\modules\compras\services\recepciones.service.ts"
"orden_compra_detalles","select","cantidad","apps\erp-api\src\modules\compras\services\recepciones.service.ts"
"orden_compra_detalles","select","cantidad_recibida","apps\erp-api\src\modules\compras\services\recepciones.service.ts"
"orden_compra_detalles","filter","orden_id","apps\erp-api\src\modules\compras\services\recepciones.service.ts"
"orden_compra_detalles","select","id","apps\erp-api\src\modules\compras\services\recepciones.service.ts"
"orden_compra_detalles","select","descripcion","apps\erp-api\src\modules\compras\services\recepciones.service.ts"
"orden_compra_detalles","select","cantidad","apps\erp-api\src\modules\compras\services\recepciones.service.ts"
"orden_compra_detalles","select","cantidad_recibida","apps\erp-api\src\modules\compras\services\recepciones.service.ts"
"orden_compra_detalles","select","precio_unitario","apps\erp-api\src\modules\compras\services\recepciones.service.ts"
"orden_compra_detalles","filter","id","apps\erp-api\src\modules\compras\services\recepciones.service.ts"
"orden_compra_detalles","select","descripcion","apps\erp-api\src\modules\compras\services\recepciones.service.ts"
"orden_compra_detalles","select","precio_unitario","apps\erp-api\src\modules\compras\services\recepciones.service.ts"
"orden_compra_detalles","filter","id","apps\erp-api\src\modules\compras\services\recepciones.service.ts"
"recepciones","filter","tenant_id","apps\erp-api\src\modules\compras\services\recepciones.service.ts"
"recepciones","filter","fecha_recepcion","apps\erp-api\src\modules\compras\services\recepciones.service.ts"
"recepciones","filter","created_at","apps\erp-api\src\modules\compras\services\recepciones.service.ts"
"recepciones","filter","estado","apps\erp-api\src\modules\compras\services\recepciones.service.ts"
"recepciones","filter","orden_id","apps\erp-api\src\modules\compras\services\recepciones.service.ts"
"recepciones","filter","fecha_recepcion","apps\erp-api\src\modules\compras\services\recepciones.service.ts"
"recepciones","filter","fecha_recepcion","apps\erp-api\src\modules\compras\services\recepciones.service.ts"
"recepciones","insert","tenant_id","apps\erp-api\src\modules\compras\services\recepciones.service.ts"
"recepciones","insert","orden_id","apps\erp-api\src\modules\compras\services\recepciones.service.ts"
"recepciones","insert","fecha_recepcion","apps\erp-api\src\modules\compras\services\recepciones.service.ts"
"recepciones","insert","estado","apps\erp-api\src\modules\compras\services\recepciones.service.ts"
"recepciones","insert","observaciones","apps\erp-api\src\modules\compras\services\recepciones.service.ts"
"recepciones","insert","created_by","apps\erp-api\src\modules\compras\services\recepciones.service.ts"
"recepciones","filter","id","apps\erp-api\src\modules\compras\services\recepciones.service.ts"
"recepciones","update","estado","apps\erp-api\src\modules\compras\services\recepciones.service.ts"
"recepciones","update","cerrado_por","apps\erp-api\src\modules\compras\services\recepciones.service.ts"
"recepciones","update","cerrado_at","apps\erp-api\src\modules\compras\services\recepciones.service.ts"
"recepciones","update","updated_at","apps\erp-api\src\modules\compras\services\recepciones.service.ts"
"recepciones","filter","id","apps\erp-api\src\modules\compras\services\recepciones.service.ts"
"recepciones","filter","tenant_id","apps\erp-api\src\modules\compras\services\recepciones.service.ts"
"recepciones","select","numero","apps\erp-api\src\modules\compras\services\recepciones.service.ts"
"recepciones","filter","tenant_id","apps\erp-api\src\modules\compras\services\recepciones.service.ts"
"recepciones","filter","created_at","apps\erp-api\src\modules\compras\services\recepciones.service.ts"
"recepciones","update","observaciones","apps\erp-api\src\modules\compras\services\recepciones.service.ts"
"recepciones","update","updated_at","apps\erp-api\src\modules\compras\services\recepciones.service.ts"
"recepciones","filter","id","apps\erp-api\src\modules\compras\services\recepciones.service.ts"
"recepciones","filter","tenant_id","apps\erp-api\src\modules\compras\services\recepciones.service.ts"
"recepcion_items","filter","id","apps\erp-api\src\modules\compras\services\recepciones.service.ts"
"proveedores","select","razon_social","apps\erp-api\src\modules\compras\services\ordenes-compra.service.ts"
"proveedores","filter","id","apps\erp-api\src\modules\compras\services\ordenes-compra.service.ts"
"proveedores","filter","tenant_id","apps\erp-api\src\modules\compras\services\ordenes-compra.service.ts"
"proveedores","select","razon_social","apps\erp-api\src\modules\compras\services\ordenes-compra.service.ts"
"proveedores","filter","id","apps\erp-api\src\modules\compras\services\ordenes-compra.service.ts"
"proveedores","filter","tenant_id","apps\erp-api\src\modules\compras\services\ordenes-compra.service.ts"
"proveedores","filter","orden_id","apps\erp-api\src\modules\compras\services\ordenes-compra.service.ts"
"proveedores","filter","tenant_id","apps\erp-api\src\modules\compras\services\ordenes-compra.service.ts"
"orden_compra_detalles","filter","orden_id","apps\erp-api\src\modules\compras\services\ordenes-compra.service.ts"
"orden_compra_detalles","filter","tenant_id","apps\erp-api\src\modules\compras\services\ordenes-compra.service.ts"
"recepciones","select","id","apps\erp-api\src\modules\compras\services\ordenes-compra.service.ts"
"recepciones","select","numero","apps\erp-api\src\modules\compras\services\ordenes-compra.service.ts"
"recepciones","select","estado","apps\erp-api\src\modules\compras\services\ordenes-compra.service.ts"
"recepciones","filter","orden_id","apps\erp-api\src\modules\compras\services\ordenes-compra.service.ts"
"recepciones","filter","tenant_id","apps\erp-api\src\modules\compras\services\ordenes-compra.service.ts"
"recepciones","select","id","apps\erp-api\src\modules\compras\services\ordenes-compra.service.ts"
"recepciones","select","numero","apps\erp-api\src\modules\compras\services\ordenes-compra.service.ts"
"recepciones","select","estado","apps\erp-api\src\modules\compras\services\ordenes-compra.service.ts"
"recepciones","filter","orden_id","apps\erp-api\src\modules\compras\services\ordenes-compra.service.ts"
"recepciones","filter","tenant_id","apps\erp-api\src\modules\compras\services\ordenes-compra.service.ts"
"recepciones","filter","estado","apps\erp-api\src\modules\compras\services\ordenes-compra.service.ts"
"recepciones","filter","tenant_id","apps\erp-api\src\modules\compras\services\ordenes-compra.service.ts"
"recepciones","filter","orden_id","apps\erp-api\src\modules\compras\services\ordenes-compra.service.ts"
"recepciones","filter","estado","apps\erp-api\src\modules\compras\services\ordenes-compra.service.ts"
"devoluciones_proveedor","select","id","apps\erp-api\src\modules\compras\services\ordenes-compra.service.ts"
"devoluciones_proveedor","select","estado","apps\erp-api\src\modules\compras\services\ordenes-compra.service.ts"
"devoluciones_proveedor","filter","tenant_id","apps\erp-api\src\modules\compras\services\ordenes-compra.service.ts"
"devoluciones_proveedor","filter","orden_id","apps\erp-api\src\modules\compras\services\ordenes-compra.service.ts"
"devoluciones_proveedor","filter","recepcion_id","apps\erp-api\src\modules\compras\services\ordenes-compra.service.ts"
"devoluciones_proveedor","filter","motivo","apps\erp-api\src\modules\compras\services\ordenes-compra.service.ts"
"proveedores","select","razon_social","apps\erp-api\src\modules\compras\services\devoluciones-proveedor.service.ts"
"proveedores","filter","id","apps\erp-api\src\modules\compras\services\devoluciones-proveedor.service.ts"
"proveedores","filter","tenant_id","apps\erp-api\src\modules\compras\services\devoluciones-proveedor.service.ts"
"proveedores","filter","id","apps\erp-api\src\modules\compras\services\devoluciones-proveedor.service.ts"
"proveedores","filter","tenant_id","apps\erp-api\src\modules\compras\services\devoluciones-proveedor.service.ts"
"ordenes_compra","select","id","apps\erp-api\src\modules\compras\services\devoluciones-proveedor.service.ts"
"ordenes_compra","select","numero","apps\erp-api\src\modules\compras\services\devoluciones-proveedor.service.ts"
"ordenes_compra","select","proveedor_id","apps\erp-api\src\modules\compras\services\devoluciones-proveedor.service.ts"
"ordenes_compra","select","estado","apps\erp-api\src\modules\compras\services\devoluciones-proveedor.service.ts"
"ordenes_compra","filter","id","apps\erp-api\src\modules\compras\services\devoluciones-proveedor.service.ts"
"ordenes_compra","filter","tenant_id","apps\erp-api\src\modules\compras\services\devoluciones-proveedor.service.ts"
"ordenes_compra","select","numero","apps\erp-api\src\modules\compras\services\devoluciones-proveedor.service.ts"
"ordenes_compra","select","moneda","apps\erp-api\src\modules\compras\services\devoluciones-proveedor.service.ts"
"ordenes_compra","filter","id","apps\erp-api\src\modules\compras\services\devoluciones-proveedor.service.ts"
"ordenes_compra","filter","tenant_id","apps\erp-api\src\modules\compras\services\devoluciones-proveedor.service.ts"
"recepciones","select","id","apps\erp-api\src\modules\compras\services\devoluciones-proveedor.service.ts"
"recepciones","select","orden_id","apps\erp-api\src\modules\compras\services\devoluciones-proveedor.service.ts"
"recepciones","filter","id","apps\erp-api\src\modules\compras\services\devoluciones-proveedor.service.ts"
"recepciones","filter","tenant_id","apps\erp-api\src\modules\compras\services\devoluciones-proveedor.service.ts"
"recepciones","select","numero","apps\erp-api\src\modules\compras\services\devoluciones-proveedor.service.ts"
"recepciones","filter","id","apps\erp-api\src\modules\compras\services\devoluciones-proveedor.service.ts"
"recepciones","filter","tenant_id","apps\erp-api\src\modules\compras\services\devoluciones-proveedor.service.ts"
"proveedores","select","condiciones_pago","apps\erp-api\src\modules\compras\services\compras-cxp-integration.service.ts"
"proveedores","select","dias_credito","apps\erp-api\src\modules\compras\services\compras-cxp-integration.service.ts"
"proveedores","filter","tenant_id","apps\erp-api\src\modules\compras\services\compras-cxp-integration.service.ts"
"proveedores","filter","id","apps\erp-api\src\modules\compras\services\compras-cxp-integration.service.ts"
"ordenes_compra","filter","tenant_id","apps\erp-api\src\modules\compras\services\compras-cxp-integration.service.ts"
"ordenes_compra","filter","id","apps\erp-api\src\modules\compras\services\compras-cxp-integration.service.ts"
"ordenes_compra","select","estado","apps\erp-api\src\modules\compras\services\compras-cxp-integration.service.ts"
"ordenes_compra","filter","tenant_id","apps\erp-api\src\modules\compras\services\compras-cxp-integration.service.ts"
"ordenes_compra","filter","id","apps\erp-api\src\modules\compras\services\compras-cxp-integration.service.ts"
"orden_compra_detalles","select","id","apps\erp-api\src\modules\compras\services\compras-cxp-integration.service.ts"
"orden_compra_detalles","select","producto_id","apps\erp-api\src\modules\compras\services\compras-cxp-integration.service.ts"
"orden_compra_detalles","select","precio_unitario","apps\erp-api\src\modules\compras\services\compras-cxp-integration.service.ts"
"orden_compra_detalles","select","cantidad","apps\erp-api\src\modules\compras\services\compras-cxp-integration.service.ts"
"orden_compra_detalles","filter","orden_id","apps\erp-api\src\modules\compras\services\compras-cxp-integration.service.ts"
"orden_compra_detalles","filter","recepcion_id","apps\erp-api\src\modules\compras\services\compras-cxp-integration.service.ts"
"recepciones","select","id","apps\erp-api\src\modules\compras\services\compras-cxp-integration.service.ts"
"recepciones","filter","tenant_id","apps\erp-api\src\modules\compras\services\compras-cxp-integration.service.ts"
"recepciones","filter","orden_id","apps\erp-api\src\modules\compras\services\compras-cxp-integration.service.ts"
"recepciones","filter","estado","apps\erp-api\src\modules\compras\services\compras-cxp-integration.service.ts"
"recepciones","filter","tenant_id","apps\erp-api\src\modules\compras\services\compras-cxp-integration.service.ts"
"recepciones","filter","id","apps\erp-api\src\modules\compras\services\compras-cxp-integration.service.ts"
"recepcion_items","select","producto_id","apps\erp-api\src\modules\compras\services\compras-cxp-integration.service.ts"
"recepcion_items","select","cantidad_recibida","apps\erp-api\src\modules\compras\services\compras-cxp-integration.service.ts"
"recepcion_items","select","detalle_id","apps\erp-api\src\modules\compras\services\compras-cxp-integration.service.ts"
"recepcion_items","select","calidad","apps\erp-api\src\modules\compras\services\compras-cxp-integration.service.ts"
"recepcion_items","filter","recepcion_id","apps\erp-api\src\modules\compras\services\compras-cxp-integration.service.ts"
"cuentas_por_pagar","select","id","apps\erp-api\src\modules\compras\services\compras-cxp-integration.service.ts"
"cuentas_por_pagar","filter","tenant_id","apps\erp-api\src\modules\compras\services\compras-cxp-integration.service.ts"
"cuentas_por_pagar","filter","referencia_tipo","apps\erp-api\src\modules\compras\services\compras-cxp-integration.service.ts"
"cuentas_por_pagar","filter","referencia_id","apps\erp-api\src\modules\compras\services\compras-cxp-integration.service.ts"
"cuentas_por_pagar","select","numero","apps\erp-api\src\modules\compras\services\compras-cxp-integration.service.ts"
"cuentas_por_pagar","filter","tenant_id","apps\erp-api\src\modules\compras\services\compras-cxp-integration.service.ts"
"cuentas_por_pagar","filter","created_at","apps\erp-api\src\modules\compras\services\compras-cxp-integration.service.ts"
"productos","filter","tenant_id","apps\erp-api\src\shared\jobs\background-jobs.service.ts"
"productos","filter","stock_minimo","apps\erp-api\src\shared\jobs\background-jobs.service.ts"
"empleados","select","id","apps\erp-api\src\shared\jobs\background-jobs.service.ts"
"empleados","filter","estado","apps\erp-api\src\shared\jobs\background-jobs.service.ts"
"empleados","filter","tenant_id","apps\erp-api\src\shared\jobs\background-jobs.service.ts"
"empleados","filter","tenant_id","apps\erp-api\src\shared\jobs\background-jobs.service.ts"
"empleados","filter","fecha","apps\erp-api\src\shared\jobs\background-jobs.service.ts"
"proveedores","filter","tenant_id","apps\erp-api\src\modules\compras\repositories\proveedores.repository.ts"
"proveedores","filter","razon_social","apps\erp-api\src\modules\compras\repositories\proveedores.repository.ts"
"proveedores","filter","activo","apps\erp-api\src\modules\compras\repositories\proveedores.repository.ts"
"proveedores","filter","estado","apps\erp-api\src\modules\compras\repositories\proveedores.repository.ts"
"proveedores","filter","condiciones_pago","apps\erp-api\src\modules\compras\repositories\proveedores.repository.ts"
"proveedores","filter","ruc","apps\erp-api\src\modules\compras\repositories\proveedores.repository.ts"
"proveedores","filter","id","apps\erp-api\src\modules\compras\repositories\proveedores.repository.ts"
"proveedores","filter","tenant_id","apps\erp-api\src\modules\compras\repositories\proveedores.repository.ts"
"proveedores","filter","ruc","apps\erp-api\src\modules\compras\repositories\proveedores.repository.ts"
"proveedores","filter","tenant_id","apps\erp-api\src\modules\compras\repositories\proveedores.repository.ts"
"proveedores","filter","ruc","apps\erp-api\src\modules\compras\repositories\proveedores.repository.ts"
"proveedores","filter","tenant_id","apps\erp-api\src\modules\compras\repositories\proveedores.repository.ts"
"proveedores","update","activo","apps\erp-api\src\modules\compras\repositories\proveedores.repository.ts"
"proveedores","update","estado","apps\erp-api\src\modules\compras\repositories\proveedores.repository.ts"
"proveedores","update","updated_at","apps\erp-api\src\modules\compras\repositories\proveedores.repository.ts"
"proveedores","filter","id","apps\erp-api\src\modules\compras\repositories\proveedores.repository.ts"
"proveedores","filter","tenant_id","apps\erp-api\src\modules\compras\repositories\proveedores.repository.ts"
"proveedores","filter","id","apps\erp-api\src\modules\compras\repositories\proveedores.repository.ts"
"proveedores","filter","tenant_id","apps\erp-api\src\modules\compras\repositories\proveedores.repository.ts"
"proveedores","update","activo","apps\erp-api\src\modules\compras\repositories\proveedores.repository.ts"
"proveedores","update","estado","apps\erp-api\src\modules\compras\repositories\proveedores.repository.ts"
"proveedores","update","updated_at","apps\erp-api\src\modules\compras\repositories\proveedores.repository.ts"
"proveedores","filter","id","apps\erp-api\src\modules\compras\repositories\proveedores.repository.ts"
"proveedores","filter","tenant_id","apps\erp-api\src\modules\compras\repositories\proveedores.repository.ts"
"ordenes_compra","filter","id","apps\erp-api\src\modules\compras\repositories\ordenes-compra.repository.ts"
"ordenes_compra","filter","id","apps\erp-api\src\modules\compras\repositories\ordenes-compra.repository.ts"
"ordenes_compra","filter","tenant_id","apps\erp-api\src\modules\compras\repositories\ordenes-compra.repository.ts"
"ordenes_compra","filter","id","apps\erp-api\src\modules\compras\repositories\ordenes-compra.repository.ts"
"ordenes_compra","filter","tenant_id","apps\erp-api\src\modules\compras\repositories\ordenes-compra.repository.ts"
"ordenes_compra","filter","orden_id","apps\erp-api\src\modules\compras\repositories\ordenes-compra.repository.ts"
"ordenes_compra","filter","numero","apps\erp-api\src\modules\compras\repositories\ordenes-compra.repository.ts"
"ordenes_compra","filter","tenant_id","apps\erp-api\src\modules\compras\repositories\ordenes-compra.repository.ts"
"ordenes_compra","filter","tenant_id","apps\erp-api\src\modules\compras\repositories\ordenes-compra.repository.ts"
"ordenes_compra","filter","tenant_id","apps\erp-api\src\modules\compras\repositories\ordenes-compra.repository.ts"
"ordenes_compra","filter","estado","apps\erp-api\src\modules\compras\repositories\ordenes-compra.repository.ts"
"ordenes_compra","filter","estado","apps\erp-api\src\modules\compras\repositories\ordenes-compra.repository.ts"
"ordenes_compra","filter","id","apps\erp-api\src\modules\compras\repositories\ordenes-compra.repository.ts"
"ordenes_compra","filter","tenant_id","apps\erp-api\src\modules\compras\repositories\ordenes-compra.repository.ts"
"ordenes_compra","filter","numero","apps\erp-api\src\modules\compras\repositories\ordenes-compra.repository.ts"
"ordenes_compra","filter","tenant_id","apps\erp-api\src\modules\compras\repositories\ordenes-compra.repository.ts"
"ordenes_compra","filter","id","apps\erp-api\src\modules\compras\repositories\ordenes-compra.repository.ts"
"ordenes_compra","select","id","apps\erp-api\src\modules\compras\repositories\ordenes-compra.repository.ts"
"ordenes_compra","filter","numero","apps\erp-api\src\modules\compras\repositories\ordenes-compra.repository.ts"
"ordenes_compra","filter","tenant_id","apps\erp-api\src\modules\compras\repositories\ordenes-compra.repository.ts"
"ordenes_compra","filter","id","apps\erp-api\src\modules\compras\repositories\ordenes-compra.repository.ts"
"ordenes_compra","filter","id","apps\erp-api\src\modules\compras\repositories\ordenes-compra.repository.ts"
"ordenes_compra","filter","tenant_id","apps\erp-api\src\modules\compras\repositories\ordenes-compra.repository.ts"
"ordenes_compra","filter","orden_id","apps\erp-api\src\modules\compras\repositories\ordenes-compra.repository.ts"
"ordenes_compra","filter","id","apps\erp-api\src\modules\compras\repositories\ordenes-compra.repository.ts"
"ordenes_compra","filter","tenant_id","apps\erp-api\src\modules\compras\repositories\ordenes-compra.repository.ts"
"ordenes_compra","filter","orden_id","apps\erp-api\src\modules\compras\repositories\ordenes-compra.repository.ts"
"orden_compra_detalles","filter","id","apps\erp-api\src\modules\compras\repositories\ordenes-compra.repository.ts"
"orden_compra_detalles","filter","orden_id","apps\erp-api\src\modules\compras\repositories\ordenes-compra.repository.ts"
"orden_compra_detalles","filter","numero","apps\erp-api\src\modules\compras\repositories\ordenes-compra.repository.ts"
"orden_compra_detalles","filter","tenant_id","apps\erp-api\src\modules\compras\repositories\ordenes-compra.repository.ts"
"orden_compra_detalles","filter","orden_id","apps\erp-api\src\modules\compras\repositories\ordenes-compra.repository.ts"
"orden_compra_detalles","filter","orden_id","apps\erp-api\src\modules\compras\repositories\ordenes-compra.repository.ts"
"orden_compra_detalles","filter","orden_id","apps\erp-api\src\modules\compras\repositories\ordenes-compra.repository.ts"
"orden_compra_detalles","filter","orden_id","apps\erp-api\src\modules\compras\repositories\ordenes-compra.repository.ts"
"orden_compra_detalles","filter","orden_id","apps\erp-api\src\modules\compras\repositories\ordenes-compra.repository.ts"
"orden_compra_detalles","filter","tenant_id","apps\erp-api\src\modules\compras\repositories\ordenes-compra.repository.ts"
"recepciones","filter","orden_id","apps\erp-api\src\modules\compras\repositories\ordenes-compra.repository.ts"
"recepciones","filter","tenant_id","apps\erp-api\src\modules\compras\repositories\ordenes-compra.repository.ts"
"recepciones","filter","fecha_recepcion","apps\erp-api\src\modules\compras\repositories\ordenes-compra.repository.ts"
"devoluciones_proveedor","select","numero","apps\erp-api\src\modules\compras\repositories\devoluciones-proveedor.repository.ts"
"devoluciones_proveedor","filter","tenant_id","apps\erp-api\src\modules\compras\repositories\devoluciones-proveedor.repository.ts"
"devoluciones_proveedor","filter","numero","apps\erp-api\src\modules\compras\repositories\devoluciones-proveedor.repository.ts"
"devoluciones_proveedor","insert","tenant_id","apps\erp-api\src\modules\compras\repositories\devoluciones-proveedor.repository.ts"
"devoluciones_proveedor","insert","created_by","apps\erp-api\src\modules\compras\repositories\devoluciones-proveedor.repository.ts"
"devoluciones_proveedor","filter","tenant_id","apps\erp-api\src\modules\compras\repositories\devoluciones-proveedor.repository.ts"
"devoluciones_proveedor","filter","id","apps\erp-api\src\modules\compras\repositories\devoluciones-proveedor.repository.ts"
"devoluciones_proveedor","filter","tenant_id","apps\erp-api\src\modules\compras\repositories\devoluciones-proveedor.repository.ts"
"devoluciones_proveedor","filter","created_at","apps\erp-api\src\modules\compras\repositories\devoluciones-proveedor.repository.ts"
"devoluciones_proveedor","filter","estado","apps\erp-api\src\modules\compras\repositories\devoluciones-proveedor.repository.ts"
"devoluciones_proveedor","filter","proveedor_id","apps\erp-api\src\modules\compras\repositories\devoluciones-proveedor.repository.ts"
"devoluciones_proveedor","filter","orden_id","apps\erp-api\src\modules\compras\repositories\devoluciones-proveedor.repository.ts"
"devoluciones_proveedor","filter","fecha_devolucion","apps\erp-api\src\modules\compras\repositories\devoluciones-proveedor.repository.ts"
"devoluciones_proveedor","filter","id","apps\erp-api\src\modules\compras\repositories\devoluciones-proveedor.repository.ts"
"devoluciones_proveedor","filter","tenant_id","apps\erp-api\src\modules\compras\repositories\devoluciones-proveedor.repository.ts"
"cotizaciones_compra","insert","tenant_id","apps\erp-api\src\modules\compras\repositories\cotizaciones-compra.repository.ts"
"cotizaciones_compra","insert","numero","apps\erp-api\src\modules\compras\repositories\cotizaciones-compra.repository.ts"
"cotizaciones_compra","insert","proveedor_id","apps\erp-api\src\modules\compras\repositories\cotizaciones-compra.repository.ts"
"cotizaciones_compra","insert","fecha_cotizacion","apps\erp-api\src\modules\compras\repositories\cotizaciones-compra.repository.ts"
"cotizaciones_compra","insert","fecha_vencimiento","apps\erp-api\src\modules\compras\repositories\cotizaciones-compra.repository.ts"
"cotizaciones_compra","insert","validez_dias","apps\erp-api\src\modules\compras\repositories\cotizaciones-compra.repository.ts"
"cotizaciones_compra","insert","estado","apps\erp-api\src\modules\compras\repositories\cotizaciones-compra.repository.ts"
"cotizaciones_compra","insert","observaciones","apps\erp-api\src\modules\compras\repositories\cotizaciones-compra.repository.ts"
"cotizaciones_compra","insert","created_by","apps\erp-api\src\modules\compras\repositories\cotizaciones-compra.repository.ts"
"cotizaciones_compra","filter","id","apps\erp-api\src\modules\compras\repositories\cotizaciones-compra.repository.ts"
"cotizaciones_compra","filter","id","apps\erp-api\src\modules\compras\repositories\cotizaciones-compra.repository.ts"
"cotizaciones_compra","filter","tenant_id","apps\erp-api\src\modules\compras\repositories\cotizaciones-compra.repository.ts"
"cotizaciones_compra","filter","id","apps\erp-api\src\modules\compras\repositories\cotizaciones-compra.repository.ts"
"cotizaciones_compra","filter","tenant_id","apps\erp-api\src\modules\compras\repositories\cotizaciones-compra.repository.ts"
"cotizaciones_compra","filter","cotizacion_id","apps\erp-api\src\modules\compras\repositories\cotizaciones-compra.repository.ts"
"cotizaciones_compra","filter","numero","apps\erp-api\src\modules\compras\repositories\cotizaciones-compra.repository.ts"
"cotizaciones_compra","filter","tenant_id","apps\erp-api\src\modules\compras\repositories\cotizaciones-compra.repository.ts"
"cotizaciones_compra","filter","tenant_id","apps\erp-api\src\modules\compras\repositories\cotizaciones-compra.repository.ts"
"cotizaciones_compra","filter","tenant_id","apps\erp-api\src\modules\compras\repositories\cotizaciones-compra.repository.ts"
"cotizaciones_compra","filter","estado","apps\erp-api\src\modules\compras\repositories\cotizaciones-compra.repository.ts"
"cotizaciones_compra","filter","proveedor_id","apps\erp-api\src\modules\compras\repositories\cotizaciones-compra.repository.ts"
"cotizaciones_compra","filter","fecha_cotizacion","apps\erp-api\src\modules\compras\repositories\cotizaciones-compra.repository.ts"
"cotizaciones_compra","filter","fecha_cotizacion","apps\erp-api\src\modules\compras\repositories\cotizaciones-compra.repository.ts"
"cotizaciones_compra","filter","fecha_cotizacion","apps\erp-api\src\modules\compras\repositories\cotizaciones-compra.repository.ts"
"cotizaciones_compra","filter","id","apps\erp-api\src\modules\compras\repositories\cotizaciones-compra.repository.ts"
"cotizaciones_compra","filter","tenant_id","apps\erp-api\src\modules\compras\repositories\cotizaciones-compra.repository.ts"
"cotizaciones_compra","filter","cotizacion_id","apps\erp-api\src\modules\compras\repositories\cotizaciones-compra.repository.ts"
"cotizaciones_compra","update","updated_at","apps\erp-api\src\modules\compras\repositories\cotizaciones-compra.repository.ts"
"cotizaciones_compra","filter","id","apps\erp-api\src\modules\compras\repositories\cotizaciones-compra.repository.ts"
"cotizaciones_compra","filter","tenant_id","apps\erp-api\src\modules\compras\repositories\cotizaciones-compra.repository.ts"
"cotizaciones_compra","filter","cotizacion_id","apps\erp-api\src\modules\compras\repositories\cotizaciones-compra.repository.ts"
"cotizaciones_compra","update","updated_at","apps\erp-api\src\modules\compras\repositories\cotizaciones-compra.repository.ts"
"cotizaciones_compra","filter","id","apps\erp-api\src\modules\compras\repositories\cotizaciones-compra.repository.ts"
"cotizaciones_compra","filter","tenant_id","apps\erp-api\src\modules\compras\repositories\cotizaciones-compra.repository.ts"
"cotizaciones_compra","filter","cotizacion_id","apps\erp-api\src\modules\compras\repositories\cotizaciones-compra.repository.ts"
"cotizaciones_compra","update","orden_compra_id","apps\erp-api\src\modules\compras\repositories\cotizaciones-compra.repository.ts"
"cotizaciones_compra","update","updated_at","apps\erp-api\src\modules\compras\repositories\cotizaciones-compra.repository.ts"
"cotizaciones_compra","filter","id","apps\erp-api\src\modules\compras\repositories\cotizaciones-compra.repository.ts"
"cotizaciones_compra","filter","tenant_id","apps\erp-api\src\modules\compras\repositories\cotizaciones-compra.repository.ts"
"cotizacion_compra_detalles","filter","id","apps\erp-api\src\modules\compras\repositories\cotizaciones-compra.repository.ts"
"cotizacion_compra_detalles","filter","cotizacion_id","apps\erp-api\src\modules\compras\repositories\cotizaciones-compra.repository.ts"
"cotizacion_compra_detalles","filter","numero","apps\erp-api\src\modules\compras\repositories\cotizaciones-compra.repository.ts"
"cotizacion_compra_detalles","filter","tenant_id","apps\erp-api\src\modules\compras\repositories\cotizaciones-compra.repository.ts"
"cotizacion_compra_detalles","filter","cotizacion_id","apps\erp-api\src\modules\compras\repositories\cotizaciones-compra.repository.ts"
"cotizacion_compra_detalles","filter","cotizacion_id","apps\erp-api\src\modules\compras\repositories\cotizaciones-compra.repository.ts"
"cotizacion_compra_detalles","update","updated_at","apps\erp-api\src\modules\compras\repositories\cotizaciones-compra.repository.ts"
"cotizacion_compra_detalles","filter","cotizacion_id","apps\erp-api\src\modules\compras\repositories\cotizaciones-compra.repository.ts"
"cotizacion_compra_detalles","filter","id","apps\erp-api\src\modules\compras\repositories\cotizaciones-compra.repository.ts"
"cotizacion_compra_detalles","filter","tenant_id","apps\erp-api\src\modules\compras\repositories\cotizaciones-compra.repository.ts"
"cotizacion_compra_detalles","update","updated_at","apps\erp-api\src\modules\compras\repositories\cotizaciones-compra.repository.ts"
"cotizacion_compra_detalles","filter","cotizacion_id","apps\erp-api\src\modules\compras\repositories\cotizaciones-compra.repository.ts"
"cotizacion_compra_detalles","filter","id","apps\erp-api\src\modules\compras\repositories\cotizaciones-compra.repository.ts"
"cotizacion_compra_detalles","filter","tenant_id","apps\erp-api\src\modules\compras\repositories\cotizaciones-compra.repository.ts"
"cotizacion_compra_detalles","update","orden_compra_id","apps\erp-api\src\modules\compras\repositories\cotizaciones-compra.repository.ts"
"cotizacion_compra_detalles","update","updated_at","apps\erp-api\src\modules\compras\repositories\cotizaciones-compra.repository.ts"
"cotizacion_compra_detalles","filter","cotizacion_id","apps\erp-api\src\modules\compras\repositories\cotizaciones-compra.repository.ts"
"cotizacion_compra_detalles","filter","id","apps\erp-api\src\modules\compras\repositories\cotizaciones-compra.repository.ts"
"cotizacion_compra_detalles","filter","tenant_id","apps\erp-api\src\modules\compras\repositories\cotizaciones-compra.repository.ts"
"clientes","select","id","apps\erp-api\src\modules\documentos.service.ts"
"clientes","select","documento_tipo","apps\erp-api\src\modules\documentos.service.ts"
"clientes","select","numero_documento","apps\erp-api\src\modules\documentos.service.ts"
"clientes","select","razon_social","apps\erp-api\src\modules\documentos.service.ts"
"clientes","select","direccion","apps\erp-api\src\modules\documentos.service.ts"
"clientes","select","email","apps\erp-api\src\modules\documentos.service.ts"
"clientes","filter","tenant_id","apps\erp-api\src\modules\documentos.service.ts"
"clientes","filter","id","apps\erp-api\src\modules\documentos.service.ts"
"clientes","filter","tenant_id","apps\erp-api\src\modules\documentos.service.ts"
"documentos","select","id","apps\erp-api\src\modules\documentos.service.ts"
"documentos","filter","tenant_id","apps\erp-api\src\modules\documentos.service.ts"
"documentos","filter","tenant_id","apps\erp-api\src\modules\documentos.service.ts"
"documentos","filter","estado","apps\erp-api\src\modules\documentos.service.ts"
"documentos","filter","tenant_id","apps\erp-api\src\modules\documentos.service.ts"
"documentos","filter","tipo_documento","apps\erp-api\src\modules\documentos.service.ts"
"documentos","filter","tenant_id","apps\erp-api\src\modules\documentos.service.ts"
"documentos","filter","created_at","apps\erp-api\src\modules\documentos.service.ts"
"documentos","filter","tenant_id","apps\erp-api\src\modules\documentos.service.ts"
"documentos","filter","tipo_documento","apps\erp-api\src\modules\documentos.service.ts"
"documentos","filter","estado","apps\erp-api\src\modules\documentos.service.ts"
"documentos","filter","fecha_emision","apps\erp-api\src\modules\documentos.service.ts"
"documentos","filter","fecha_emision","apps\erp-api\src\modules\documentos.service.ts"
"documentos","filter","id","apps\erp-api\src\modules\documentos.service.ts"
"documentos","filter","tenant_id","apps\erp-api\src\modules\documentos.service.ts"
"documentos","update","xml_content","apps\erp-api\src\modules\documentos.service.ts"
"documentos","update","codigo_hash","apps\erp-api\src\modules\documentos.service.ts"
"documentos","update","estado","apps\erp-api\src\modules\documentos.service.ts"
"documentos","update","updated_at","apps\erp-api\src\modules\documentos.service.ts"
"documentos","filter","id","apps\erp-api\src\modules\documentos.service.ts"
"documentos","update","estado","apps\erp-api\src\modules\documentos.service.ts"
"documentos","update","estado_sunat","apps\erp-api\src\modules\documentos.service.ts"
"documentos","update","cdr_content","apps\erp-api\src\modules\documentos.service.ts"
"documentos","update","updated_at","apps\erp-api\src\modules\documentos.service.ts"
"documentos","filter","id","apps\erp-api\src\modules\documentos.service.ts"
"documentos","update","updated_at","apps\erp-api\src\modules\documentos.service.ts"
"documentos","filter","id","apps\erp-api\src\modules\documentos.service.ts"
"documentos","update","estado","apps\erp-api\src\modules\documentos.service.ts"
"documentos","update","motivo_anulacion","apps\erp-api\src\modules\documentos.service.ts"
"documentos","update","updated_at","apps\erp-api\src\modules\documentos.service.ts"
"documentos","filter","id","apps\erp-api\src\modules\documentos.service.ts"
"documento_series","select","id","apps\erp-api\src\modules\documentos.service.ts"
"documento_series","select","serie","apps\erp-api\src\modules\documentos.service.ts"
"documento_series","select","tipo_documento","apps\erp-api\src\modules\documentos.service.ts"
"documento_series","select","correlativo_actual","apps\erp-api\src\modules\documentos.service.ts"
"documento_series","select","correlativo_maximo","apps\erp-api\src\modules\documentos.service.ts"
"documento_series","filter","tenant_id","apps\erp-api\src\modules\documentos.service.ts"
"documento_series","filter","tipo_documento","apps\erp-api\src\modules\documentos.service.ts"
"documento_series","filter","activo","apps\erp-api\src\modules\documentos.service.ts"
"documento_series","filter","updated_at","apps\erp-api\src\modules\documentos.service.ts"
"documento_series","select","correlativo_actual","apps\erp-api\src\modules\documentos.service.ts"
"documento_series","upsert","tenant_id","apps\erp-api\src\modules\documentos.service.ts"
"documento_series","upsert","tipo_documento","apps\erp-api\src\modules\documentos.service.ts"
"documento_series","upsert","serie","apps\erp-api\src\modules\documentos.service.ts"
"documento_series","upsert","correlativo_actual","apps\erp-api\src\modules\documentos.service.ts"
"documento_series","upsert","activo","apps\erp-api\src\modules\documentos.service.ts"
"documento_series","upsert","onConflict","apps\erp-api\src\modules\documentos.service.ts"
"documento_series","filter","tipo_documento","apps\erp-api\src\modules\documentos.service.ts"
"documento_series","filter","serie","apps\erp-api\src\modules\documentos.service.ts"
"documento_series","filter","tenant_id","apps\erp-api\src\modules\documentos.service.ts"
"documento_series","upsert","tenant_id","apps\erp-api\src\modules\documentos.service.ts"
"documento_series","upsert","tipo_documento","apps\erp-api\src\modules\documentos.service.ts"
"documento_series","upsert","serie","apps\erp-api\src\modules\documentos.service.ts"
"documento_series","upsert","correlativo_actual","apps\erp-api\src\modules\documentos.service.ts"
"documento_series","upsert","activo","apps\erp-api\src\modules\documentos.service.ts"
"documento_series","upsert","onConflict","apps\erp-api\src\modules\documentos.service.ts"
"documento_series","filter","tenant_id","apps\erp-api\src\modules\documentos.service.ts"
"documento_series","filter","activo","apps\erp-api\src\modules\documentos.service.ts"
"documento_series","filter","tenant_id","apps\erp-api\src\modules\documentos.service.ts"
"proveedores","select","id","apps\erp-api\src\modules\finanzas\cxp\cxp.service.ts"
"proveedores","select","razon_social","apps\erp-api\src\modules\finanzas\cxp\cxp.service.ts"
"proveedores","filter","tenant_id","apps\erp-api\src\modules\finanzas\cxp\cxp.service.ts"
"proveedores","filter","id","apps\erp-api\src\modules\finanzas\cxp\cxp.service.ts"
"proveedores","filter","tenant_id","apps\erp-api\src\modules\finanzas\cxp\cxp.service.ts"
"proveedores","filter","proveedor_id","apps\erp-api\src\modules\finanzas\cxp\cxp.service.ts"
"proveedores","filter","numero_documento","apps\erp-api\src\modules\finanzas\cxp\cxp.service.ts"
"cuentas_por_pagar","select","id","apps\erp-api\src\modules\finanzas\cxp\cxp.service.ts"
"cuentas_por_pagar","select","estado","apps\erp-api\src\modules\finanzas\cxp\cxp.service.ts"
"cuentas_por_pagar","select","saldo","apps\erp-api\src\modules\finanzas\cxp\cxp.service.ts"
"cuentas_por_pagar","select","total","apps\erp-api\src\modules\finanzas\cxp\cxp.service.ts"
"cuentas_por_pagar","select","subtotal","apps\erp-api\src\modules\finanzas\cxp\cxp.service.ts"
"cuentas_por_pagar","select","igv","apps\erp-api\src\modules\finanzas\cxp\cxp.service.ts"
"cuentas_por_pagar","select","moneda","apps\erp-api\src\modules\finanzas\cxp\cxp.service.ts"
"cuentas_por_pagar","select","referencia_id","apps\erp-api\src\modules\finanzas\cxp\cxp.service.ts"
"cuentas_por_pagar","select","observaciones","apps\erp-api\src\modules\finanzas\cxp\cxp.service.ts"
"cuentas_por_pagar","filter","tenant_id","apps\erp-api\src\modules\finanzas\cxp\cxp.service.ts"
"cuentas_por_pagar","filter","referencia_tipo","apps\erp-api\src\modules\finanzas\cxp\cxp.service.ts"
"cuentas_por_pagar","filter","referencia_id","apps\erp-api\src\modules\finanzas\cxp\cxp.service.ts"
"cuentas_por_pagar","update","subtotal","apps\erp-api\src\modules\finanzas\cxp\cxp.service.ts"
"cuentas_por_pagar","update","igv","apps\erp-api\src\modules\finanzas\cxp\cxp.service.ts"
"cuentas_por_pagar","update","total","apps\erp-api\src\modules\finanzas\cxp\cxp.service.ts"
"cuentas_por_pagar","update","saldo","apps\erp-api\src\modules\finanzas\cxp\cxp.service.ts"
"cuentas_por_pagar","update","updated_at","apps\erp-api\src\modules\finanzas\cxp\cxp.service.ts"
"cuentas_por_pagar","update","observaciones","apps\erp-api\src\modules\finanzas\cxp\cxp.service.ts"
"cuentas_por_pagar","select","id","apps\erp-api\src\modules\finanzas\cxp\cxp.service.ts"
"cuentas_por_pagar","filter","tenant_id","apps\erp-api\src\modules\finanzas\cxp\cxp.service.ts"
"cuentas_por_pagar","filter","proveedor_id","apps\erp-api\src\modules\finanzas\cxp\cxp.service.ts"
"cuentas_por_pagar","filter","numero_documento","apps\erp-api\src\modules\finanzas\cxp\cxp.service.ts"
"cuentas_por_pagar","filter","tenant_id","apps\erp-api\src\modules\finanzas\cxp\cxp.service.ts"
"cuentas_por_pagar","filter","id","apps\erp-api\src\modules\finanzas\cxp\cxp.service.ts"
"cuentas_por_pagar","filter","tenant_id","apps\erp-api\src\modules\finanzas\cxp\cxp.service.ts"
"cuentas_por_pagar","filter","fecha_emision","apps\erp-api\src\modules\finanzas\cxp\cxp.service.ts"
"cuentas_por_pagar","filter","estado","apps\erp-api\src\modules\finanzas\cxp\cxp.service.ts"
"cuentas_por_pagar","select","id","apps\erp-api\src\modules\finanzas\cxp\cxp.service.ts"
"cuentas_por_pagar","select","estado","apps\erp-api\src\modules\finanzas\cxp\cxp.service.ts"
"cuentas_por_pagar","select","proveedor_id","apps\erp-api\src\modules\finanzas\cxp\cxp.service.ts"
"cuentas_por_pagar","select","numero_documento","apps\erp-api\src\modules\finanzas\cxp\cxp.service.ts"
"cuentas_por_pagar","select","saldo","apps\erp-api\src\modules\finanzas\cxp\cxp.service.ts"
"cuentas_por_pagar","select","total","apps\erp-api\src\modules\finanzas\cxp\cxp.service.ts"
"cuentas_por_pagar","filter","tenant_id","apps\erp-api\src\modules\finanzas\cxp\cxp.service.ts"
"cuentas_por_pagar","filter","id","apps\erp-api\src\modules\finanzas\cxp\cxp.service.ts"
"cuentas_por_pagar","select","id","apps\erp-api\src\modules\finanzas\cxp\cxp.service.ts"
"cuentas_por_pagar","filter","tenant_id","apps\erp-api\src\modules\finanzas\cxp\cxp.service.ts"
"cuentas_por_pagar","filter","proveedor_id","apps\erp-api\src\modules\finanzas\cxp\cxp.service.ts"
"cuentas_por_pagar","filter","numero_documento","apps\erp-api\src\modules\finanzas\cxp\cxp.service.ts"
"cuentas_por_pagar","filter","id","apps\erp-api\src\modules\finanzas\cxp\cxp.service.ts"
"cuentas_por_pagar","filter","tenant_id","apps\erp-api\src\modules\finanzas\cxp\cxp.service.ts"
"cuentas_por_pagar","filter","id","apps\erp-api\src\modules\finanzas\cxp\cxp.service.ts"
"cuentas_por_pagar","filter","tenant_id","apps\erp-api\src\modules\finanzas\cxp\cxp.service.ts"
"cuentas_por_pagar","filter","id","apps\erp-api\src\modules\finanzas\cxp\cxp.service.ts"
"cuentas_por_pagar","update","saldo","apps\erp-api\src\modules\finanzas\cxp\cxp.service.ts"
"cuentas_por_pagar","update","estado","apps\erp-api\src\modules\finanzas\cxp\cxp.service.ts"
"cuentas_por_pagar","update","ultimo_pago","apps\erp-api\src\modules\finanzas\cxp\cxp.service.ts"
"cuentas_por_pagar","update","updated_at","apps\erp-api\src\modules\finanzas\cxp\cxp.service.ts"
"cuentas_por_pagar","filter","tenant_id","apps\erp-api\src\modules\finanzas\cxp\cxp.service.ts"
"cuentas_por_pagar","filter","id","apps\erp-api\src\modules\finanzas\cxp\cxp.service.ts"
"cuentas_por_pagar","select","id","apps\erp-api\src\modules\finanzas\cxp\cxp.service.ts"
"cuentas_por_pagar","select","estado","apps\erp-api\src\modules\finanzas\cxp\cxp.service.ts"
"cuentas_por_pagar","select","saldo","apps\erp-api\src\modules\finanzas\cxp\cxp.service.ts"
"cuentas_por_pagar","select","total","apps\erp-api\src\modules\finanzas\cxp\cxp.service.ts"
"cuentas_por_pagar","select","proveedor_id","apps\erp-api\src\modules\finanzas\cxp\cxp.service.ts"
"cuentas_por_pagar","select","numero_documento","apps\erp-api\src\modules\finanzas\cxp\cxp.service.ts"
"cuentas_por_pagar","select","tenant_id","apps\erp-api\src\modules\finanzas\cxp\cxp.service.ts"
"cuentas_por_pagar","filter","tenant_id","apps\erp-api\src\modules\finanzas\cxp\cxp.service.ts"
"cuentas_por_pagar","filter","id","apps\erp-api\src\modules\finanzas\cxp\cxp.service.ts"
"cuentas_por_pagar","update","estado","apps\erp-api\src\modules\finanzas\cxp\cxp.service.ts"
"cuentas_por_pagar","update","anulado_at","apps\erp-api\src\modules\finanzas\cxp\cxp.service.ts"
"cuentas_por_pagar","update","anulado_by","apps\erp-api\src\modules\finanzas\cxp\cxp.service.ts"
"cuentas_por_pagar","update","observaciones","apps\erp-api\src\modules\finanzas\cxp\cxp.service.ts"
"cuentas_por_pagar","update","ANULADA","apps\erp-api\src\modules\finanzas\cxp\cxp.service.ts"
"cuentas_por_pagar","update","ANULADA","apps\erp-api\src\modules\finanzas\cxp\cxp.service.ts"
"cuentas_por_pagar","update","updated_at","apps\erp-api\src\modules\finanzas\cxp\cxp.service.ts"
"cuentas_por_pagar","filter","tenant_id","apps\erp-api\src\modules\finanzas\cxp\cxp.service.ts"
"cuentas_por_pagar","filter","id","apps\erp-api\src\modules\finanzas\cxp\cxp.service.ts"
"cuentas_por_pagar","filter","tenant_id","apps\erp-api\src\modules\finanzas\cxp\cxp.service.ts"
"cuentas_por_pagar","filter","estado","apps\erp-api\src\modules\finanzas\cxp\cxp.service.ts"
"cuentas_por_pagar","filter","proveedor_id","apps\erp-api\src\modules\finanzas\cxp\cxp.service.ts"
"cuentas_por_pagar","filter","tenant_id","apps\erp-api\src\modules\finanzas\cxp\cxp.service.ts"
"cuentas_por_pagar","filter","estado","apps\erp-api\src\modules\finanzas\cxp\cxp.service.ts"
"cuentas_por_pagar","select","id","apps\erp-api\src\modules\finanzas\cxp\cxp.service.ts"
"cuentas_por_pagar","select","numero_documento","apps\erp-api\src\modules\finanzas\cxp\cxp.service.ts"
"cuentas_por_pagar","filter","tenant_id","apps\erp-api\src\modules\finanzas\cxp\cxp.service.ts"
"cuentas_por_pagar","filter","id","apps\erp-api\src\modules\finanzas\cxp\cxp.service.ts"
"cuentas_por_pagar","filter","tenant_id","apps\erp-api\src\modules\finanzas\cxp\cxp.service.ts"
"cuentas_por_pagar","filter","estado","apps\erp-api\src\modules\finanzas\cxp\cxp.service.ts"
"cuentas_bancarias","select","id","apps\erp-api\src\modules\finanzas\cxp\cxp.service.ts"
"cuentas_bancarias","select","nombre","apps\erp-api\src\modules\finanzas\cxp\cxp.service.ts"
"cuentas_bancarias","select","saldo","apps\erp-api\src\modules\finanzas\cxp\cxp.service.ts"
"cuentas_bancarias","select","moneda","apps\erp-api\src\modules\finanzas\cxp\cxp.service.ts"
"cuentas_bancarias","select","permite_sobregiro","apps\erp-api\src\modules\finanzas\cxp\cxp.service.ts"
"cuentas_bancarias","select","activa","apps\erp-api\src\modules\finanzas\cxp\cxp.service.ts"
"cuentas_bancarias","filter","tenant_id","apps\erp-api\src\modules\finanzas\cxp\cxp.service.ts"
"cuentas_bancarias","filter","id","apps\erp-api\src\modules\finanzas\cxp\cxp.service.ts"
"movimientos_bancarios","filter","tenant_id","apps\erp-api\src\modules\finanzas\cxp\cxp.service.ts"
"movimientos_bancarios","filter","cxp_id","apps\erp-api\src\modules\finanzas\cxp\cxp.service.ts"
"movimientos_bancarios","filter","tipo","apps\erp-api\src\modules\finanzas\cxp\cxp.service.ts"
"movimientos_bancarios","filter","fecha","apps\erp-api\src\modules\finanzas\cxp\cxp.service.ts"
"movimientos_bancarios","filter","created_at","apps\erp-api\src\modules\finanzas\cxp\cxp.service.ts"
"productos","select","id","apps\erp-api\src\shared\integration\inventory-integration.service.ts"
"productos","select","codigo","apps\erp-api\src\shared\integration\inventory-integration.service.ts"
"productos","select","nombre","apps\erp-api\src\shared\integration\inventory-integration.service.ts"
"productos","select","precio","apps\erp-api\src\shared\integration\inventory-integration.service.ts"
"productos","select","stock_actual","apps\erp-api\src\shared\integration\inventory-integration.service.ts"
"productos","select","categoria","apps\erp-api\src\shared\integration\inventory-integration.service.ts"
"productos","select","activo","apps\erp-api\src\shared\integration\inventory-integration.service.ts"
"productos","select","tenant_id","apps\erp-api\src\shared\integration\inventory-integration.service.ts"
"productos","filter","tenant_id","apps\erp-api\src\shared\integration\inventory-integration.service.ts"
"productos","filter","id","apps\erp-api\src\shared\integration\inventory-integration.service.ts"
"productos","select","id","apps\erp-api\src\shared\integration\inventory-integration.service.ts"
"productos","select","codigo","apps\erp-api\src\shared\integration\inventory-integration.service.ts"
"productos","select","nombre","apps\erp-api\src\shared\integration\inventory-integration.service.ts"
"productos","select","precio","apps\erp-api\src\shared\integration\inventory-integration.service.ts"
"productos","select","stock_actual","apps\erp-api\src\shared\integration\inventory-integration.service.ts"
"productos","select","categoria","apps\erp-api\src\shared\integration\inventory-integration.service.ts"
"productos","select","activo","apps\erp-api\src\shared\integration\inventory-integration.service.ts"
"productos","select","tenant_id","apps\erp-api\src\shared\integration\inventory-integration.service.ts"
"productos","filter","tenant_id","apps\erp-api\src\shared\integration\inventory-integration.service.ts"
"productos","filter","codigo","apps\erp-api\src\shared\integration\inventory-integration.service.ts"
"productos","select","id","apps\erp-api\src\shared\integration\inventory-integration.service.ts"
"productos","select","codigo","apps\erp-api\src\shared\integration\inventory-integration.service.ts"
"productos","select","nombre","apps\erp-api\src\shared\integration\inventory-integration.service.ts"
"productos","select","precio","apps\erp-api\src\shared\integration\inventory-integration.service.ts"
"productos","select","stock_actual","apps\erp-api\src\shared\integration\inventory-integration.service.ts"
"productos","select","categoria","apps\erp-api\src\shared\integration\inventory-integration.service.ts"
"productos","select","activo","apps\erp-api\src\shared\integration\inventory-integration.service.ts"
"productos","select","tenant_id","apps\erp-api\src\shared\integration\inventory-integration.service.ts"
"productos","filter","tenant_id","apps\erp-api\src\shared\integration\inventory-integration.service.ts"
"productos","filter","nombre","apps\erp-api\src\shared\integration\inventory-integration.service.ts"
"productos","select","id","apps\erp-api\src\shared\integration\inventory-integration.service.ts"
"productos","select","codigo","apps\erp-api\src\shared\integration\inventory-integration.service.ts"
"productos","select","nombre","apps\erp-api\src\shared\integration\inventory-integration.service.ts"
"productos","select","stock_actual","apps\erp-api\src\shared\integration\inventory-integration.service.ts"
"productos","update","stock_actual","apps\erp-api\src\shared\integration\inventory-integration.service.ts"
"productos","filter","id","apps\erp-api\src\shared\integration\inventory-integration.service.ts"
"productos","filter","id","apps\erp-api\src\shared\integration\inventory-integration.service.ts"
"productos","select","id","apps\erp-api\src\shared\integration\inventory-integration.service.ts"
"productos","select","codigo","apps\erp-api\src\shared\integration\inventory-integration.service.ts"
"productos","select","nombre","apps\erp-api\src\shared\integration\inventory-integration.service.ts"
"productos","select","stock_actual","apps\erp-api\src\shared\integration\inventory-integration.service.ts"
"productos","filter","id","apps\erp-api\src\shared\integration\inventory-integration.service.ts"
"productos","select","codigo","apps\erp-api\src\shared\integration\inventory-integration.service.ts"
"productos","select","nombre","apps\erp-api\src\shared\integration\inventory-integration.service.ts"
"productos","select","stock_actual","apps\erp-api\src\shared\integration\inventory-integration.service.ts"
"productos","select","stock_minimo","apps\erp-api\src\shared\integration\inventory-integration.service.ts"
"productos","select","precio","apps\erp-api\src\shared\integration\inventory-integration.service.ts"
"productos","select","categoria","apps\erp-api\src\shared\integration\inventory-integration.service.ts"
"productos","select","activo","apps\erp-api\src\shared\integration\inventory-integration.service.ts"
"productos","filter","tenant_id","apps\erp-api\src\shared\integration\inventory-integration.service.ts"
"productos","filter","activo","apps\erp-api\src\shared\integration\inventory-integration.service.ts"
"productos","filter","nombre","apps\erp-api\src\shared\integration\inventory-integration.service.ts"
"productos","select","precio","apps\erp-api\src\shared\integration\inventory-integration.service.ts"
"productos","filter","tenant_id","apps\erp-api\src\shared\integration\inventory-integration.service.ts"
"productos","filter","codigo","apps\erp-api\src\shared\integration\inventory-integration.service.ts"
"productos","select","stock_actual","apps\erp-api\src\shared\integration\inventory-integration.service.ts"
"productos","select","nombre","apps\erp-api\src\shared\integration\inventory-integration.service.ts"
"productos","select","codigo","apps\erp-api\src\shared\integration\inventory-integration.service.ts"
"productos","filter","tenant_id","apps\erp-api\src\shared\integration\inventory-integration.service.ts"
"productos","filter","id","apps\erp-api\src\shared\integration\inventory-integration.service.ts"
"productos","select","stock_actual","apps\erp-api\src\shared\integration\inventory-integration.service.ts"
"productos","select","nombre","apps\erp-api\src\shared\integration\inventory-integration.service.ts"
"productos","select","codigo","apps\erp-api\src\shared\integration\inventory-integration.service.ts"
"productos","filter","tenant_id","apps\erp-api\src\shared\integration\inventory-integration.service.ts"
"productos","filter","codigo","apps\erp-api\src\shared\integration\inventory-integration.service.ts"
"stock_movimientos","insert","tenant_id","apps\erp-api\src\shared\integration\inventory-integration.service.ts"
"stock_movimientos","insert","TENANT","apps\erp-api\src\shared\integration\inventory-integration.service.ts"
"stock_movimientos","insert","producto_id","apps\erp-api\src\shared\integration\inventory-integration.service.ts"
"stock_movimientos","insert","tipo_movimiento","apps\erp-api\src\shared\integration\inventory-integration.service.ts"
"stock_movimientos","insert","cantidad","apps\erp-api\src\shared\integration\inventory-integration.service.ts"
"stock_movimientos","insert","motivo","apps\erp-api\src\shared\integration\inventory-integration.service.ts"
"stock_movimientos","insert","referencia","apps\erp-api\src\shared\integration\inventory-integration.service.ts"
"stock_movimientos","insert","usuario_id","apps\erp-api\src\shared\integration\inventory-integration.service.ts"
"stock_movimientos","insert","created_at","apps\erp-api\src\shared\integration\inventory-integration.service.ts"
"stock_movimientos","filter","tenant_id","apps\erp-api\src\shared\integration\inventory-integration.service.ts"
"stock_movimientos","filter","created_at","apps\erp-api\src\shared\integration\inventory-integration.service.ts"
"stock_movimientos","filter","producto_id","apps\erp-api\src\shared\integration\inventory-integration.service.ts"
"stock_movimientos","filter","tipo_movimiento","apps\erp-api\src\shared\integration\inventory-integration.service.ts"
"stock_movimientos","filter","created_at","apps\erp-api\src\shared\integration\inventory-integration.service.ts"
"productos","select","precio","apps\erp-api\src\shared\integration\financial-integration.service.ts"
"productos","select","stock_actual","apps\erp-api\src\shared\integration\financial-integration.service.ts"
"productos","filter","tenant_id","apps\erp-api\src\shared\integration\financial-integration.service.ts"
"cuentas_por_cobrar","select","saldo_pendiente","apps\erp-api\src\shared\integration\financial-integration.service.ts"
"cuentas_por_cobrar","filter","tenant_id","apps\erp-api\src\shared\integration\financial-integration.service.ts"
"cuentas_por_cobrar","filter","estado","apps\erp-api\src\shared\integration\financial-integration.service.ts"
"cuentas_por_cobrar","filter","tenant_id","apps\erp-api\src\shared\integration\financial-integration.service.ts"
"cuentas_por_cobrar","filter","estado","apps\erp-api\src\shared\integration\financial-integration.service.ts"
"cuentas_por_pagar","select","saldo_pendiente","apps\erp-api\src\shared\integration\financial-integration.service.ts"
"cuentas_por_pagar","filter","tenant_id","apps\erp-api\src\shared\integration\financial-integration.service.ts"
"cuentas_por_pagar","filter","estado","apps\erp-api\src\shared\integration\financial-integration.service.ts"
"cuentas_por_pagar","filter","tenant_id","apps\erp-api\src\shared\integration\financial-integration.service.ts"
"cotizaciones","select","id","apps\erp-api\src\shared\integration\dashboard-integration.service.ts"
"cotizaciones","select","total","apps\erp-api\src\shared\integration\dashboard-integration.service.ts"
"cotizaciones","filter","tenant_id","apps\erp-api\src\shared\integration\dashboard-integration.service.ts"
"cotizaciones","filter","fecha_cotizacion","apps\erp-api\src\shared\integration\dashboard-integration.service.ts"
"cotizaciones","filter","fecha_cotizacion","apps\erp-api\src\shared\integration\dashboard-integration.service.ts"
"cotizaciones","filter","tenant_id","apps\erp-api\src\shared\integration\dashboard-integration.service.ts"
"cotizaciones","filter","estado","apps\erp-api\src\shared\integration\dashboard-integration.service.ts"
"cotizaciones","select","id","apps\erp-api\src\shared\integration\dashboard-integration.service.ts"
"cotizaciones","filter","tenant_id","apps\erp-api\src\shared\integration\dashboard-integration.service.ts"
"cotizaciones","filter","estado","apps\erp-api\src\shared\integration\dashboard-integration.service.ts"
"cotizaciones","filter","tenant_id","apps\erp-api\src\shared\integration\dashboard-integration.service.ts"
"cotizaciones","filter","estado","apps\erp-api\src\shared\integration\dashboard-integration.service.ts"
"cotizaciones","filter","tenant_id","apps\erp-api\src\shared\integration\dashboard-integration.service.ts"
"cotizaciones","select","id","apps\erp-api\src\shared\integration\dashboard-integration.service.ts"
"cotizaciones","filter","tenant_id","apps\erp-api\src\shared\integration\dashboard-integration.service.ts"
"cotizaciones","filter","estado","apps\erp-api\src\shared\integration\dashboard-integration.service.ts"
"cotizaciones","filter","tenant_id","apps\erp-api\src\shared\integration\dashboard-integration.service.ts"
"cotizaciones","filter","created_at","apps\erp-api\src\shared\integration\dashboard-integration.service.ts"
"cotizaciones","select","id","apps\erp-api\src\shared\integration\dashboard-integration.service.ts"
"cotizaciones","select","numero","apps\erp-api\src\shared\integration\dashboard-integration.service.ts"
"cotizaciones","select","total","apps\erp-api\src\shared\integration\dashboard-integration.service.ts"
"cotizaciones","select","fecha_cotizacion","apps\erp-api\src\shared\integration\dashboard-integration.service.ts"
"cotizaciones","select","estado","apps\erp-api\src\shared\integration\dashboard-integration.service.ts"
"cotizaciones","select","created_at","apps\erp-api\src\shared\integration\dashboard-integration.service.ts"
"cotizaciones","filter","created_at","apps\erp-api\src\shared\integration\dashboard-integration.service.ts"
"cotizaciones","filter","created_at","apps\erp-api\src\shared\integration\dashboard-integration.service.ts"
"cotizaciones","filter","created_at","apps\erp-api\src\shared\integration\dashboard-integration.service.ts"
"cotizaciones","filter","created_at","apps\erp-api\src\shared\integration\dashboard-integration.service.ts"
"productos","select","id","apps\erp-api\src\shared\integration\dashboard-integration.service.ts"
"productos","select","precio","apps\erp-api\src\shared\integration\dashboard-integration.service.ts"
"productos","select","stock_actual","apps\erp-api\src\shared\integration\dashboard-integration.service.ts"
"productos","select","stock_minimo","apps\erp-api\src\shared\integration\dashboard-integration.service.ts"
"productos","filter","tenant_id","apps\erp-api\src\shared\integration\dashboard-integration.service.ts"
"productos","filter","tenant_id","apps\erp-api\src\shared\integration\dashboard-integration.service.ts"
"productos","filter","stock_actual","apps\erp-api\src\shared\integration\dashboard-integration.service.ts"
"productos","filter","tenant_id","apps\erp-api\src\shared\integration\dashboard-integration.service.ts"
"productos","select","id","apps\erp-api\src\shared\integration\dashboard-integration.service.ts"
"productos","filter","tenant_id","apps\erp-api\src\shared\integration\dashboard-integration.service.ts"
"productos","filter","stock_actual","apps\erp-api\src\shared\integration\dashboard-integration.service.ts"
"productos","filter","tenant_id","apps\erp-api\src\shared\integration\dashboard-integration.service.ts"
"productos","filter","created_at","apps\erp-api\src\shared\integration\dashboard-integration.service.ts"
"ordenes_compra","select","total","apps\erp-api\src\shared\integration\dashboard-integration.service.ts"
"ordenes_compra","filter","tenant_id","apps\erp-api\src\shared\integration\dashboard-integration.service.ts"
"ordenes_compra","filter","fecha_orden","apps\erp-api\src\shared\integration\dashboard-integration.service.ts"
"ordenes_compra","filter","fecha_orden","apps\erp-api\src\shared\integration\dashboard-integration.service.ts"
"ordenes_compra","filter","tenant_id","apps\erp-api\src\shared\integration\dashboard-integration.service.ts"
"ordenes_compra","filter","estado","apps\erp-api\src\shared\integration\dashboard-integration.service.ts"
"ordenes_compra","select","id","apps\erp-api\src\shared\integration\dashboard-integration.service.ts"
"ordenes_compra","filter","tenant_id","apps\erp-api\src\shared\integration\dashboard-integration.service.ts"
"ordenes_compra","filter","estado","apps\erp-api\src\shared\integration\dashboard-integration.service.ts"
"ordenes_compra","filter","tenant_id","apps\erp-api\src\shared\integration\dashboard-integration.service.ts"
"ordenes_compra","filter","tenant_id","apps\erp-api\src\shared\integration\dashboard-integration.service.ts"
"ordenes_compra","select","id","apps\erp-api\src\shared\integration\dashboard-integration.service.ts"
"ordenes_compra","select","numero","apps\erp-api\src\shared\integration\dashboard-integration.service.ts"
"ordenes_compra","select","total","apps\erp-api\src\shared\integration\dashboard-integration.service.ts"
"ordenes_compra","select","fecha_orden","apps\erp-api\src\shared\integration\dashboard-integration.service.ts"
"ordenes_compra","select","estado","apps\erp-api\src\shared\integration\dashboard-integration.service.ts"
"ordenes_compra","select","created_at","apps\erp-api\src\shared\integration\dashboard-integration.service.ts"
"ordenes_compra","filter","created_at","apps\erp-api\src\shared\integration\dashboard-integration.service.ts"
"ordenes_compra","filter","created_at","apps\erp-api\src\shared\integration\dashboard-integration.service.ts"
"ordenes_compra","filter","created_at","apps\erp-api\src\shared\integration\dashboard-integration.service.ts"
"ordenes_compra","filter","created_at","apps\erp-api\src\shared\integration\dashboard-integration.service.ts"
"cpe","select","id","apps\erp-api\src\shared\integration\dashboard-integration.service.ts"
"cpe","filter","tenant_id","apps\erp-api\src\shared\integration\dashboard-integration.service.ts"
"cpe","filter","fecha_emision","apps\erp-api\src\shared\integration\dashboard-integration.service.ts"
"cpe","filter","fecha_emision","apps\erp-api\src\shared\integration\dashboard-integration.service.ts"
"cpe","filter","tenant_id","apps\erp-api\src\shared\integration\dashboard-integration.service.ts"
"cpe","filter","fecha_emision","apps\erp-api\src\shared\integration\dashboard-integration.service.ts"
"cpe","filter","fecha_emision","apps\erp-api\src\shared\integration\dashboard-integration.service.ts"
"cpe","select","id","apps\erp-api\src\shared\integration\dashboard-integration.service.ts"
"cpe","select","numero_comprobante","apps\erp-api\src\shared\integration\dashboard-integration.service.ts"
"cpe","select","total","apps\erp-api\src\shared\integration\dashboard-integration.service.ts"
"cpe","select","fecha_emision","apps\erp-api\src\shared\integration\dashboard-integration.service.ts"
"cpe","select","estado_sunat","apps\erp-api\src\shared\integration\dashboard-integration.service.ts"
"cpe","select","created_at","apps\erp-api\src\shared\integration\dashboard-integration.service.ts"
"cpe","filter","created_at","apps\erp-api\src\shared\integration\dashboard-integration.service.ts"
"cpe","filter","created_at","apps\erp-api\src\shared\integration\dashboard-integration.service.ts"
"cpe","filter","created_at","apps\erp-api\src\shared\integration\dashboard-integration.service.ts"
"cpe","filter","created_at","apps\erp-api\src\shared\integration\dashboard-integration.service.ts"
"gre","select","id","apps\erp-api\src\shared\integration\dashboard-integration.service.ts"
"gre","filter","tenant_id","apps\erp-api\src\shared\integration\dashboard-integration.service.ts"
"gre","filter","fecha_emision","apps\erp-api\src\shared\integration\dashboard-integration.service.ts"
"gre","filter","fecha_emision","apps\erp-api\src\shared\integration\dashboard-integration.service.ts"
"gre","filter","tenant_id","apps\erp-api\src\shared\integration\dashboard-integration.service.ts"
"gre","filter","created_at","apps\erp-api\src\shared\integration\dashboard-integration.service.ts"
"gre","filter","created_at","apps\erp-api\src\shared\integration\dashboard-integration.service.ts"
"gre","select","id","apps\erp-api\src\shared\integration\dashboard-integration.service.ts"
"gre","select","numero","apps\erp-api\src\shared\integration\dashboard-integration.service.ts"
"gre","select","fecha_emision","apps\erp-api\src\shared\integration\dashboard-integration.service.ts"
"gre","select","estado","apps\erp-api\src\shared\integration\dashboard-integration.service.ts"
"gre","select","created_at","apps\erp-api\src\shared\integration\dashboard-integration.service.ts"
"gre","filter","created_at","apps\erp-api\src\shared\integration\dashboard-integration.service.ts"
"gre","filter","created_at","apps\erp-api\src\shared\integration\dashboard-integration.service.ts"
"sire_files","select","id","apps\erp-api\src\shared\integration\dashboard-integration.service.ts"
"sire_files","filter","tenant_id","apps\erp-api\src\shared\integration\dashboard-integration.service.ts"
"sire_files","filter","created_at","apps\erp-api\src\shared\integration\dashboard-integration.service.ts"
"sire_files","filter","created_at","apps\erp-api\src\shared\integration\dashboard-integration.service.ts"
"sire_files","filter","tenant_id","apps\erp-api\src\shared\integration\dashboard-integration.service.ts"
"sire_files","filter","fecha_cotizacion","apps\erp-api\src\shared\integration\dashboard-integration.service.ts"
"sire_files","filter","fecha_cotizacion","apps\erp-api\src\shared\integration\dashboard-integration.service.ts"
"ventas_pos","select","total","apps\erp-api\src\shared\integration\dashboard-integration.service.ts"
"ventas_pos","filter","tenant_id","apps\erp-api\src\shared\integration\dashboard-integration.service.ts"
"ventas_pos","filter","fecha","apps\erp-api\src\shared\integration\dashboard-integration.service.ts"
"ventas_pos","filter","fecha","apps\erp-api\src\shared\integration\dashboard-integration.service.ts"
"ventas_pos","filter","tenant_id","apps\erp-api\src\shared\integration\dashboard-integration.service.ts"
"ventas_pos","filter","fecha","apps\erp-api\src\shared\integration\dashboard-integration.service.ts"
"ventas_pos","filter","fecha","apps\erp-api\src\shared\integration\dashboard-integration.service.ts"
"ventas_pos","select","total","apps\erp-api\src\shared\integration\dashboard-integration.service.ts"
"ventas_pos","filter","tenant_id","apps\erp-api\src\shared\integration\dashboard-integration.service.ts"
"ventas_pos","filter","fecha","apps\erp-api\src\shared\integration\dashboard-integration.service.ts"
"ventas_pos","filter","fecha","apps\erp-api\src\shared\integration\dashboard-integration.service.ts"
"ventas_pos","filter","tenant_id","apps\erp-api\src\shared\integration\dashboard-integration.service.ts"
"ventas_pos","filter","fecha","apps\erp-api\src\shared\integration\dashboard-integration.service.ts"
"ventas_pos","filter","fecha","apps\erp-api\src\shared\integration\dashboard-integration.service.ts"
"ventas_pos","select","total","apps\erp-api\src\shared\integration\dashboard-integration.service.ts"
"ventas_pos","filter","tenant_id","apps\erp-api\src\shared\integration\dashboard-integration.service.ts"
"ventas_pos","filter","fecha","apps\erp-api\src\shared\integration\dashboard-integration.service.ts"
"ventas_pos","filter","fecha","apps\erp-api\src\shared\integration\dashboard-integration.service.ts"
"ventas_pos","filter","tenant_id","apps\erp-api\src\shared\integration\dashboard-integration.service.ts"
"ventas_pos","filter","fecha_orden","apps\erp-api\src\shared\integration\dashboard-integration.service.ts"
"ventas_pos","filter","fecha_orden","apps\erp-api\src\shared\integration\dashboard-integration.service.ts"
"ventas_pos","select","id","apps\erp-api\src\shared\integration\dashboard-integration.service.ts"
"ventas_pos","select","numero_ticket","apps\erp-api\src\shared\integration\dashboard-integration.service.ts"
"ventas_pos","select","total","apps\erp-api\src\shared\integration\dashboard-integration.service.ts"
"ventas_pos","select","fecha","apps\erp-api\src\shared\integration\dashboard-integration.service.ts"
"ventas_pos","select","estado","apps\erp-api\src\shared\integration\dashboard-integration.service.ts"
"ventas_pos","select","created_at","apps\erp-api\src\shared\integration\dashboard-integration.service.ts"
"ventas_pos","filter","created_at","apps\erp-api\src\shared\integration\dashboard-integration.service.ts"
"ventas_pos","filter","created_at","apps\erp-api\src\shared\integration\dashboard-integration.service.ts"
"ventas_pos","filter","created_at","apps\erp-api\src\shared\integration\dashboard-integration.service.ts"
"ventas_pos","filter","created_at","apps\erp-api\src\shared\integration\dashboard-integration.service.ts"
"asientos_contables","filter","estado","apps\erp-api\src\shared\integration\accounting-reports.service.ts"
"asientos_contables","filter","fecha","apps\erp-api\src\shared\integration\accounting-reports.service.ts"
"asientos_contables","filter","fecha","apps\erp-api\src\shared\integration\accounting-reports.service.ts"
"asientos_contables","filter","fecha","apps\erp-api\src\shared\integration\accounting-reports.service.ts"
"detalle_asientos","filter","fecha","apps\erp-api\src\shared\integration\accounting-reports.service.ts"
"detalle_asientos","filter","codigo","apps\erp-api\src\shared\integration\accounting-reports.service.ts"
"detalle_asientos","filter","fecha","apps\erp-api\src\shared\integration\accounting-reports.service.ts"
"planillas","filter","estado","apps\erp-api\src\shared\integration\accounting-reports.service.ts"
"planillas","filter","periodo","apps\erp-api\src\shared\integration\accounting-reports.service.ts"
"planillas","filter","periodo","apps\erp-api\src\shared\integration\accounting-reports.service.ts"
"planillas","filter","periodo","apps\erp-api\src\shared\integration\accounting-reports.service.ts"
"productos","select","precio_compra","apps\erp-api\src\shared\integration\accounting-entries.service.ts"
"productos","filter","id","apps\erp-api\src\shared\integration\accounting-entries.service.ts"
"asientos_contables","select","id","apps\erp-api\src\shared\integration\accounting-entries.service.ts"
"asientos_contables","filter","tenant_id","apps\erp-api\src\shared\integration\accounting-entries.service.ts"
"asientos_contables","filter","source_event_id","apps\erp-api\src\shared\integration\accounting-entries.service.ts"
"asientos_contables","select","numero_asiento","apps\erp-api\src\shared\integration\accounting-entries.service.ts"
"asientos_contables","filter","tenant_id","apps\erp-api\src\shared\integration\accounting-entries.service.ts"
"asientos_contables","filter","numero_asiento","apps\erp-api\src\shared\integration\accounting-entries.service.ts"
"asientos_contables","select","id","apps\erp-api\src\shared\integration\accounting-entries.service.ts"
"asientos_contables","insert","tenant_id","apps\erp-api\src\shared\integration\accounting-entries.service.ts"
"asientos_contables","insert","HARDENING","apps\erp-api\src\shared\integration\accounting-entries.service.ts"
"asientos_contables","insert","numero_asiento","apps\erp-api\src\shared\integration\accounting-entries.service.ts"
"asientos_contables","insert","fecha","apps\erp-api\src\shared\integration\accounting-entries.service.ts"
"asientos_contables","insert","concepto","apps\erp-api\src\shared\integration\accounting-entries.service.ts"
"asientos_contables","insert","referencia","apps\erp-api\src\shared\integration\accounting-entries.service.ts"
"asientos_contables","insert","total_debe","apps\erp-api\src\shared\integration\accounting-entries.service.ts"
"asientos_contables","insert","total_haber","apps\erp-api\src\shared\integration\accounting-entries.service.ts"
"asientos_contables","insert","estado","apps\erp-api\src\shared\integration\accounting-entries.service.ts"
"asientos_contables","insert","source_event_id","apps\erp-api\src\shared\integration\accounting-entries.service.ts"
"asientos_contables","select","id","apps\erp-api\src\shared\integration\accounting-entries.service.ts"
"asientos_contables","insert","tenant_id","apps\erp-api\src\shared\integration\accounting-entries.service.ts"
"asientos_contables","insert","numero_asiento","apps\erp-api\src\shared\integration\accounting-entries.service.ts"
"asientos_contables","insert","fecha","apps\erp-api\src\shared\integration\accounting-entries.service.ts"
"asientos_contables","insert","concepto","apps\erp-api\src\shared\integration\accounting-entries.service.ts"
"asientos_contables","insert","ultimoConceptoFinal","apps\erp-api\src\shared\integration\accounting-entries.service.ts"
"asientos_contables","insert","referencia","apps\erp-api\src\shared\integration\accounting-entries.service.ts"
"asientos_contables","insert","total_debe","apps\erp-api\src\shared\integration\accounting-entries.service.ts"
"asientos_contables","insert","total_haber","apps\erp-api\src\shared\integration\accounting-entries.service.ts"
"asientos_contables","insert","estado","apps\erp-api\src\shared\integration\accounting-entries.service.ts"
"asientos_contables","insert","source_event_id","apps\erp-api\src\shared\integration\accounting-entries.service.ts"
"asientos_contables","filter","tenant_id","apps\erp-api\src\shared\integration\accounting-entries.service.ts"
"asientos_contables","filter","fecha","apps\erp-api\src\shared\integration\accounting-entries.service.ts"
"asientos_contables","filter","numero_asiento","apps\erp-api\src\shared\integration\accounting-entries.service.ts"
"asientos_contables","filter","fecha","apps\erp-api\src\shared\integration\accounting-entries.service.ts"
"asientos_contables","filter","fecha","apps\erp-api\src\shared\integration\accounting-entries.service.ts"
"asientos_contables","filter","estado","apps\erp-api\src\shared\integration\accounting-entries.service.ts"
"plan_cuentas","select","id","apps\erp-api\src\shared\integration\accounting-entries.service.ts"
"plan_cuentas","select","codigo","apps\erp-api\src\shared\integration\accounting-entries.service.ts"
"plan_cuentas","select","nombre","apps\erp-api\src\shared\integration\accounting-entries.service.ts"
"plan_cuentas","filter","acepta_movimiento","apps\erp-api\src\shared\integration\accounting-entries.service.ts"
"plan_cuentas","filter","tenant_id","apps\erp-api\src\shared\integration\accounting-entries.service.ts"
"plan_cuentas","select","id","apps\erp-api\src\shared\integration\accounting-entries.service.ts"
"plan_cuentas","select","acepta_movimiento","apps\erp-api\src\shared\integration\accounting-entries.service.ts"
"plan_cuentas","filter","codigo","apps\erp-api\src\shared\integration\accounting-entries.service.ts"
"plan_cuentas","filter","acepta_movimiento","apps\erp-api\src\shared\integration\accounting-entries.service.ts"
"plan_cuentas","filter","tenant_id","apps\erp-api\src\shared\integration\accounting-entries.service.ts"
"plan_cuentas","filter","tenant_id","apps\erp-api\src\shared\integration\accounting-entries.service.ts"
"plan_cuentas","filter","codigo","apps\erp-api\src\shared\integration\accounting-entries.service.ts"
"asientos_contables","filter","tenant_id","apps\erp-api\src\shared\integration\accounting-books.service.ts"
"asientos_contables","filter","fecha","apps\erp-api\src\shared\integration\accounting-books.service.ts"
"asientos_contables","filter","numero_asiento","apps\erp-api\src\shared\integration\accounting-books.service.ts"
"asientos_contables","filter","fecha","apps\erp-api\src\shared\integration\accounting-books.service.ts"
"asientos_contables","filter","fecha","apps\erp-api\src\shared\integration\accounting-books.service.ts"
"asientos_contables","filter","numero_asiento","apps\erp-api\src\shared\integration\accounting-books.service.ts"
"asientos_contables","filter","estado","apps\erp-api\src\shared\integration\accounting-books.service.ts"
"asientos_contables","filter","estado","apps\erp-api\src\shared\integration\accounting-books.service.ts"
"asientos_contables","filter","tenant_id","apps\erp-api\src\shared\integration\accounting-books.service.ts"
"asientos_contables","filter","fecha","apps\erp-api\src\shared\integration\accounting-books.service.ts"
"asientos_contables","filter","numero_asiento","apps\erp-api\src\shared\integration\accounting-books.service.ts"
"asientos_contables","filter","fecha","apps\erp-api\src\shared\integration\accounting-books.service.ts"
"asientos_contables","filter","fecha","apps\erp-api\src\shared\integration\accounting-books.service.ts"
"asientos_contables","filter","numero_asiento","apps\erp-api\src\shared\integration\accounting-books.service.ts"
"asientos_contables","filter","tenant_id","apps\erp-api\src\shared\integration\accounting-books.service.ts"
"asientos_contables","filter","fecha","apps\erp-api\src\shared\integration\accounting-books.service.ts"
"asientos_contables","filter","fecha","apps\erp-api\src\shared\integration\accounting-books.service.ts"
"asientos_contables","filter","fecha","apps\erp-api\src\shared\integration\accounting-books.service.ts"
"detalle_asientos","filter","tenant_id","apps\erp-api\src\shared\integration\accounting-books.service.ts"
"detalle_asientos","filter","fecha","apps\erp-api\src\shared\integration\accounting-books.service.ts"
"detalle_asientos","filter","tenant_id","apps\erp-api\src\shared\integration\accounting-books.service.ts"
"detalle_asientos","filter","fecha","apps\erp-api\src\shared\integration\accounting-books.service.ts"
"detalle_asientos","filter","tenant_id","apps\erp-api\src\shared\integration\accounting-books.service.ts"
"detalle_asientos","filter","tenant_id","apps\erp-api\src\shared\integration\accounting-books.service.ts"
"detalle_asientos","filter","fecha","apps\erp-api\src\shared\integration\accounting-books.service.ts"
"detalle_asientos","filter","tenant_id","apps\erp-api\src\shared\integration\accounting-books.service.ts"
"detalle_asientos","filter","fecha","apps\erp-api\src\shared\integration\accounting-books.service.ts"
"detalle_asientos","filter","tenant_id","apps\erp-api\src\shared\integration\accounting-books.service.ts"
"detalle_asientos","filter","fecha","apps\erp-api\src\shared\integration\accounting-books.service.ts"
"detalle_asientos","filter","tenant_id","apps\erp-api\src\shared\integration\accounting-books.service.ts"
"detalle_asientos","filter","fecha","apps\erp-api\src\shared\integration\accounting-books.service.ts"
"detalle_asientos","filter","tenant_id","apps\erp-api\src\shared\integration\accounting-books.service.ts"
"detalle_asientos","filter","fecha","apps\erp-api\src\shared\integration\accounting-books.service.ts"
"detalle_asientos","filter","tenant_id","apps\erp-api\src\shared\integration\accounting-books.service.ts"
"detalle_asientos","filter","fecha","apps\erp-api\src\shared\integration\accounting-books.service.ts"
"detalle_asientos","filter","tenant_id","apps\erp-api\src\shared\integration\accounting-books.service.ts"
"detalle_asientos","filter","fecha","apps\erp-api\src\shared\integration\accounting-books.service.ts"
"plan_cuentas","filter","activo","apps\erp-api\src\shared\integration\accounting-books.service.ts"
"plan_cuentas","filter","tenant_id","apps\erp-api\src\shared\integration\accounting-books.service.ts"
"plan_cuentas","filter","codigo","apps\erp-api\src\shared\integration\accounting-books.service.ts"
"clientes","filter","id","apps\erp-api\src\modules\ventas\pedidos\cpe-integration.service.ts"
"clientes","filter","tenant_id","apps\erp-api\src\modules\ventas\pedidos\cpe-integration.service.ts"
"clientes","select","id","apps\erp-api\src\modules\ventas\cotizaciones\cotizaciones.service.ts"
"clientes","filter","id","apps\erp-api\src\modules\ventas\cotizaciones\cotizaciones.service.ts"
"clientes","filter","tenant_id","apps\erp-api\src\modules\ventas\cotizaciones\cotizaciones.service.ts"
"clientes","filter","id","apps\erp-api\src\modules\ventas\cotizaciones\cotizaciones.service.ts"
"clientes","filter","tenant_id","apps\erp-api\src\modules\ventas\cotizaciones\cotizaciones.service.ts"
"cotizaciones","filter","id","apps\erp-api\src\modules\ventas\cotizaciones\cotizaciones.service.ts"
"cotizaciones","filter","tenant_id","apps\erp-api\src\modules\ventas\cotizaciones\cotizaciones.service.ts"
"cotizaciones","filter","estado","apps\erp-api\src\modules\ventas\cotizaciones\cotizaciones.service.ts"
"cotizaciones","filter","cliente_id","apps\erp-api\src\modules\ventas\cotizaciones\cotizaciones.service.ts"
"cotizaciones","filter","numero","apps\erp-api\src\modules\ventas\cotizaciones\cotizaciones.service.ts"
"cotizaciones","filter","id","apps\erp-api\src\modules\ventas\cotizaciones\cotizaciones.service.ts"
"cotizaciones","filter","tenant_id","apps\erp-api\src\modules\ventas\cotizaciones\cotizaciones.service.ts"
"cotizaciones","filter","id","apps\erp-api\src\modules\ventas\cotizaciones\cotizaciones.service.ts"
"cotizaciones","filter","tenant_id","apps\erp-api\src\modules\ventas\cotizaciones\cotizaciones.service.ts"
"cotizaciones","filter","id","apps\erp-api\src\modules\ventas\cotizaciones\cotizaciones.service.ts"
"cotizaciones","filter","tenant_id","apps\erp-api\src\modules\ventas\cotizaciones\cotizaciones.service.ts"
"cotizaciones","update","estado","apps\erp-api\src\modules\ventas\cotizaciones\cotizaciones.service.ts"
"cotizaciones","filter","tenant_id","apps\erp-api\src\modules\ventas\cotizaciones\cotizaciones.service.ts"
"cotizaciones","filter","estado","apps\erp-api\src\modules\ventas\cotizaciones\cotizaciones.service.ts"
"cotizaciones","filter","fecha_vencimiento","apps\erp-api\src\modules\ventas\cotizaciones\cotizaciones.service.ts"
"cotizaciones","select","numero","apps\erp-api\src\modules\ventas\cotizaciones\cotizaciones.service.ts"
"cotizaciones","filter","tenant_id","apps\erp-api\src\modules\ventas\cotizaciones\cotizaciones.service.ts"
"cotizaciones","filter","numero","apps\erp-api\src\modules\ventas\cotizaciones\cotizaciones.service.ts"
"cotizaciones","filter","id","apps\erp-api\src\modules\ventas\cotizaciones\cotizaciones.service.ts"
"cotizaciones","filter","tenant_id","apps\erp-api\src\modules\ventas\cotizaciones\cotizaciones.service.ts"
"cotizacion_detalles","filter","id","apps\erp-api\src\modules\ventas\cotizaciones\cotizaciones.service.ts"
"cotizacion_detalles","filter","cotizacion_id","apps\erp-api\src\modules\ventas\cotizaciones\cotizaciones.service.ts"
"cotizacion_detalles","filter","created_at","apps\erp-api\src\modules\ventas\cotizaciones\cotizaciones.service.ts"
"cotizacion_detalles","filter","cotizacion_id","apps\erp-api\src\modules\ventas\cotizaciones\cotizaciones.service.ts"
"cotizacion_detalles","filter","id","apps\erp-api\src\modules\ventas\cotizaciones\cotizaciones.service.ts"
"cotizacion_detalles","filter","tenant_id","apps\erp-api\src\modules\ventas\cotizaciones\cotizaciones.service.ts"
"cotizacion_detalles","filter","cotizacion_id","apps\erp-api\src\modules\ventas\cotizaciones\cotizaciones.service.ts"
"cotizacion_detalles","filter","id","apps\erp-api\src\modules\ventas\cotizaciones\cotizaciones.service.ts"
"cotizacion_detalles","filter","tenant_id","apps\erp-api\src\modules\ventas\cotizaciones\cotizaciones.service.ts"
"cotizacion_detalles","filter","cotizacion_id","apps\erp-api\src\modules\ventas\cotizaciones\cotizaciones.service.ts"
"cotizacion_detalles","filter","id","apps\erp-api\src\modules\ventas\cotizaciones\cotizaciones.service.ts"
"cotizacion_detalles","filter","tenant_id","apps\erp-api\src\modules\ventas\cotizaciones\cotizaciones.service.ts"
"productos","select","stock_actual","apps\erp-api\src\modules\ventas\cotizaciones\cotizaciones.service.ts"
"productos","select","stock_reservado","apps\erp-api\src\modules\ventas\cotizaciones\cotizaciones.service.ts"
"productos","filter","id","apps\erp-api\src\modules\ventas\cotizaciones\cotizaciones.service.ts"
"productos","filter","tenant_id","apps\erp-api\src\modules\ventas\cotizaciones\cotizaciones.service.ts"
"productos","select","id","apps\erp-api\src\modules\ventas\cotizaciones\cotizaciones.service.ts"
"productos","select","codigo","apps\erp-api\src\modules\ventas\cotizaciones\cotizaciones.service.ts"
"productos","select","nombre","apps\erp-api\src\modules\ventas\cotizaciones\cotizaciones.service.ts"
"productos","filter","id","apps\erp-api\src\modules\ventas\cotizaciones\cotizaciones.service.ts"
"cotizaciones","select","id","apps\erp-api\src\modules\dashboard\dashboard-metrics.service.ts"
"cotizaciones","select","estado","apps\erp-api\src\modules\dashboard\dashboard-metrics.service.ts"
"cotizaciones","filter","tenant_id","apps\erp-api\src\modules\dashboard\dashboard-metrics.service.ts"
"cotizaciones","filter","created_at","apps\erp-api\src\modules\dashboard\dashboard-metrics.service.ts"
"cotizaciones","filter","tenant_id","apps\erp-api\src\modules\dashboard\dashboard-metrics.service.ts"
"cotizaciones","filter","estado","apps\erp-api\src\modules\dashboard\dashboard-metrics.service.ts"
"cotizaciones","filter","tenant_id","apps\erp-api\src\modules\dashboard\dashboard-metrics.service.ts"
"cotizaciones","filter","created_at","apps\erp-api\src\modules\dashboard\dashboard-metrics.service.ts"
"cotizaciones","select","id","apps\erp-api\src\modules\dashboard\dashboard-metrics.service.ts"
"cotizaciones","filter","tenant_id","apps\erp-api\src\modules\dashboard\dashboard-metrics.service.ts"
"cotizaciones","filter","estado","apps\erp-api\src\modules\dashboard\dashboard-metrics.service.ts"
"cotizaciones","filter","tenant_id","apps\erp-api\src\modules\dashboard\dashboard-metrics.service.ts"
"cotizaciones","filter","created_at","apps\erp-api\src\modules\dashboard\dashboard-metrics.service.ts"
"cotizaciones","select","id","apps\erp-api\src\modules\dashboard\dashboard-metrics.service.ts"
"cotizaciones","select","numero","apps\erp-api\src\modules\dashboard\dashboard-metrics.service.ts"
"cotizaciones","select","total","apps\erp-api\src\modules\dashboard\dashboard-metrics.service.ts"
"cotizaciones","select","fecha_cotizacion","apps\erp-api\src\modules\dashboard\dashboard-metrics.service.ts"
"cotizaciones","select","estado","apps\erp-api\src\modules\dashboard\dashboard-metrics.service.ts"
"cotizaciones","select","created_at","apps\erp-api\src\modules\dashboard\dashboard-metrics.service.ts"
"cotizaciones","filter","tenant_id","apps\erp-api\src\modules\dashboard\dashboard-metrics.service.ts"
"cotizaciones","filter","created_at","apps\erp-api\src\modules\dashboard\dashboard-metrics.service.ts"
"cotizaciones","filter","created_at","apps\erp-api\src\modules\dashboard\dashboard-metrics.service.ts"
"productos","select","id","apps\erp-api\src\modules\dashboard\dashboard-metrics.service.ts"
"productos","select","precio","apps\erp-api\src\modules\dashboard\dashboard-metrics.service.ts"
"productos","select","stock_actual","apps\erp-api\src\modules\dashboard\dashboard-metrics.service.ts"
"productos","select","stock_minimo","apps\erp-api\src\modules\dashboard\dashboard-metrics.service.ts"
"productos","filter","tenant_id","apps\erp-api\src\modules\dashboard\dashboard-metrics.service.ts"
"productos","filter","tenant_id","apps\erp-api\src\modules\dashboard\dashboard-metrics.service.ts"
"productos","filter","created_at","apps\erp-api\src\modules\dashboard\dashboard-metrics.service.ts"
"productos","filter","tenant_id","apps\erp-api\src\modules\dashboard\dashboard-metrics.service.ts"
"productos","filter","tenant_id","apps\erp-api\src\modules\dashboard\dashboard-metrics.service.ts"
"productos","filter","created_at","apps\erp-api\src\modules\dashboard\dashboard-metrics.service.ts"
"productos","filter","tenant_id","apps\erp-api\src\modules\dashboard\dashboard-metrics.service.ts"
"productos","filter","estado","apps\erp-api\src\modules\dashboard\dashboard-metrics.service.ts"
"ordenes_compra","select","total","apps\erp-api\src\modules\dashboard\dashboard-metrics.service.ts"
"ordenes_compra","select","estado","apps\erp-api\src\modules\dashboard\dashboard-metrics.service.ts"
"ordenes_compra","select","fecha_orden","apps\erp-api\src\modules\dashboard\dashboard-metrics.service.ts"
"ordenes_compra","select","created_at","apps\erp-api\src\modules\dashboard\dashboard-metrics.service.ts"
"ordenes_compra","filter","tenant_id","apps\erp-api\src\modules\dashboard\dashboard-metrics.service.ts"
"ordenes_compra","filter","created_at","apps\erp-api\src\modules\dashboard\dashboard-metrics.service.ts"
"ordenes_compra","filter","tenant_id","apps\erp-api\src\modules\dashboard\dashboard-metrics.service.ts"
"ordenes_compra","filter","tenant_id","apps\erp-api\src\modules\dashboard\dashboard-metrics.service.ts"
"ordenes_compra","filter","created_at","apps\erp-api\src\modules\dashboard\dashboard-metrics.service.ts"
"ordenes_compra","filter","tenant_id","apps\erp-api\src\modules\dashboard\dashboard-metrics.service.ts"
"ordenes_compra","filter","estado","apps\erp-api\src\modules\dashboard\dashboard-metrics.service.ts"
"ordenes_compra","filter","tenant_id","apps\erp-api\src\modules\dashboard\dashboard-metrics.service.ts"
"ordenes_compra","filter","created_at","apps\erp-api\src\modules\dashboard\dashboard-metrics.service.ts"
"ordenes_compra","select","id","apps\erp-api\src\modules\dashboard\dashboard-metrics.service.ts"
"ordenes_compra","select","numero","apps\erp-api\src\modules\dashboard\dashboard-metrics.service.ts"
"ordenes_compra","select","total","apps\erp-api\src\modules\dashboard\dashboard-metrics.service.ts"
"ordenes_compra","select","fecha_orden","apps\erp-api\src\modules\dashboard\dashboard-metrics.service.ts"
"ordenes_compra","select","estado","apps\erp-api\src\modules\dashboard\dashboard-metrics.service.ts"
"ordenes_compra","select","created_at","apps\erp-api\src\modules\dashboard\dashboard-metrics.service.ts"
"ordenes_compra","filter","tenant_id","apps\erp-api\src\modules\dashboard\dashboard-metrics.service.ts"
"ordenes_compra","filter","created_at","apps\erp-api\src\modules\dashboard\dashboard-metrics.service.ts"
"ordenes_compra","filter","created_at","apps\erp-api\src\modules\dashboard\dashboard-metrics.service.ts"
"ordenes_compra","filter","tenant_id","apps\erp-api\src\modules\dashboard\dashboard-metrics.service.ts"
"ordenes_compra","filter","created_at","apps\erp-api\src\modules\dashboard\dashboard-metrics.service.ts"
"ordenes_compra","filter","created_at","apps\erp-api\src\modules\dashboard\dashboard-metrics.service.ts"
"cpe","select","total_venta","apps\erp-api\src\modules\dashboard\dashboard-metrics.service.ts"
"cpe","select","created_at","apps\erp-api\src\modules\dashboard\dashboard-metrics.service.ts"
"cpe","select","tenant_id","apps\erp-api\src\modules\dashboard\dashboard-metrics.service.ts"
"cpe","filter","tenant_id","apps\erp-api\src\modules\dashboard\dashboard-metrics.service.ts"
"cpe","filter","created_at","apps\erp-api\src\modules\dashboard\dashboard-metrics.service.ts"
"cpe","filter","tenant_id","apps\erp-api\src\modules\dashboard\dashboard-metrics.service.ts"
"cpe","filter","created_at","apps\erp-api\src\modules\dashboard\dashboard-metrics.service.ts"
"cpe","filter","tenant_id","apps\erp-api\src\modules\dashboard\dashboard-metrics.service.ts"
"cpe","filter","created_at","apps\erp-api\src\modules\dashboard\dashboard-metrics.service.ts"
"cpe","filter","tenant_id","apps\erp-api\src\modules\dashboard\dashboard-metrics.service.ts"
"cpe","filter","tenant_id","apps\erp-api\src\modules\dashboard\dashboard-metrics.service.ts"
"cpe","select","total_venta","apps\erp-api\src\modules\dashboard\dashboard-metrics.service.ts"
"cpe","filter","tenant_id","apps\erp-api\src\modules\dashboard\dashboard-metrics.service.ts"
"cpe","filter","created_at","apps\erp-api\src\modules\dashboard\dashboard-metrics.service.ts"
"cpe","filter","tenant_id","apps\erp-api\src\modules\dashboard\dashboard-metrics.service.ts"
"cpe","filter","created_at","apps\erp-api\src\modules\dashboard\dashboard-metrics.service.ts"
"cpe","filter","tenant_id","apps\erp-api\src\modules\dashboard\dashboard-metrics.service.ts"
"cpe","filter","tenant_id","apps\erp-api\src\modules\dashboard\dashboard-metrics.service.ts"
"cpe","filter","created_at","apps\erp-api\src\modules\dashboard\dashboard-metrics.service.ts"
"cpe","filter","tenant_id","apps\erp-api\src\modules\dashboard\dashboard-metrics.service.ts"
"cpe","select","id","apps\erp-api\src\modules\dashboard\dashboard-metrics.service.ts"
"cpe","select","serie","apps\erp-api\src\modules\dashboard\dashboard-metrics.service.ts"
"cpe","select","numero","apps\erp-api\src\modules\dashboard\dashboard-metrics.service.ts"
"cpe","select","total_venta","apps\erp-api\src\modules\dashboard\dashboard-metrics.service.ts"
"cpe","select","estado","apps\erp-api\src\modules\dashboard\dashboard-metrics.service.ts"
"cpe","select","created_at","apps\erp-api\src\modules\dashboard\dashboard-metrics.service.ts"
"cpe","filter","tenant_id","apps\erp-api\src\modules\dashboard\dashboard-metrics.service.ts"
"cpe","filter","created_at","apps\erp-api\src\modules\dashboard\dashboard-metrics.service.ts"
"cpe","filter","created_at","apps\erp-api\src\modules\dashboard\dashboard-metrics.service.ts"
"cpe","filter","tenant_id","apps\erp-api\src\modules\dashboard\dashboard-metrics.service.ts"
"cpe","filter","created_at","apps\erp-api\src\modules\dashboard\dashboard-metrics.service.ts"
"cpe","filter","created_at","apps\erp-api\src\modules\dashboard\dashboard-metrics.service.ts"
"cpe","filter","tenant_id","apps\erp-api\src\modules\dashboard\dashboard-metrics.service.ts"
"cpe","filter","created_at","apps\erp-api\src\modules\dashboard\dashboard-metrics.service.ts"
"gre_guias","select","id","apps\erp-api\src\modules\dashboard\dashboard-metrics.service.ts"
"gre_guias","filter","tenant_id","apps\erp-api\src\modules\dashboard\dashboard-metrics.service.ts"
"gre_guias","filter","created_at","apps\erp-api\src\modules\dashboard\dashboard-metrics.service.ts"
"gre_guias","filter","tenant_id","apps\erp-api\src\modules\dashboard\dashboard-metrics.service.ts"
"gre_guias","filter","tenant_id","apps\erp-api\src\modules\dashboard\dashboard-metrics.service.ts"
"gre_guias","filter","created_at","apps\erp-api\src\modules\dashboard\dashboard-metrics.service.ts"
"gre_guias","filter","tenant_id","apps\erp-api\src\modules\dashboard\dashboard-metrics.service.ts"
"gre_guias","filter","tenant_id","apps\erp-api\src\modules\dashboard\dashboard-metrics.service.ts"
"gre_guias","filter","created_at","apps\erp-api\src\modules\dashboard\dashboard-metrics.service.ts"
"gre_guias","select","id","apps\erp-api\src\modules\dashboard\dashboard-metrics.service.ts"
"gre_guias","select","numero","apps\erp-api\src\modules\dashboard\dashboard-metrics.service.ts"
"gre_guias","select","fecha_traslado","apps\erp-api\src\modules\dashboard\dashboard-metrics.service.ts"
"gre_guias","select","estado","apps\erp-api\src\modules\dashboard\dashboard-metrics.service.ts"
"gre_guias","select","created_at","apps\erp-api\src\modules\dashboard\dashboard-metrics.service.ts"
"gre_guias","filter","tenant_id","apps\erp-api\src\modules\dashboard\dashboard-metrics.service.ts"
"gre_guias","filter","created_at","apps\erp-api\src\modules\dashboard\dashboard-metrics.service.ts"
"gre_guias","filter","created_at","apps\erp-api\src\modules\dashboard\dashboard-metrics.service.ts"
"gre_guias","filter","tenant_id","apps\erp-api\src\modules\dashboard\dashboard-metrics.service.ts"
"gre_guias","filter","created_at","apps\erp-api\src\modules\dashboard\dashboard-metrics.service.ts"
"gre_guias","filter","created_at","apps\erp-api\src\modules\dashboard\dashboard-metrics.service.ts"
"gre_guias","filter","tenant_id","apps\erp-api\src\modules\dashboard\dashboard-metrics.service.ts"
"gre_guias","filter","created_at","apps\erp-api\src\modules\dashboard\dashboard-metrics.service.ts"
"sire_files","select","id","apps\erp-api\src\modules\dashboard\dashboard-metrics.service.ts"
"sire_files","filter","tenant_id","apps\erp-api\src\modules\dashboard\dashboard-metrics.service.ts"
"sire_files","filter","created_at","apps\erp-api\src\modules\dashboard\dashboard-metrics.service.ts"
"sesiones_caja","select","id","apps\erp-api\src\modules\cajas\services\cash-withdrawals.service.ts"
"sesiones_caja","select","estado","apps\erp-api\src\modules\cajas\services\cash-withdrawals.service.ts"
"sesiones_caja","select","monto_inicio","apps\erp-api\src\modules\cajas\services\cash-withdrawals.service.ts"
"sesiones_caja","select","congelada","apps\erp-api\src\modules\cajas\services\cash-withdrawals.service.ts"
"sesiones_caja","select","tenant_id","apps\erp-api\src\modules\cajas\services\cash-withdrawals.service.ts"
"sesiones_caja","filter","id","apps\erp-api\src\modules\cajas\services\cash-withdrawals.service.ts"
"sesiones_caja","filter","tenant_id","apps\erp-api\src\modules\cajas\services\cash-withdrawals.service.ts"
"retiros_caja","filter","id","apps\erp-api\src\modules\cajas\services\cash-withdrawals.service.ts"
"retiros_caja","filter","tenant_id","apps\erp-api\src\modules\cajas\services\cash-withdrawals.service.ts"
"retiros_caja","update","estado_conciliacion","apps\erp-api\src\modules\cajas\services\cash-withdrawals.service.ts"
"retiros_caja","update","fecha_conciliacion","apps\erp-api\src\modules\cajas\services\cash-withdrawals.service.ts"
"retiros_caja","update","banco_destino","apps\erp-api\src\modules\cajas\services\cash-withdrawals.service.ts"
"retiros_caja","update","numero_operacion","apps\erp-api\src\modules\cajas\services\cash-withdrawals.service.ts"
"retiros_caja","update","foto_comprobante","apps\erp-api\src\modules\cajas\services\cash-withdrawals.service.ts"
"retiros_caja","update","updated_at","apps\erp-api\src\modules\cajas\services\cash-withdrawals.service.ts"
"retiros_caja","filter","id","apps\erp-api\src\modules\cajas\services\cash-withdrawals.service.ts"
"retiros_caja","filter","tenant_id","apps\erp-api\src\modules\cajas\services\cash-withdrawals.service.ts"
"retiros_caja","update","estado_conciliacion","apps\erp-api\src\modules\cajas\services\cash-withdrawals.service.ts"
"retiros_caja","update","motivo_detalle","apps\erp-api\src\modules\cajas\services\cash-withdrawals.service.ts"
"retiros_caja","update","nRECHAZADO","apps\erp-api\src\modules\cajas\services\cash-withdrawals.service.ts"
"retiros_caja","update","updated_at","apps\erp-api\src\modules\cajas\services\cash-withdrawals.service.ts"
"retiros_caja","filter","id","apps\erp-api\src\modules\cajas\services\cash-withdrawals.service.ts"
"retiros_caja","filter","tenant_id","apps\erp-api\src\modules\cajas\services\cash-withdrawals.service.ts"
"retiros_caja","filter","id","apps\erp-api\src\modules\cajas\services\cash-withdrawals.service.ts"
"retiros_caja","update","estado_conciliacion","apps\erp-api\src\modules\cajas\services\cash-withdrawals.service.ts"
"retiros_caja","update","motivo_detalle","apps\erp-api\src\modules\cajas\services\cash-withdrawals.service.ts"
"retiros_caja","update","nRECHAZADO","apps\erp-api\src\modules\cajas\services\cash-withdrawals.service.ts"
"retiros_caja","update","updated_at","apps\erp-api\src\modules\cajas\services\cash-withdrawals.service.ts"
"retiros_caja","filter","id","apps\erp-api\src\modules\cajas\services\cash-withdrawals.service.ts"
"retiros_caja","filter","tenant_id","apps\erp-api\src\modules\cajas\services\cash-withdrawals.service.ts"
"retiros_caja","filter","sesion_caja_id","apps\erp-api\src\modules\cajas\services\cash-withdrawals.service.ts"
"retiros_caja","filter","tenant_id","apps\erp-api\src\modules\cajas\services\cash-withdrawals.service.ts"
"retiros_caja","filter","created_at","apps\erp-api\src\modules\cajas\services\cash-withdrawals.service.ts"
"retiros_caja","filter","estado_conciliacion","apps\erp-api\src\modules\cajas\services\cash-withdrawals.service.ts"
"retiros_caja","filter","tenant_id","apps\erp-api\src\modules\cajas\services\cash-withdrawals.service.ts"
"retiros_caja","filter","created_at","apps\erp-api\src\modules\cajas\services\cash-withdrawals.service.ts"
"retiros_caja","select","motivo","apps\erp-api\src\modules\cajas\services\cash-withdrawals.service.ts"
"retiros_caja","select","monto","apps\erp-api\src\modules\cajas\services\cash-withdrawals.service.ts"
"retiros_caja","filter","tenant_id","apps\erp-api\src\modules\cajas\services\cash-withdrawals.service.ts"
"retiros_caja","filter","created_at","apps\erp-api\src\modules\cajas\services\cash-withdrawals.service.ts"
"retiros_caja","filter","created_at","apps\erp-api\src\modules\cajas\services\cash-withdrawals.service.ts"
"sesiones_caja","select","id","apps\erp-api\src\modules\cajas\services\cash-shift-changes.service.ts"
"sesiones_caja","select","estado","apps\erp-api\src\modules\cajas\services\cash-shift-changes.service.ts"
"sesiones_caja","select","congelada","apps\erp-api\src\modules\cajas\services\cash-shift-changes.service.ts"
"sesiones_caja","select","usuario_id","apps\erp-api\src\modules\cajas\services\cash-shift-changes.service.ts"
"sesiones_caja","select","tenant_id","apps\erp-api\src\modules\cajas\services\cash-shift-changes.service.ts"
"sesiones_caja","filter","id","apps\erp-api\src\modules\cajas\services\cash-shift-changes.service.ts"
"sesiones_caja","filter","tenant_id","apps\erp-api\src\modules\cajas\services\cash-shift-changes.service.ts"
"sesiones_caja","update","congelada","apps\erp-api\src\modules\cajas\services\cash-shift-changes.service.ts"
"sesiones_caja","filter","id","apps\erp-api\src\modules\cajas\services\cash-shift-changes.service.ts"
"sesiones_caja","filter","tenant_id","apps\erp-api\src\modules\cajas\services\cash-shift-changes.service.ts"
"sesiones_caja","update","congelada","apps\erp-api\src\modules\cajas\services\cash-shift-changes.service.ts"
"sesiones_caja","filter","id","apps\erp-api\src\modules\cajas\services\cash-shift-changes.service.ts"
"sesiones_caja","update","usuario_id","apps\erp-api\src\modules\cajas\services\cash-shift-changes.service.ts"
"sesiones_caja","update","cajero_id","apps\erp-api\src\modules\cajas\services\cash-shift-changes.service.ts"
"sesiones_caja","filter","id","apps\erp-api\src\modules\cajas\services\cash-shift-changes.service.ts"
"sesiones_caja","filter","tenant_id","apps\erp-api\src\modules\cajas\services\cash-shift-changes.service.ts"
"sesiones_caja","filter","id","apps\erp-api\src\modules\cajas\services\cash-shift-changes.service.ts"
"sesiones_caja","filter","tenant_id","apps\erp-api\src\modules\cajas\services\cash-shift-changes.service.ts"
"sesiones_caja","update","congelada","apps\erp-api\src\modules\cajas\services\cash-shift-changes.service.ts"
"sesiones_caja","filter","id","apps\erp-api\src\modules\cajas\services\cash-shift-changes.service.ts"
"sesiones_caja","filter","tenant_id","apps\erp-api\src\modules\cajas\services\cash-shift-changes.service.ts"
"sesiones_caja","update","congelada","apps\erp-api\src\modules\cajas\services\cash-shift-changes.service.ts"
"sesiones_caja","filter","id","apps\erp-api\src\modules\cajas\services\cash-shift-changes.service.ts"
"sesiones_caja","filter","tenant_id","apps\erp-api\src\modules\cajas\services\cash-shift-changes.service.ts"
"sesiones_caja","filter","id","apps\erp-api\src\modules\cajas\services\cash-shift-changes.service.ts"
"sesiones_caja","filter","tenant_id","apps\erp-api\src\modules\cajas\services\cash-shift-changes.service.ts"
"cambios_turno","select","id","apps\erp-api\src\modules\cajas\services\cash-shift-changes.service.ts"
"cambios_turno","update","congelada","apps\erp-api\src\modules\cajas\services\cash-shift-changes.service.ts"
"cambios_turno","filter","sesion_caja_id","apps\erp-api\src\modules\cajas\services\cash-shift-changes.service.ts"
"cambios_turno","filter","estado","apps\erp-api\src\modules\cajas\services\cash-shift-changes.service.ts"
"cambios_turno","filter","id","apps\erp-api\src\modules\cajas\services\cash-shift-changes.service.ts"
"cambios_turno","filter","tenant_id","apps\erp-api\src\modules\cajas\services\cash-shift-changes.service.ts"
"cambios_turno","update","congelada","apps\erp-api\src\modules\cajas\services\cash-shift-changes.service.ts"
"cambios_turno","filter","id","apps\erp-api\src\modules\cajas\services\cash-shift-changes.service.ts"
"cambios_turno","filter","id","apps\erp-api\src\modules\cajas\services\cash-shift-changes.service.ts"
"cambios_turno","filter","tenant_id","apps\erp-api\src\modules\cajas\services\cash-shift-changes.service.ts"
"cambios_turno","update","saldo_contado","apps\erp-api\src\modules\cajas\services\cash-shift-changes.service.ts"
"cambios_turno","update","foto_arqueo","apps\erp-api\src\modules\cajas\services\cash-shift-changes.service.ts"
"cambios_turno","update","firma_digital_saliente","apps\erp-api\src\modules\cajas\services\cash-shift-changes.service.ts"
"cambios_turno","update","firma_digital_entrante","apps\erp-api\src\modules\cajas\services\cash-shift-changes.service.ts"
"cambios_turno","update","timestamp_fin","apps\erp-api\src\modules\cajas\services\cash-shift-changes.service.ts"
"cambios_turno","update","estado","apps\erp-api\src\modules\cajas\services\cash-shift-changes.service.ts"
"cambios_turno","filter","id","apps\erp-api\src\modules\cajas\services\cash-shift-changes.service.ts"
"cambios_turno","filter","tenant_id","apps\erp-api\src\modules\cajas\services\cash-shift-changes.service.ts"
"cambios_turno","update","congelada","apps\erp-api\src\modules\cajas\services\cash-shift-changes.service.ts"
"cambios_turno","filter","id","apps\erp-api\src\modules\cajas\services\cash-shift-changes.service.ts"
"cambios_turno","filter","tenant_id","apps\erp-api\src\modules\cajas\services\cash-shift-changes.service.ts"
"cambios_turno","filter","id","apps\erp-api\src\modules\cajas\services\cash-shift-changes.service.ts"
"cambios_turno","filter","tenant_id","apps\erp-api\src\modules\cajas\services\cash-shift-changes.service.ts"
"cambios_turno","update","estado","apps\erp-api\src\modules\cajas\services\cash-shift-changes.service.ts"
"cambios_turno","update","timestamp_fin","apps\erp-api\src\modules\cajas\services\cash-shift-changes.service.ts"
"cambios_turno","filter","id","apps\erp-api\src\modules\cajas\services\cash-shift-changes.service.ts"
"cambios_turno","filter","tenant_id","apps\erp-api\src\modules\cajas\services\cash-shift-changes.service.ts"
"cambios_turno","filter","sesion_caja_id","apps\erp-api\src\modules\cajas\services\cash-shift-changes.service.ts"
"cambios_turno","filter","tenant_id","apps\erp-api\src\modules\cajas\services\cash-shift-changes.service.ts"
"cambios_turno","filter","timestamp_inicio","apps\erp-api\src\modules\cajas\services\cash-shift-changes.service.ts"
"cambios_turno","select","diferencia","apps\erp-api\src\modules\cajas\services\cash-shift-changes.service.ts"
"cambios_turno","select","estado","apps\erp-api\src\modules\cajas\services\cash-shift-changes.service.ts"
"cambios_turno","select","timestamp_inicio","apps\erp-api\src\modules\cajas\services\cash-shift-changes.service.ts"
"cambios_turno","select","timestamp_fin","apps\erp-api\src\modules\cajas\services\cash-shift-changes.service.ts"
"cambios_turno","filter","tenant_id","apps\erp-api\src\modules\cajas\services\cash-shift-changes.service.ts"
"cambios_turno","filter","estado","apps\erp-api\src\modules\cajas\services\cash-shift-changes.service.ts"
"cambios_turno","filter","timestamp_inicio","apps\erp-api\src\modules\cajas\services\cash-shift-changes.service.ts"
"detalle_asientos","select","id","apps\erp-api\src\modules\cajas\services\cash-reports.service.ts"
"detalle_asientos","select","codigo","apps\erp-api\src\modules\cajas\services\cash-reports.service.ts"
"detalle_asientos","filter","tenant_id","apps\erp-api\src\modules\cajas\services\cash-reports.service.ts"
"plan_cuentas","select","id","apps\erp-api\src\modules\cajas\services\cash-reports.service.ts"
"plan_cuentas","select","codigo","apps\erp-api\src\modules\cajas\services\cash-reports.service.ts"
"plan_cuentas","filter","tenant_id","apps\erp-api\src\modules\cajas\services\cash-reports.service.ts"
"plan_cuentas","filter","codigo","apps\erp-api\src\modules\cajas\services\cash-reports.service.ts"
"sesiones_caja","select","codigo","apps\erp-api\src\modules\cajas\services\cash-reports.service.ts"
"sesiones_caja","filter","id","apps\erp-api\src\modules\cajas\services\cash-reports.service.ts"
"sesiones_caja","filter","tenant_id","apps\erp-api\src\modules\cajas\services\cash-reports.service.ts"
"sesiones_caja","filter","sesion_caja_id","apps\erp-api\src\modules\cajas\services\cash-reports.service.ts"
"sesiones_caja","filter","tenant_id","apps\erp-api\src\modules\cajas\services\cash-reports.service.ts"
"sesiones_caja","filter","tenant_id","apps\erp-api\src\modules\cajas\services\cash-reports.service.ts"
"sesiones_caja","filter","hora_apertura","apps\erp-api\src\modules\cajas\services\cash-reports.service.ts"
"sesiones_caja","filter","hora_apertura","apps\erp-api\src\modules\cajas\services\cash-reports.service.ts"
"ventas_pos","select","subtotal","apps\erp-api\src\modules\cajas\services\cash-reports.service.ts"
"ventas_pos","select","impuestos","apps\erp-api\src\modules\cajas\services\cash-reports.service.ts"
"ventas_pos","select","total","apps\erp-api\src\modules\cajas\services\cash-reports.service.ts"
"ventas_pos","select","numero_ticket","apps\erp-api\src\modules\cajas\services\cash-reports.service.ts"
"ventas_pos","filter","sesion_caja_id","apps\erp-api\src\modules\cajas\services\cash-reports.service.ts"
"ventas_pos","filter","tenant_id","apps\erp-api\src\modules\cajas\services\cash-reports.service.ts"
"ventas_pos_pagos","select","monto","apps\erp-api\src\modules\cajas\services\cash-reports.service.ts"
"ventas_pos_pagos","select","metodo_pago_tipo","apps\erp-api\src\modules\cajas\services\cash-reports.service.ts"
"ventas_pos_pagos","select","metodo_pago_codigo","apps\erp-api\src\modules\cajas\services\cash-reports.service.ts"
"ventas_pos_pagos","filter","tenant_id","apps\erp-api\src\modules\cajas\services\cash-reports.service.ts"
"retiros_caja","filter","sesion_caja_id","apps\erp-api\src\modules\cajas\services\cash-reports.service.ts"
"retiros_caja","filter","tenant_id","apps\erp-api\src\modules\cajas\services\cash-reports.service.ts"
"retiros_caja","filter","sesion_caja_id","apps\erp-api\src\modules\cajas\services\cash-reports.service.ts"
"retiros_caja","filter","tenant_id","apps\erp-api\src\modules\cajas\services\cash-reports.service.ts"
"cambios_turno","filter","sesion_caja_id","apps\erp-api\src\modules\cajas\services\cash-reports.service.ts"
"cambios_turno","filter","tenant_id","apps\erp-api\src\modules\cajas\services\cash-reports.service.ts"
"sesiones_caja","select","monto_inicio","apps\erp-api\src\modules\cajas\services\cash-reconciliation.service.ts"
"sesiones_caja","select","monto_esperado","apps\erp-api\src\modules\cajas\services\cash-reconciliation.service.ts"
"sesiones_caja","select","tenant_id","apps\erp-api\src\modules\cajas\services\cash-reconciliation.service.ts"
"sesiones_caja","filter","id","apps\erp-api\src\modules\cajas\services\cash-reconciliation.service.ts"
"sesiones_caja","filter","tenant_id","apps\erp-api\src\modules\cajas\services\cash-reconciliation.service.ts"
"sesiones_caja","filter","sesion_caja_id","apps\erp-api\src\modules\cajas\services\cash-reconciliation.service.ts"
"movimientos_caja","select","monto","apps\erp-api\src\modules\cajas\services\cash-reconciliation.service.ts"
"movimientos_caja","filter","sesion_caja_id","apps\erp-api\src\modules\cajas\services\cash-reconciliation.service.ts"
"movimientos_caja","filter","tenant_id","apps\erp-api\src\modules\cajas\services\cash-reconciliation.service.ts"
"movimientos_caja","filter","tenant_id","apps\erp-api\src\modules\cajas\services\cash-reconciliation.service.ts"
"sesiones_caja","select","monto_inicio","apps\erp-api\src\modules\cajas\services\cash-movements.service.ts"
"sesiones_caja","filter","id","apps\erp-api\src\modules\cajas\services\cash-movements.service.ts"
"sesiones_caja","filter","tenant_id","apps\erp-api\src\modules\cajas\services\cash-movements.service.ts"
"sesiones_caja","select","monto_inicio","apps\erp-api\src\modules\cajas\services\cash-movements.service.ts"
"sesiones_caja","filter","id","apps\erp-api\src\modules\cajas\services\cash-movements.service.ts"
"sesiones_caja","filter","tenant_id","apps\erp-api\src\modules\cajas\services\cash-movements.service.ts"
"movimientos_caja","filter","sesion_caja_id","apps\erp-api\src\modules\cajas\services\cash-movements.service.ts"
"movimientos_caja","filter","tenant_id","apps\erp-api\src\modules\cajas\services\cash-movements.service.ts"
"movimientos_caja","filter","secuencia","apps\erp-api\src\modules\cajas\services\cash-movements.service.ts"
"movimientos_caja","filter","sesion_caja_id","apps\erp-api\src\modules\cajas\services\cash-movements.service.ts"
"movimientos_caja","filter","tenant_id","apps\erp-api\src\modules\cajas\services\cash-movements.service.ts"
"movimientos_caja","filter","secuencia","apps\erp-api\src\modules\cajas\services\cash-movements.service.ts"
"movimientos_caja","filter","sesion_caja_id","apps\erp-api\src\modules\cajas\services\cash-movements.service.ts"
"movimientos_caja","filter","tipo_movimiento","apps\erp-api\src\modules\cajas\services\cash-movements.service.ts"
"movimientos_caja","filter","tenant_id","apps\erp-api\src\modules\cajas\services\cash-movements.service.ts"
"sesiones_caja","select","hora_apertura","apps\erp-api\src\modules\cajas\services\cash-fraud-detection.service.ts"
"sesiones_caja","select","hora_cierre","apps\erp-api\src\modules\cajas\services\cash-fraud-detection.service.ts"
"sesiones_caja","select","estado","apps\erp-api\src\modules\cajas\services\cash-fraud-detection.service.ts"
"sesiones_caja","filter","id","apps\erp-api\src\modules\cajas\services\cash-fraud-detection.service.ts"
"sesiones_caja","filter","tenant_id","apps\erp-api\src\modules\cajas\services\cash-fraud-detection.service.ts"
"sesiones_caja","select","hora_cierre","apps\erp-api\src\modules\cajas\services\cash-fraud-detection.service.ts"
"sesiones_caja","select","estado","apps\erp-api\src\modules\cajas\services\cash-fraud-detection.service.ts"
"sesiones_caja","filter","id","apps\erp-api\src\modules\cajas\services\cash-fraud-detection.service.ts"
"sesiones_caja","filter","tenant_id","apps\erp-api\src\modules\cajas\services\cash-fraud-detection.service.ts"
"sesiones_caja","select","diferencia","apps\erp-api\src\modules\cajas\services\cash-fraud-detection.service.ts"
"sesiones_caja","select","estado","apps\erp-api\src\modules\cajas\services\cash-fraud-detection.service.ts"
"sesiones_caja","filter","usuario_id","apps\erp-api\src\modules\cajas\services\cash-fraud-detection.service.ts"
"sesiones_caja","filter","tenant_id","apps\erp-api\src\modules\cajas\services\cash-fraud-detection.service.ts"
"sesiones_caja","filter","estado","apps\erp-api\src\modules\cajas\services\cash-fraud-detection.service.ts"
"sesiones_caja","filter","hora_apertura","apps\erp-api\src\modules\cajas\services\cash-fraud-detection.service.ts"
"sesiones_caja","select","id","apps\erp-api\src\modules\cajas\services\cash-fraud-detection.service.ts"
"sesiones_caja","select","hora_apertura","apps\erp-api\src\modules\cajas\services\cash-fraud-detection.service.ts"
"sesiones_caja","select","diferencia","apps\erp-api\src\modules\cajas\services\cash-fraud-detection.service.ts"
"sesiones_caja","filter","usuario_id","apps\erp-api\src\modules\cajas\services\cash-fraud-detection.service.ts"
"sesiones_caja","filter","tenant_id","apps\erp-api\src\modules\cajas\services\cash-fraud-detection.service.ts"
"sesiones_caja","filter","estado","apps\erp-api\src\modules\cajas\services\cash-fraud-detection.service.ts"
"sesiones_caja","filter","hora_apertura","apps\erp-api\src\modules\cajas\services\cash-fraud-detection.service.ts"
"sesiones_caja","select","id","apps\erp-api\src\modules\cajas\services\cash-concurrency.service.ts"
"sesiones_caja","select","caja_id","apps\erp-api\src\modules\cajas\services\cash-concurrency.service.ts"
"sesiones_caja","select","hora_apertura","apps\erp-api\src\modules\cajas\services\cash-concurrency.service.ts"
"sesiones_caja","select","usuario_id","apps\erp-api\src\modules\cajas\services\cash-concurrency.service.ts"
"sesiones_caja","filter","usuario_id","apps\erp-api\src\modules\cajas\services\cash-concurrency.service.ts"
"sesiones_caja","filter","estado","apps\erp-api\src\modules\cajas\services\cash-concurrency.service.ts"
"sesiones_caja","filter","tenant_id","apps\erp-api\src\modules\cajas\services\cash-concurrency.service.ts"
"sesiones_caja","select","id","apps\erp-api\src\modules\cajas\services\cash-concurrency.service.ts"
"sesiones_caja","select","caja_id","apps\erp-api\src\modules\cajas\services\cash-concurrency.service.ts"
"sesiones_caja","select","usuario_id","apps\erp-api\src\modules\cajas\services\cash-concurrency.service.ts"
"sesiones_caja","select","hora_apertura","apps\erp-api\src\modules\cajas\services\cash-concurrency.service.ts"
"sesiones_caja","filter","caja_id","apps\erp-api\src\modules\cajas\services\cash-concurrency.service.ts"
"sesiones_caja","filter","estado","apps\erp-api\src\modules\cajas\services\cash-concurrency.service.ts"
"sesiones_caja","filter","tenant_id","apps\erp-api\src\modules\cajas\services\cash-concurrency.service.ts"
"sesiones_caja","filter","estado","apps\erp-api\src\modules\cajas\services\cash-concurrency.service.ts"
"sesiones_caja","filter","tenant_id","apps\erp-api\src\modules\cajas\services\cash-concurrency.service.ts"
"sesiones_caja","filter","hora_apertura","apps\erp-api\src\modules\cajas\services\cash-concurrency.service.ts"
"sesiones_caja","filter","id","apps\erp-api\src\modules\cajas\services\cash-concurrency.service.ts"
"sesiones_caja","filter","tenant_id","apps\erp-api\src\modules\cajas\services\cash-concurrency.service.ts"
"sesiones_caja","filter","sesion_caja_id","apps\erp-api\src\modules\cajas\services\cash-concurrency.service.ts"
"sesiones_caja","update","estado","apps\erp-api\src\modules\cajas\services\cash-concurrency.service.ts"
"sesiones_caja","update","hora_cierre","apps\erp-api\src\modules\cajas\services\cash-concurrency.service.ts"
"sesiones_caja","update","cerrado_por","apps\erp-api\src\modules\cajas\services\cash-concurrency.service.ts"
"sesiones_caja","update","monto_esperado","apps\erp-api\src\modules\cajas\services\cash-concurrency.service.ts"
"sesiones_caja","update","monto_contado","apps\erp-api\src\modules\cajas\services\cash-concurrency.service.ts"
"sesiones_caja","update","diferencia","apps\erp-api\src\modules\cajas\services\cash-concurrency.service.ts"
"sesiones_caja","update","notas","apps\erp-api\src\modules\cajas\services\cash-concurrency.service.ts"
"sesiones_caja","update","ADMINISTRATIVO","apps\erp-api\src\modules\cajas\services\cash-concurrency.service.ts"
"sesiones_caja","filter","id","apps\erp-api\src\modules\cajas\services\cash-concurrency.service.ts"
"sesiones_caja","filter","estado","apps\erp-api\src\modules\cajas\services\cash-concurrency.service.ts"
"sesiones_caja","filter","tenant_id","apps\erp-api\src\modules\cajas\services\cash-concurrency.service.ts"
"sesiones_caja","filter","hora_apertura","apps\erp-api\src\modules\cajas\services\cash-concurrency.service.ts"
"sesiones_caja","filter","usuario_id","apps\erp-api\src\modules\cajas\services\cash-concurrency.service.ts"
"sesiones_caja","filter","estado","apps\erp-api\src\modules\cajas\services\cash-concurrency.service.ts"
"sesiones_caja","filter","tenant_id","apps\erp-api\src\modules\cajas\services\cash-concurrency.service.ts"
"movimientos_caja","select","monto","apps\erp-api\src\modules\cajas\services\cash-concurrency.service.ts"
"movimientos_caja","filter","sesion_caja_id","apps\erp-api\src\modules\cajas\services\cash-concurrency.service.ts"
"sesiones_caja","select","id","apps\erp-api\src\modules\cajas\services\cash-closing.service.ts"
"sesiones_caja","select","estado","apps\erp-api\src\modules\cajas\services\cash-closing.service.ts"
"sesiones_caja","select","congelada","apps\erp-api\src\modules\cajas\services\cash-closing.service.ts"
"sesiones_caja","filter","id","apps\erp-api\src\modules\cajas\services\cash-closing.service.ts"
"sesiones_caja","filter","tenant_id","apps\erp-api\src\modules\cajas\services\cash-closing.service.ts"
"sesiones_caja","filter","id","apps\erp-api\src\modules\cajas\services\cash-closing.service.ts"
"sesiones_caja","filter","tenant_id","apps\erp-api\src\modules\cajas\services\cash-closing.service.ts"
"sesiones_caja","filter","id","apps\erp-api\src\modules\cajas\services\cash-closing.service.ts"
"sesiones_caja","filter","tenant_id","apps\erp-api\src\modules\cajas\services\cash-closing.service.ts"
"sesiones_caja","filter","id","apps\erp-api\src\modules\cajas\services\cash-closing.service.ts"
"sesiones_caja","filter","tenant_id","apps\erp-api\src\modules\cajas\services\cash-closing.service.ts"
"sesiones_caja","filter","id","apps\erp-api\src\modules\cajas\services\cash-closing.service.ts"
"sesiones_caja","filter","tenant_id","apps\erp-api\src\modules\cajas\services\cash-closing.service.ts"
"sesiones_caja","filter","sesion_caja_id","apps\erp-api\src\modules\cajas\services\cash-closing.service.ts"
"sesiones_caja","filter","id","apps\erp-api\src\modules\cajas\services\cash-closing.service.ts"
"sesiones_caja","filter","tenant_id","apps\erp-api\src\modules\cajas\services\cash-closing.service.ts"
"sesiones_caja","update","estado","apps\erp-api\src\modules\cajas\services\cash-closing.service.ts"
"sesiones_caja","update","hash_integridad","apps\erp-api\src\modules\cajas\services\cash-closing.service.ts"
"sesiones_caja","update","notas","apps\erp-api\src\modules\cajas\services\cash-closing.service.ts"
"sesiones_caja","filter","id","apps\erp-api\src\modules\cajas\services\cash-closing.service.ts"
"ventas_pos","select","id","apps\erp-api\src\modules\cajas\services\cash-closing.service.ts"
"ventas_pos","select","numero_ticket","apps\erp-api\src\modules\cajas\services\cash-closing.service.ts"
"ventas_pos","filter","sesion_caja_id","apps\erp-api\src\modules\cajas\services\cash-closing.service.ts"
"ventas_pos","filter","cpe_pendiente","apps\erp-api\src\modules\cajas\services\cash-closing.service.ts"
"ventas_pos","select","id","apps\erp-api\src\modules\cajas\services\cash-closing.service.ts"
"ventas_pos","select","numero_ticket","apps\erp-api\src\modules\cajas\services\cash-closing.service.ts"
"ventas_pos","select","cpe_id","apps\erp-api\src\modules\cajas\services\cash-closing.service.ts"
"ventas_pos","filter","sesion_caja_id","apps\erp-api\src\modules\cajas\services\cash-closing.service.ts"
"ventas_pos","filter","cpe_id","apps\erp-api\src\modules\cajas\services\cash-closing.service.ts"
"ventas_pos","filter","cpe_pendiente","apps\erp-api\src\modules\cajas\services\cash-closing.service.ts"
"retiros_caja","select","id","apps\erp-api\src\modules\cajas\services\cash-closing.service.ts"
"retiros_caja","select","monto","apps\erp-api\src\modules\cajas\services\cash-closing.service.ts"
"retiros_caja","filter","sesion_caja_id","apps\erp-api\src\modules\cajas\services\cash-closing.service.ts"
"retiros_caja","filter","estado_conciliacion","apps\erp-api\src\modules\cajas\services\cash-closing.service.ts"
"retiros_caja","filter","sesion_caja_id","apps\erp-api\src\modules\cajas\services\cash-closing.service.ts"
"retiros_caja","filter","sesion_caja_id","apps\erp-api\src\modules\cajas\services\cash-closing.service.ts"
"cambios_turno","select","id","apps\erp-api\src\modules\cajas\services\cash-closing.service.ts"
"cambios_turno","filter","sesion_caja_id","apps\erp-api\src\modules\cajas\services\cash-closing.service.ts"
"cambios_turno","filter","estado","apps\erp-api\src\modules\cajas\services\cash-closing.service.ts"
"cambios_turno","filter","sesion_caja_id","apps\erp-api\src\modules\cajas\services\cash-closing.service.ts"
"cambios_turno","filter","estado_conciliacion","apps\erp-api\src\modules\cajas\services\cash-closing.service.ts"
"cambios_turno","filter","sesion_caja_id","apps\erp-api\src\modules\cajas\services\cash-closing.service.ts"
"autorizaciones_caja","filter","tenant_id","apps\erp-api\src\modules\cajas\services\autorizaciones-caja.service.ts"
"autorizaciones_caja","filter","created_at","apps\erp-api\src\modules\cajas\services\autorizaciones-caja.service.ts"
"autorizaciones_caja","filter","created_at","apps\erp-api\src\modules\cajas\services\autorizaciones-caja.service.ts"
"autorizaciones_caja","filter","tipo_autorizacion","apps\erp-api\src\modules\cajas\services\autorizaciones-caja.service.ts"
"autorizaciones_caja","filter","supervisor_id","apps\erp-api\src\modules\cajas\services\autorizaciones-caja.service.ts"
"autorizaciones_caja","filter","estado","apps\erp-api\src\modules\cajas\services\autorizaciones-caja.service.ts"
"autorizaciones_caja","filter","created_at","apps\erp-api\src\modules\cajas\services\autorizaciones-caja.service.ts"
"autorizaciones_caja","filter","tenant_id","apps\erp-api\src\modules\cajas\services\autorizaciones-caja.service.ts"
"autorizaciones_caja","filter","supervisor_id","apps\erp-api\src\modules\cajas\services\autorizaciones-caja.service.ts"
"autorizaciones_caja","filter","created_at","apps\erp-api\src\modules\cajas\services\autorizaciones-caja.service.ts"
"cpe","filter","id","apps\erp-api\src\modules\cpe\pdf-generator.service.ts"
"cpe","filter","tenant_id","apps\erp-api\src\modules\cpe\pdf-generator.service.ts"
"cpe","filter","tenant_id","apps\erp-api\src\modules\cpe\pdf-generator.service.ts"
"documentos","select","id","apps\erp-api\src\modules\cpe\cpe.service.ts"
"documentos","update","documento_id","apps\erp-api\src\modules\cpe\cpe.service.ts"
"documentos","filter","id","apps\erp-api\src\modules\cpe\cpe.service.ts"
"cpe","update","documento_id","apps\erp-api\src\modules\cpe\cpe.service.ts"
"cpe","filter","id","apps\erp-api\src\modules\cpe\cpe.service.ts"
"cpe","filter","tenant_id","apps\erp-api\src\modules\cpe\cpe.service.ts"
"cpe","filter","idempotency_key","apps\erp-api\src\modules\cpe\cpe.service.ts"
"cpe","filter","id","apps\erp-api\src\modules\cpe\cpe.service.ts"
"cpe","filter","documento_id","apps\erp-api\src\modules\cpe\cpe.service.ts"
"cpe","filter","tenant_id","apps\erp-api\src\modules\cpe\cpe.service.ts"
"cpe","filter","tenant_id","apps\erp-api\src\modules\cpe\cpe.service.ts"
"cpe","filter","created_at","apps\erp-api\src\modules\cpe\cpe.service.ts"
"cpe","filter","tenant_id","apps\erp-api\src\modules\cpe\cpe.service.ts"
"cpe","filter","created_at","apps\erp-api\src\modules\cpe\cpe.service.ts"
"cpe","filter","id","apps\erp-api\src\modules\cpe\cpe.service.ts"
"cpe","filter","tenant_id","apps\erp-api\src\modules\cpe\cpe.service.ts"
"cpe","filter","id","apps\erp-api\src\modules\cpe\cpe.service.ts"
"cpe","filter","id","apps\erp-api\src\modules\cpe\cpe.service.ts"
"cpe","filter","tenant_id","apps\erp-api\src\modules\cpe\cpe.service.ts"
"cpe","select","tenant_id","apps\erp-api\src\modules\cpe\cpe.service.ts"
"cpe","select","xml_firmado","apps\erp-api\src\modules\cpe\cpe.service.ts"
"cpe","select","ruc_emisor","apps\erp-api\src\modules\cpe\cpe.service.ts"
"cpe","select","tipo_documento","apps\erp-api\src\modules\cpe\cpe.service.ts"
"cpe","select","serie","apps\erp-api\src\modules\cpe\cpe.service.ts"
"cpe","select","numero","apps\erp-api\src\modules\cpe\cpe.service.ts"
"cpe","filter","id","apps\erp-api\src\modules\cpe\cpe.service.ts"
"cpe","filter","created_at","apps\erp-api\src\modules\cpe\cpe.service.ts"
"cpe","filter","tenant_id","apps\erp-api\src\modules\cpe\cpe.service.ts"
"cpe","filter","tipo_documento","apps\erp-api\src\modules\cpe\cpe.service.ts"
"cpe","filter","estado","apps\erp-api\src\modules\cpe\cpe.service.ts"
"cpe","filter","serie","apps\erp-api\src\modules\cpe\cpe.service.ts"
"cpe","filter","moneda","apps\erp-api\src\modules\cpe\cpe.service.ts"
"cpe","filter","created_at","apps\erp-api\src\modules\cpe\cpe.service.ts"
"cpe","filter","created_at","apps\erp-api\src\modules\cpe\cpe.service.ts"
"cpe","filter","tenant_id","apps\erp-api\src\modules\cpe\cpe.service.ts"
"cpe","filter","created_at","apps\erp-api\src\modules\cpe\cpe.service.ts"
"cpe","filter","tenant_id","apps\erp-api\src\modules\cpe\cpe.service.ts"
"cpe","select","total_venta","apps\erp-api\src\modules\cpe\cpe.service.ts"
"cpe","filter","created_at","apps\erp-api\src\modules\cpe\cpe.service.ts"
"cpe","filter","tenant_id","apps\erp-api\src\modules\cpe\cpe.service.ts"
"cpe","filter","created_at","apps\erp-api\src\modules\cpe\cpe.service.ts"
"cpe","filter","tenant_id","apps\erp-api\src\modules\cpe\cpe.service.ts"
"cpe","select","total_venta","apps\erp-api\src\modules\cpe\cpe.service.ts"
"cpe","filter","created_at","apps\erp-api\src\modules\cpe\cpe.service.ts"
"cpe","filter","tenant_id","apps\erp-api\src\modules\cpe\cpe.service.ts"
"cpe","filter","estado","apps\erp-api\src\modules\cpe\cpe.service.ts"
"cpe","filter","tenant_id","apps\erp-api\src\modules\cpe\cpe.service.ts"
"cpe","filter","estado","apps\erp-api\src\modules\cpe\cpe.service.ts"
"cpe","filter","tenant_id","apps\erp-api\src\modules\cpe\cpe.service.ts"
"cpe","filter","id","apps\erp-api\src\modules\cpe\comunicacion-baja.service.ts"
"cpe","filter","tenant_id","apps\erp-api\src\modules\cpe\comunicacion-baja.service.ts"
"cpe","filter","id","apps\erp-api\src\modules\cpe\comunicacion-baja.service.ts"
"cpe","filter","tenant_id","apps\erp-api\src\modules\cpe\comunicacion-baja.service.ts"
"cpe","update","updated_at","apps\erp-api\src\modules\cpe\comunicacion-baja.service.ts"
"cpe","filter","id","apps\erp-api\src\modules\cpe\comunicacion-baja.service.ts"
"cpe","filter","tenant_id","apps\erp-api\src\modules\cpe\comunicacion-baja.service.ts"
"sesiones_caja","select","id","apps\erp-api\src\modules\cajas\cajas.service.ts"
"sesiones_caja","select","fecha_apertura","apps\erp-api\src\modules\cajas\cajas.service.ts"
"sesiones_caja","select","hora_apertura","apps\erp-api\src\modules\cajas\cajas.service.ts"
"sesiones_caja","select","created_at","apps\erp-api\src\modules\cajas\cajas.service.ts"
"sesiones_caja","select","cajero_id","apps\erp-api\src\modules\cajas\cajas.service.ts"
"sesiones_caja","filter","tenant_id","apps\erp-api\src\modules\cajas\cajas.service.ts"
"sesiones_caja","filter","caja_id","apps\erp-api\src\modules\cajas\cajas.service.ts"
"sesiones_caja","filter","estado","apps\erp-api\src\modules\cajas\cajas.service.ts"
"sesiones_caja","update","estado","apps\erp-api\src\modules\cajas\cajas.service.ts"
"sesiones_caja","update","fecha_cierre","apps\erp-api\src\modules\cajas\cajas.service.ts"
"sesiones_caja","update","hora_cierre","apps\erp-api\src\modules\cajas\cajas.service.ts"
"sesiones_caja","update","cierre_administrativo","apps\erp-api\src\modules\cajas\cajas.service.ts"
"sesiones_caja","update","razon_cierre_administrativo","apps\erp-api\src\modules\cajas\cajas.service.ts"
"sesiones_caja","update","usuario_cierre","apps\erp-api\src\modules\cajas\cajas.service.ts"
"sesiones_caja","filter","tenant_id","apps\erp-api\src\modules\cajas\cajas.service.ts"
"sesiones_caja","filter","id","apps\erp-api\src\modules\cajas\cajas.service.ts"
"sesiones_caja","select","id","apps\erp-api\src\modules\cajas\cajas.service.ts"
"sesiones_caja","select","caja_id","apps\erp-api\src\modules\cajas\cajas.service.ts"
"sesiones_caja","select","fecha_apertura","apps\erp-api\src\modules\cajas\cajas.service.ts"
"sesiones_caja","select","hora_apertura","apps\erp-api\src\modules\cajas\cajas.service.ts"
"sesiones_caja","select","created_at","apps\erp-api\src\modules\cajas\cajas.service.ts"
"sesiones_caja","filter","tenant_id","apps\erp-api\src\modules\cajas\cajas.service.ts"
"sesiones_caja","filter","cajero_id","apps\erp-api\src\modules\cajas\cajas.service.ts"
"sesiones_caja","filter","estado","apps\erp-api\src\modules\cajas\cajas.service.ts"
"sesiones_caja","update","estado","apps\erp-api\src\modules\cajas\cajas.service.ts"
"sesiones_caja","update","fecha_cierre","apps\erp-api\src\modules\cajas\cajas.service.ts"
"sesiones_caja","update","hora_cierre","apps\erp-api\src\modules\cajas\cajas.service.ts"
"sesiones_caja","update","cierre_administrativo","apps\erp-api\src\modules\cajas\cajas.service.ts"
"sesiones_caja","update","razon_cierre_administrativo","apps\erp-api\src\modules\cajas\cajas.service.ts"
"sesiones_caja","update","usuario_cierre","apps\erp-api\src\modules\cajas\cajas.service.ts"
"sesiones_caja","filter","tenant_id","apps\erp-api\src\modules\cajas\cajas.service.ts"
"sesiones_caja","filter","id","apps\erp-api\src\modules\cajas\cajas.service.ts"
"sesiones_caja","select","id","apps\erp-api\src\modules\cajas\cajas.service.ts"
"sesiones_caja","select","caja_id","apps\erp-api\src\modules\cajas\cajas.service.ts"
"sesiones_caja","select","fecha_apertura","apps\erp-api\src\modules\cajas\cajas.service.ts"
"sesiones_caja","select","cajero_id","apps\erp-api\src\modules\cajas\cajas.service.ts"
"sesiones_caja","filter","tenant_id","apps\erp-api\src\modules\cajas\cajas.service.ts"
"sesiones_caja","filter","dispositivo","apps\erp-api\src\modules\cajas\cajas.service.ts"
"sesiones_caja","filter","estado","apps\erp-api\src\modules\cajas\cajas.service.ts"
"sesiones_caja","filter","tenant_id","apps\erp-api\src\modules\cajas\cajas.service.ts"
"sesiones_caja","filter","id","apps\erp-api\src\modules\cajas\cajas.service.ts"
"sesiones_caja","filter","estado","apps\erp-api\src\modules\cajas\cajas.service.ts"
"sesiones_caja","filter","id","apps\erp-api\src\modules\cajas\cajas.service.ts"
"sesiones_caja","filter","tenant_id","apps\erp-api\src\modules\cajas\cajas.service.ts"
"sesiones_caja","filter","tenant_id","apps\erp-api\src\modules\cajas\cajas.service.ts"
"sesiones_caja","filter","caja_id","apps\erp-api\src\modules\cajas\cajas.service.ts"
"sesiones_caja","filter","estado","apps\erp-api\src\modules\cajas\cajas.service.ts"
"sesiones_caja","filter","id","apps\erp-api\src\modules\cajas\cajas.service.ts"
"sesiones_caja","filter","id","apps\erp-api\src\modules\cajas\cajas.service.ts"
"sesiones_caja","filter","tenant_id","apps\erp-api\src\modules\cajas\cajas.service.ts"
"sesiones_caja","filter","estado","apps\erp-api\src\modules\cajas\cajas.service.ts"
"sesiones_caja","filter","tenant_id","apps\erp-api\src\modules\cajas\cajas.service.ts"
"sesiones_caja","filter","estado","apps\erp-api\src\modules\cajas\cajas.service.ts"
"sesiones_caja","filter","cajero_id","apps\erp-api\src\modules\cajas\cajas.service.ts"
"sesiones_caja","filter","fecha_apertura","apps\erp-api\src\modules\cajas\cajas.service.ts"
"sesiones_caja","filter","fecha_apertura","apps\erp-api\src\modules\cajas\cajas.service.ts"
"sesiones_caja","filter","fecha_apertura","apps\erp-api\src\modules\cajas\cajas.service.ts"
"sesiones_caja","select","codigo","apps\erp-api\src\modules\cajas\cajas.service.ts"
"sesiones_caja","filter","tenant_id","apps\erp-api\src\modules\cajas\cajas.service.ts"
"sesiones_caja","filter","id","apps\erp-api\src\modules\cajas\cajas.service.ts"
"movimientos_caja","filter","sesion_caja_id","apps\erp-api\src\modules\cajas\cajas.service.ts"
"movimientos_caja","filter","secuencia","apps\erp-api\src\modules\cajas\cajas.service.ts"
"clientes","select","id","apps\erp-api\src\modules\ventas\clientes\clientes.service.ts"
"clientes","select","numero_documento","apps\erp-api\src\modules\ventas\clientes\clientes.service.ts"
"clientes","filter","tenant_id","apps\erp-api\src\modules\ventas\clientes\clientes.service.ts"
"clientes","filter","numero_documento","apps\erp-api\src\modules\ventas\clientes\clientes.service.ts"
"clientes","filter","tenant_id","apps\erp-api\src\modules\ventas\clientes\clientes.service.ts"
"clientes","filter","tipo","apps\erp-api\src\modules\ventas\clientes\clientes.service.ts"
"clientes","filter","created_at","apps\erp-api\src\modules\ventas\clientes\clientes.service.ts"
"clientes","filter","id","apps\erp-api\src\modules\ventas\clientes\clientes.service.ts"
"clientes","filter","tenant_id","apps\erp-api\src\modules\ventas\clientes\clientes.service.ts"
"clientes","select","id","apps\erp-api\src\modules\ventas\clientes\clientes.service.ts"
"clientes","select","numero_documento","apps\erp-api\src\modules\ventas\clientes\clientes.service.ts"
"clientes","update","updated_at","apps\erp-api\src\modules\ventas\clientes\clientes.service.ts"
"clientes","filter","tenant_id","apps\erp-api\src\modules\ventas\clientes\clientes.service.ts"
"clientes","filter","numero_documento","apps\erp-api\src\modules\ventas\clientes\clientes.service.ts"
"clientes","filter","id","apps\erp-api\src\modules\ventas\clientes\clientes.service.ts"
"clientes","filter","id","apps\erp-api\src\modules\ventas\clientes\clientes.service.ts"
"clientes","filter","tenant_id","apps\erp-api\src\modules\ventas\clientes\clientes.service.ts"
"clientes","update","updated_at","apps\erp-api\src\modules\ventas\clientes\clientes.service.ts"
"clientes","filter","id","apps\erp-api\src\modules\ventas\clientes\clientes.service.ts"
"clientes","filter","tenant_id","apps\erp-api\src\modules\ventas\clientes\clientes.service.ts"
"clientes","filter","id","apps\erp-api\src\modules\ventas\clientes\clientes.service.ts"
"clientes","filter","tenant_id","apps\erp-api\src\modules\ventas\clientes\clientes.service.ts"
"cotizaciones","select","id","apps\erp-api\src\modules\ventas\clientes\clientes.service.ts"
"cotizaciones","filter","cliente_id","apps\erp-api\src\modules\ventas\clientes\clientes.service.ts"
"cotizaciones","filter","cliente_id","apps\erp-api\src\modules\ventas\clientes\clientes.service.ts"
"pedidos_venta","select","id","apps\erp-api\src\modules\ventas\clientes\clientes.service.ts"
"pedidos_venta","filter","cliente_id","apps\erp-api\src\modules\ventas\clientes\clientes.service.ts"
"pedidos_venta","filter","id","apps\erp-api\src\modules\ventas\clientes\clientes.service.ts"
"pedidos_venta","filter","tenant_id","apps\erp-api\src\modules\ventas\clientes\clientes.service.ts"
"cuentas_por_cobrar","select","id","apps\erp-api\src\modules\finanzas\cxc\listeners\cxc-factura.listener.ts"
"cuentas_por_cobrar","select","monto_pendiente","apps\erp-api\src\modules\finanzas\cxc\listeners\cxc-factura.listener.ts"
"cuentas_por_cobrar","select","monto_total","apps\erp-api\src\modules\finanzas\cxc\listeners\cxc-factura.listener.ts"
"cuentas_por_cobrar","select","estado","apps\erp-api\src\modules\finanzas\cxc\listeners\cxc-factura.listener.ts"
"cuentas_por_cobrar","filter","tenant_id","apps\erp-api\src\modules\finanzas\cxc\listeners\cxc-factura.listener.ts"
"cuentas_por_cobrar","filter","documento_id","apps\erp-api\src\modules\finanzas\cxc\listeners\cxc-factura.listener.ts"
"cuentas_por_cobrar","update","estado","apps\erp-api\src\modules\finanzas\cxc\listeners\cxc-factura.listener.ts"
"cuentas_por_cobrar","update","monto_pendiente","apps\erp-api\src\modules\finanzas\cxc\listeners\cxc-factura.listener.ts"
"cuentas_por_cobrar","update","observaciones","apps\erp-api\src\modules\finanzas\cxc\listeners\cxc-factura.listener.ts"
"cuentas_por_cobrar","update","REVERTIDA","apps\erp-api\src\modules\finanzas\cxc\listeners\cxc-factura.listener.ts"
"cuentas_por_cobrar","update","Motivo","apps\erp-api\src\modules\finanzas\cxc\listeners\cxc-factura.listener.ts"
"cuentas_por_cobrar","update","updated_at","apps\erp-api\src\modules\finanzas\cxc\listeners\cxc-factura.listener.ts"
"cuentas_por_cobrar","filter","id","apps\erp-api\src\modules\finanzas\cxc\listeners\cxc-factura.listener.ts"
"cuentas_por_cobrar","filter","tenant_id","apps\erp-api\src\modules\finanzas\cxc\listeners\cxc-factura.listener.ts"
"cuentas_por_cobrar","update","estado","apps\erp-api\src\modules\finanzas\cxc\listeners\cxc-factura.listener.ts"
"cuentas_por_cobrar","update","observaciones","apps\erp-api\src\modules\finanzas\cxc\listeners\cxc-factura.listener.ts"
"cuentas_por_cobrar","update","REVERTIDA","apps\erp-api\src\modules\finanzas\cxc\listeners\cxc-factura.listener.ts"
"cuentas_por_cobrar","update","Motivo","apps\erp-api\src\modules\finanzas\cxc\listeners\cxc-factura.listener.ts"
"cuentas_por_cobrar","update","updated_at","apps\erp-api\src\modules\finanzas\cxc\listeners\cxc-factura.listener.ts"
"cuentas_por_cobrar","filter","id","apps\erp-api\src\modules\finanzas\cxc\listeners\cxc-factura.listener.ts"
"cuentas_por_cobrar","filter","tenant_id","apps\erp-api\src\modules\finanzas\cxc\listeners\cxc-factura.listener.ts"
"clientes","select","id","apps\erp-api\src\modules\finanzas\cxc\cxc.service.ts"
"clientes","select","razon_social","apps\erp-api\src\modules\finanzas\cxc\cxc.service.ts"
"clientes","select","sujeto_retencion","apps\erp-api\src\modules\finanzas\cxc\cxc.service.ts"
"clientes","select","retencion_tasa","apps\erp-api\src\modules\finanzas\cxc\cxc.service.ts"
"clientes","select","sujeto_percepcion","apps\erp-api\src\modules\finanzas\cxc\cxc.service.ts"
"clientes","select","percepcion_tasa","apps\erp-api\src\modules\finanzas\cxc\cxc.service.ts"
"clientes","select","sujeto_detraccion","apps\erp-api\src\modules\finanzas\cxc\cxc.service.ts"
"clientes","select","detraccion_tasa","apps\erp-api\src\modules\finanzas\cxc\cxc.service.ts"
"clientes","filter","id","apps\erp-api\src\modules\finanzas\cxc\cxc.service.ts"
"clientes","filter","tenant_id","apps\erp-api\src\modules\finanzas\cxc\cxc.service.ts"
"clientes","select","id","apps\erp-api\src\modules\finanzas\cxc\cxc.service.ts"
"clientes","filter","tenant_id","apps\erp-api\src\modules\finanzas\cxc\cxc.service.ts"
"clientes","filter","numero_documento","apps\erp-api\src\modules\finanzas\cxc\cxc.service.ts"
"clientes","select","id","apps\erp-api\src\modules\finanzas\cxc\cxc.service.ts"
"clientes","select","numero_documento","apps\erp-api\src\modules\finanzas\cxc\cxc.service.ts"
"clientes","filter","tenant_id","apps\erp-api\src\modules\finanzas\cxc\cxc.service.ts"
"clientes","filter","id","apps\erp-api\src\modules\finanzas\cxc\cxc.service.ts"
"clientes","filter","tenant_id","apps\erp-api\src\modules\finanzas\cxc\cxc.service.ts"
"clientes","select","id","apps\erp-api\src\modules\finanzas\cxc\cxc.service.ts"
"clientes","select","numero_documento","apps\erp-api\src\modules\finanzas\cxc\cxc.service.ts"
"clientes","filter","tenant_id","apps\erp-api\src\modules\finanzas\cxc\cxc.service.ts"
"clientes","filter","numero_documento","apps\erp-api\src\modules\finanzas\cxc\cxc.service.ts"
"clientes","select","id","apps\erp-api\src\modules\finanzas\cxc\cxc.service.ts"
"clientes","select","numero_documento","apps\erp-api\src\modules\finanzas\cxc\cxc.service.ts"
"cuentas_por_cobrar","filter","tenant_id","apps\erp-api\src\modules\finanzas\cxc\cxc.service.ts"
"cuentas_por_cobrar","filter","estado","apps\erp-api\src\modules\finanzas\cxc\cxc.service.ts"
"cuentas_por_cobrar","filter","cliente_id","apps\erp-api\src\modules\finanzas\cxc\cxc.service.ts"
"cuentas_por_cobrar","filter","fecha_vencimiento","apps\erp-api\src\modules\finanzas\cxc\cxc.service.ts"
"cuentas_por_cobrar","filter","estado","apps\erp-api\src\modules\finanzas\cxc\cxc.service.ts"
"cuentas_por_cobrar","select","id","apps\erp-api\src\modules\finanzas\cxc\cxc.service.ts"
"cuentas_por_cobrar","filter","tenant_id","apps\erp-api\src\modules\finanzas\cxc\cxc.service.ts"
"cuentas_por_cobrar","filter","idempotency_key","apps\erp-api\src\modules\finanzas\cxc\cxc.service.ts"
"cuentas_por_cobrar","select","id","apps\erp-api\src\modules\finanzas\cxc\cxc.service.ts"
"cuentas_por_cobrar","filter","tenant_id","apps\erp-api\src\modules\finanzas\cxc\cxc.service.ts"
"cuentas_por_cobrar","filter","documento_id","apps\erp-api\src\modules\finanzas\cxc\cxc.service.ts"
"cuentas_por_cobrar","filter","tenant_id","apps\erp-api\src\modules\finanzas\cxc\cxc.service.ts"
"cuentas_por_cobrar","filter","id","apps\erp-api\src\modules\finanzas\cxc\cxc.service.ts"
"cuentas_por_cobrar","filter","fecha_pago","apps\erp-api\src\modules\finanzas\cxc\cxc.service.ts"
"cuentas_por_cobrar","update","monto_pendiente","apps\erp-api\src\modules\finanzas\cxc\cxc.service.ts"
"cuentas_por_cobrar","update","estado","apps\erp-api\src\modules\finanzas\cxc\cxc.service.ts"
"cuentas_por_cobrar","update","dias_mora","apps\erp-api\src\modules\finanzas\cxc\cxc.service.ts"
"cuentas_por_cobrar","update","retencion_total","apps\erp-api\src\modules\finanzas\cxc\cxc.service.ts"
"cuentas_por_cobrar","update","percepcion_total","apps\erp-api\src\modules\finanzas\cxc\cxc.service.ts"
"cuentas_por_cobrar","update","detraccion_total","apps\erp-api\src\modules\finanzas\cxc\cxc.service.ts"
"cuentas_por_cobrar","update","anticipo_total","apps\erp-api\src\modules\finanzas\cxc\cxc.service.ts"
"cuentas_por_cobrar","update","updated_at","apps\erp-api\src\modules\finanzas\cxc\cxc.service.ts"
"cuentas_por_cobrar","filter","id","apps\erp-api\src\modules\finanzas\cxc\cxc.service.ts"
"cuentas_por_cobrar","filter","tenant_id","apps\erp-api\src\modules\finanzas\cxc\cxc.service.ts"
"cuentas_por_cobrar","update","fecha_vencimiento","apps\erp-api\src\modules\finanzas\cxc\cxc.service.ts"
"cuentas_por_cobrar","update","dias_mora","apps\erp-api\src\modules\finanzas\cxc\cxc.service.ts"
"cuentas_por_cobrar","update","updated_at","apps\erp-api\src\modules\finanzas\cxc\cxc.service.ts"
"cuentas_por_cobrar","filter","tenant_id","apps\erp-api\src\modules\finanzas\cxc\cxc.service.ts"
"cuentas_por_cobrar","filter","id","apps\erp-api\src\modules\finanzas\cxc\cxc.service.ts"
"cuentas_por_cobrar","filter","tenant_id","apps\erp-api\src\modules\finanzas\cxc\cxc.service.ts"
"cuentas_por_cobrar","filter","documento_id","apps\erp-api\src\modules\finanzas\cxc\cxc.service.ts"
"cxc_pagos","select","id","apps\erp-api\src\modules\finanzas\cxc\cxc.service.ts"
"cxc_pagos","filter","tenant_id","apps\erp-api\src\modules\finanzas\cxc\cxc.service.ts"
"cxc_pagos","filter","cuenta_id","apps\erp-api\src\modules\finanzas\cxc\cxc.service.ts"
"cxc_pagos","filter","referencia","apps\erp-api\src\modules\finanzas\cxc\cxc.service.ts"
"cxc_pagos","update","idempotency_key","apps\erp-api\src\modules\finanzas\cxc\cxc.service.ts"
"cxc_pagos","update","updated_at","apps\erp-api\src\modules\finanzas\cxc\cxc.service.ts"
"cxc_pagos","filter","id","apps\erp-api\src\modules\finanzas\cxc\cxc.service.ts"
"cxc_pagos","filter","tenant_id","apps\erp-api\src\modules\finanzas\cxc\cxc.service.ts"
"cxc_pagos","update","saldo","apps\erp-api\src\modules\finanzas\cxc\cxc.service.ts"
"cxc_pagos","update","updated_at","apps\erp-api\src\modules\finanzas\cxc\cxc.service.ts"
"cxc_pagos","filter","id","apps\erp-api\src\modules\finanzas\cxc\cxc.service.ts"
"cxc_pagos","filter","tenant_id","apps\erp-api\src\modules\finanzas\cxc\cxc.service.ts"
"cxc_pagos","filter","id","apps\erp-api\src\modules\finanzas\cxc\cxc.service.ts"
"cxc_pagos","filter","id","apps\erp-api\src\modules\finanzas\cxc\cxc.service.ts"
"cuentas_bancarias","select","id","apps\erp-api\src\modules\finanzas\cxc\cxc.service.ts"
"cuentas_bancarias","select","nombre","apps\erp-api\src\modules\finanzas\cxc\cxc.service.ts"
"cuentas_bancarias","select","saldo","apps\erp-api\src\modules\finanzas\cxc\cxc.service.ts"
"cuentas_bancarias","select","moneda","apps\erp-api\src\modules\finanzas\cxc\cxc.service.ts"
"cuentas_bancarias","select","permite_sobregiro","apps\erp-api\src\modules\finanzas\cxc\cxc.service.ts"
"cuentas_bancarias","select","activa","apps\erp-api\src\modules\finanzas\cxc\cxc.service.ts"
"cuentas_bancarias","filter","tenant_id","apps\erp-api\src\modules\finanzas\cxc\cxc.service.ts"
"cuentas_bancarias","filter","id","apps\erp-api\src\modules\finanzas\cxc\cxc.service.ts"
"cuentas_bancarias","update","saldo","apps\erp-api\src\modules\finanzas\cxc\cxc.service.ts"
"cuentas_bancarias","update","updated_at","apps\erp-api\src\modules\finanzas\cxc\cxc.service.ts"
"cuentas_bancarias","filter","tenant_id","apps\erp-api\src\modules\finanzas\cxc\cxc.service.ts"
"cuentas_bancarias","filter","id","apps\erp-api\src\modules\finanzas\cxc\cxc.service.ts"
"cuentas_bancarias","filter","id","apps\erp-api\src\modules\finanzas\cxc\cxc.service.ts"
"cuentas_bancarias","filter","id","apps\erp-api\src\modules\finanzas\cxc\cxc.service.ts"
"movimientos_bancarios","filter","id","apps\erp-api\src\modules\finanzas\cxc\cxc.service.ts"
"movimientos_bancarios","filter","id","apps\erp-api\src\modules\finanzas\cxc\cxc.service.ts"
"documentos","select","id","apps\erp-api\src\modules\finanzas\cxc\cxc.service.ts"
"documentos","select","serie","apps\erp-api\src\modules\finanzas\cxc\cxc.service.ts"
"documentos","select","numero","apps\erp-api\src\modules\finanzas\cxc\cxc.service.ts"
"documentos","update","documento_id","apps\erp-api\src\modules\finanzas\cxc\cxc.service.ts"
"documentos","filter","tenant_id","apps\erp-api\src\modules\finanzas\cxc\cxc.service.ts"
"documentos","filter","serie","apps\erp-api\src\modules\finanzas\cxc\cxc.service.ts"
"documentos","filter","numero","apps\erp-api\src\modules\finanzas\cxc\cxc.service.ts"
"documentos","filter","id","apps\erp-api\src\modules\finanzas\cxc\cxc.service.ts"
"documentos","select","id","apps\erp-api\src\modules\finanzas\cxc\cxc.service.ts"
"documentos","update","documento_id","apps\erp-api\src\modules\finanzas\cxc\cxc.service.ts"
"documentos","filter","tenant_id","apps\erp-api\src\modules\finanzas\cxc\cxc.service.ts"
"documentos","filter","serie","apps\erp-api\src\modules\finanzas\cxc\cxc.service.ts"
"documentos","filter","numero","apps\erp-api\src\modules\finanzas\cxc\cxc.service.ts"
"documentos","filter","id","apps\erp-api\src\modules\finanzas\cxc\cxc.service.ts"
"cpe","filter","tenant_id","apps\erp-api\src\modules\finanzas\cxc\cxc.service.ts"
"cpe","filter","id","apps\erp-api\src\modules\finanzas\cxc\cxc.service.ts"
"cpe","update","documento_id","apps\erp-api\src\modules\finanzas\cxc\cxc.service.ts"
"cpe","filter","id","apps\erp-api\src\modules\finanzas\cxc\cxc.service.ts"
"cpe","filter","id","apps\erp-api\src\modules\finanzas\cxc\cxc.service.ts"
"cpe","update","documento_id","apps\erp-api\src\modules\finanzas\cxc\cxc.service.ts"
"cpe","filter","id","apps\erp-api\src\modules\finanzas\cxc\cxc.service.ts"
"cpe","filter","tenant_id","apps\erp-api\src\modules\finanzas\cxc\cxc.service.ts"
"cpe","filter","id","apps\erp-api\src\modules\finanzas\cxc\cxc.service.ts"
"cuentas_bancarias","select","id","apps\erp-api\src\modules\finanzas\conciliacion\conciliacion.service.ts"
"cuentas_bancarias","select","banco","apps\erp-api\src\modules\finanzas\conciliacion\conciliacion.service.ts"
"cuentas_bancarias","select","numero_cuenta","apps\erp-api\src\modules\finanzas\conciliacion\conciliacion.service.ts"
"cuentas_bancarias","select","saldo_actual","apps\erp-api\src\modules\finanzas\conciliacion\conciliacion.service.ts"
"cuentas_bancarias","select","saldo_contable","apps\erp-api\src\modules\finanzas\conciliacion\conciliacion.service.ts"
"cuentas_bancarias","select","moneda","apps\erp-api\src\modules\finanzas\conciliacion\conciliacion.service.ts"
"cuentas_bancarias","filter","tenant_id","apps\erp-api\src\modules\finanzas\conciliacion\conciliacion.service.ts"
"cuentas_bancarias","filter","id","apps\erp-api\src\modules\finanzas\conciliacion\conciliacion.service.ts"
"movimientos_bancarios","select","tipo","apps\erp-api\src\modules\finanzas\conciliacion\conciliacion.service.ts"
"movimientos_bancarios","select","monto","apps\erp-api\src\modules\finanzas\conciliacion\conciliacion.service.ts"
"movimientos_bancarios","filter","tenant_id","apps\erp-api\src\modules\finanzas\conciliacion\conciliacion.service.ts"
"movimientos_bancarios","filter","cuenta_bancaria_id","apps\erp-api\src\modules\finanzas\conciliacion\conciliacion.service.ts"
"movimientos_bancarios","filter","fecha","apps\erp-api\src\modules\finanzas\conciliacion\conciliacion.service.ts"
"movimientos_bancarios","update","saldo_banco","apps\erp-api\src\modules\finanzas\conciliacion\conciliacion.service.ts"
"movimientos_bancarios","update","diferencia","apps\erp-api\src\modules\finanzas\conciliacion\conciliacion.service.ts"
"movimientos_bancarios","update","estado","apps\erp-api\src\modules\finanzas\conciliacion\conciliacion.service.ts"
"movimientos_bancarios","update","updated_at","apps\erp-api\src\modules\finanzas\conciliacion\conciliacion.service.ts"
"movimientos_bancarios","filter","id","apps\erp-api\src\modules\finanzas\conciliacion\conciliacion.service.ts"
"movimientos_bancarios","filter","tenant_id","apps\erp-api\src\modules\finanzas\conciliacion\conciliacion.service.ts"
"movimientos_bancarios","filter","cuenta_bancaria_id","apps\erp-api\src\modules\finanzas\conciliacion\conciliacion.service.ts"
"movimientos_bancarios","filter","conciliado","apps\erp-api\src\modules\finanzas\conciliacion\conciliacion.service.ts"
"movimientos_bancarios","filter","es_extracto","apps\erp-api\src\modules\finanzas\conciliacion\conciliacion.service.ts"
"movimientos_bancarios","filter","fecha","apps\erp-api\src\modules\finanzas\conciliacion\conciliacion.service.ts"
"movimientos_bancarios","filter","fecha","apps\erp-api\src\modules\finanzas\conciliacion\conciliacion.service.ts"
"movimientos_bancarios","filter","fecha","apps\erp-api\src\modules\finanzas\conciliacion\conciliacion.service.ts"
"movimientos_bancarios","filter","tenant_id","apps\erp-api\src\modules\finanzas\conciliacion\conciliacion.service.ts"
"movimientos_bancarios","filter","cuenta_bancaria_id","apps\erp-api\src\modules\finanzas\conciliacion\conciliacion.service.ts"
"movimientos_bancarios","filter","conciliado","apps\erp-api\src\modules\finanzas\conciliacion\conciliacion.service.ts"
"movimientos_bancarios","filter","es_extracto","apps\erp-api\src\modules\finanzas\conciliacion\conciliacion.service.ts"
"movimientos_bancarios","filter","conciliacion_id","apps\erp-api\src\modules\finanzas\conciliacion\conciliacion.service.ts"
"movimientos_bancarios","filter","fecha","apps\erp-api\src\modules\finanzas\conciliacion\conciliacion.service.ts"
"movimientos_bancarios","update","conciliado","apps\erp-api\src\modules\finanzas\conciliacion\conciliacion.service.ts"
"movimientos_bancarios","update","match_automatico","apps\erp-api\src\modules\finanzas\conciliacion\conciliacion.service.ts"
"movimientos_bancarios","update","match_id","apps\erp-api\src\modules\finanzas\conciliacion\conciliacion.service.ts"
"movimientos_bancarios","update","updated_at","apps\erp-api\src\modules\finanzas\conciliacion\conciliacion.service.ts"
"movimientos_bancarios","filter","id","apps\erp-api\src\modules\finanzas\conciliacion\conciliacion.service.ts"
"movimientos_bancarios","filter","tenant_id","apps\erp-api\src\modules\finanzas\conciliacion\conciliacion.service.ts"
"movimientos_bancarios","update","conciliado","apps\erp-api\src\modules\finanzas\conciliacion\conciliacion.service.ts"
"movimientos_bancarios","update","match_automatico","apps\erp-api\src\modules\finanzas\conciliacion\conciliacion.service.ts"
"movimientos_bancarios","update","match_id","apps\erp-api\src\modules\finanzas\conciliacion\conciliacion.service.ts"
"movimientos_bancarios","update","updated_at","apps\erp-api\src\modules\finanzas\conciliacion\conciliacion.service.ts"
"movimientos_bancarios","filter","id","apps\erp-api\src\modules\finanzas\conciliacion\conciliacion.service.ts"
"movimientos_bancarios","filter","tenant_id","apps\erp-api\src\modules\finanzas\conciliacion\conciliacion.service.ts"
"movimientos_bancarios","filter","tenant_id","apps\erp-api\src\modules\finanzas\conciliacion\conciliacion.service.ts"
"movimientos_bancarios","filter","id","apps\erp-api\src\modules\finanzas\conciliacion\conciliacion.service.ts"
"movimientos_bancarios","filter","cuenta_bancaria_id","apps\erp-api\src\modules\finanzas\conciliacion\conciliacion.service.ts"
"movimientos_bancarios","filter","es_extracto","apps\erp-api\src\modules\finanzas\conciliacion\conciliacion.service.ts"
"movimientos_bancarios","filter","tenant_id","apps\erp-api\src\modules\finanzas\conciliacion\conciliacion.service.ts"
"movimientos_bancarios","filter","id","apps\erp-api\src\modules\finanzas\conciliacion\conciliacion.service.ts"
"movimientos_bancarios","filter","cuenta_bancaria_id","apps\erp-api\src\modules\finanzas\conciliacion\conciliacion.service.ts"
"movimientos_bancarios","filter","es_extracto","apps\erp-api\src\modules\finanzas\conciliacion\conciliacion.service.ts"
"movimientos_bancarios","filter","conciliacion_id","apps\erp-api\src\modules\finanzas\conciliacion\conciliacion.service.ts"
"movimientos_bancarios","update","conciliado","apps\erp-api\src\modules\finanzas\conciliacion\conciliacion.service.ts"
"movimientos_bancarios","update","match_automatico","apps\erp-api\src\modules\finanzas\conciliacion\conciliacion.service.ts"
"movimientos_bancarios","update","match_id","apps\erp-api\src\modules\finanzas\conciliacion\conciliacion.service.ts"
"movimientos_bancarios","update","diferencia_conciliacion","apps\erp-api\src\modules\finanzas\conciliacion\conciliacion.service.ts"
"movimientos_bancarios","update","movimiento_relacionado_id","apps\erp-api\src\modules\finanzas\conciliacion\conciliacion.service.ts"
"movimientos_bancarios","update","updated_at","apps\erp-api\src\modules\finanzas\conciliacion\conciliacion.service.ts"
"movimientos_bancarios","filter","id","apps\erp-api\src\modules\finanzas\conciliacion\conciliacion.service.ts"
"movimientos_bancarios","filter","tenant_id","apps\erp-api\src\modules\finanzas\conciliacion\conciliacion.service.ts"
"movimientos_bancarios","update","conciliado","apps\erp-api\src\modules\finanzas\conciliacion\conciliacion.service.ts"
"movimientos_bancarios","update","match_automatico","apps\erp-api\src\modules\finanzas\conciliacion\conciliacion.service.ts"
"movimientos_bancarios","update","match_id","apps\erp-api\src\modules\finanzas\conciliacion\conciliacion.service.ts"
"movimientos_bancarios","update","diferencia_conciliacion","apps\erp-api\src\modules\finanzas\conciliacion\conciliacion.service.ts"
"movimientos_bancarios","update","movimiento_relacionado_id","apps\erp-api\src\modules\finanzas\conciliacion\conciliacion.service.ts"
"movimientos_bancarios","update","updated_at","apps\erp-api\src\modules\finanzas\conciliacion\conciliacion.service.ts"
"movimientos_bancarios","filter","id","apps\erp-api\src\modules\finanzas\conciliacion\conciliacion.service.ts"
"movimientos_bancarios","filter","tenant_id","apps\erp-api\src\modules\finanzas\conciliacion\conciliacion.service.ts"
"movimientos_bancarios","select","id","apps\erp-api\src\modules\finanzas\conciliacion\conciliacion.service.ts"
"movimientos_bancarios","select","conciliado","apps\erp-api\src\modules\finanzas\conciliacion\conciliacion.service.ts"
"movimientos_bancarios","select","tipo","apps\erp-api\src\modules\finanzas\conciliacion\conciliacion.service.ts"
"movimientos_bancarios","select","monto","apps\erp-api\src\modules\finanzas\conciliacion\conciliacion.service.ts"
"movimientos_bancarios","select","fecha","apps\erp-api\src\modules\finanzas\conciliacion\conciliacion.service.ts"
"movimientos_bancarios","select","descripcion","apps\erp-api\src\modules\finanzas\conciliacion\conciliacion.service.ts"
"movimientos_bancarios","select","referencia","apps\erp-api\src\modules\finanzas\conciliacion\conciliacion.service.ts"
"movimientos_bancarios","filter","tenant_id","apps\erp-api\src\modules\finanzas\conciliacion\conciliacion.service.ts"
"movimientos_bancarios","filter","cuenta_bancaria_id","apps\erp-api\src\modules\finanzas\conciliacion\conciliacion.service.ts"
"movimientos_bancarios","filter","es_extracto","apps\erp-api\src\modules\finanzas\conciliacion\conciliacion.service.ts"
"movimientos_bancarios","filter","fecha","apps\erp-api\src\modules\finanzas\conciliacion\conciliacion.service.ts"
"movimientos_bancarios","filter","fecha","apps\erp-api\src\modules\finanzas\conciliacion\conciliacion.service.ts"
"movimientos_bancarios","filter","fecha","apps\erp-api\src\modules\finanzas\conciliacion\conciliacion.service.ts"
"movimientos_bancarios","select","id","apps\erp-api\src\modules\finanzas\conciliacion\conciliacion.service.ts"
"movimientos_bancarios","select","conciliado","apps\erp-api\src\modules\finanzas\conciliacion\conciliacion.service.ts"
"movimientos_bancarios","select","tipo","apps\erp-api\src\modules\finanzas\conciliacion\conciliacion.service.ts"
"movimientos_bancarios","select","monto","apps\erp-api\src\modules\finanzas\conciliacion\conciliacion.service.ts"
"movimientos_bancarios","select","fecha","apps\erp-api\src\modules\finanzas\conciliacion\conciliacion.service.ts"
"movimientos_bancarios","select","descripcion","apps\erp-api\src\modules\finanzas\conciliacion\conciliacion.service.ts"
"movimientos_bancarios","select","referencia","apps\erp-api\src\modules\finanzas\conciliacion\conciliacion.service.ts"
"movimientos_bancarios","filter","tenant_id","apps\erp-api\src\modules\finanzas\conciliacion\conciliacion.service.ts"
"movimientos_bancarios","filter","cuenta_bancaria_id","apps\erp-api\src\modules\finanzas\conciliacion\conciliacion.service.ts"
"movimientos_bancarios","filter","es_extracto","apps\erp-api\src\modules\finanzas\conciliacion\conciliacion.service.ts"
"movimientos_bancarios","filter","conciliacion_id","apps\erp-api\src\modules\finanzas\conciliacion\conciliacion.service.ts"
"movimientos_bancarios","filter","fecha","apps\erp-api\src\modules\finanzas\conciliacion\conciliacion.service.ts"
"movimientos_bancarios","select","id","apps\erp-api\src\modules\finanzas\conciliacion\conciliacion.service.ts"
"movimientos_bancarios","select","conciliado","apps\erp-api\src\modules\finanzas\conciliacion\conciliacion.service.ts"
"movimientos_bancarios","select","tipo","apps\erp-api\src\modules\finanzas\conciliacion\conciliacion.service.ts"
"movimientos_bancarios","select","monto","apps\erp-api\src\modules\finanzas\conciliacion\conciliacion.service.ts"
"movimientos_bancarios","filter","tenant_id","apps\erp-api\src\modules\finanzas\conciliacion\conciliacion.service.ts"
"movimientos_bancarios","filter","cuenta_bancaria_id","apps\erp-api\src\modules\finanzas\conciliacion\conciliacion.service.ts"
"movimientos_bancarios","filter","es_extracto","apps\erp-api\src\modules\finanzas\conciliacion\conciliacion.service.ts"
"movimientos_bancarios","filter","fecha","apps\erp-api\src\modules\finanzas\conciliacion\conciliacion.service.ts"
"movimientos_bancarios","filter","fecha","apps\erp-api\src\modules\finanzas\conciliacion\conciliacion.service.ts"
"movimientos_bancarios","select","id","apps\erp-api\src\modules\finanzas\conciliacion\conciliacion.service.ts"
"movimientos_bancarios","select","conciliado","apps\erp-api\src\modules\finanzas\conciliacion\conciliacion.service.ts"
"movimientos_bancarios","select","tipo","apps\erp-api\src\modules\finanzas\conciliacion\conciliacion.service.ts"
"movimientos_bancarios","select","monto","apps\erp-api\src\modules\finanzas\conciliacion\conciliacion.service.ts"
"movimientos_bancarios","filter","tenant_id","apps\erp-api\src\modules\finanzas\conciliacion\conciliacion.service.ts"
"movimientos_bancarios","filter","cuenta_bancaria_id","apps\erp-api\src\modules\finanzas\conciliacion\conciliacion.service.ts"
"movimientos_bancarios","filter","es_extracto","apps\erp-api\src\modules\finanzas\conciliacion\conciliacion.service.ts"
"movimientos_bancarios","filter","conciliacion_id","apps\erp-api\src\modules\finanzas\conciliacion\conciliacion.service.ts"
"movimientos_bancarios","select","id","apps\erp-api\src\modules\finanzas\conciliacion\conciliacion.service.ts"
"movimientos_bancarios","select","conciliado","apps\erp-api\src\modules\finanzas\conciliacion\conciliacion.service.ts"
"movimientos_bancarios","filter","tenant_id","apps\erp-api\src\modules\finanzas\conciliacion\conciliacion.service.ts"
"movimientos_bancarios","filter","cuenta_bancaria_id","apps\erp-api\src\modules\finanzas\conciliacion\conciliacion.service.ts"
"movimientos_bancarios","filter","es_extracto","apps\erp-api\src\modules\finanzas\conciliacion\conciliacion.service.ts"
"movimientos_bancarios","filter","fecha","apps\erp-api\src\modules\finanzas\conciliacion\conciliacion.service.ts"
"movimientos_bancarios","filter","fecha","apps\erp-api\src\modules\finanzas\conciliacion\conciliacion.service.ts"
"movimientos_bancarios","filter","tenant_id","apps\erp-api\src\modules\finanzas\conciliacion\conciliacion.service.ts"
"movimientos_bancarios","filter","cuenta_bancaria_id","apps\erp-api\src\modules\finanzas\conciliacion\conciliacion.service.ts"
"movimientos_bancarios","filter","es_extracto","apps\erp-api\src\modules\finanzas\conciliacion\conciliacion.service.ts"
"movimientos_bancarios","filter","conciliacion_id","apps\erp-api\src\modules\finanzas\conciliacion\conciliacion.service.ts"
"movimientos_bancarios","select","id","apps\erp-api\src\modules\finanzas\conciliacion\conciliacion.service.ts"
"movimientos_bancarios","select","conciliado","apps\erp-api\src\modules\finanzas\conciliacion\conciliacion.service.ts"
"movimientos_bancarios","filter","tenant_id","apps\erp-api\src\modules\finanzas\conciliacion\conciliacion.service.ts"
"movimientos_bancarios","filter","cuenta_bancaria_id","apps\erp-api\src\modules\finanzas\conciliacion\conciliacion.service.ts"
"movimientos_bancarios","filter","es_extracto","apps\erp-api\src\modules\finanzas\conciliacion\conciliacion.service.ts"
"movimientos_bancarios","filter","conciliacion_id","apps\erp-api\src\modules\finanzas\conciliacion\conciliacion.service.ts"
"conciliaciones_bancarias","filter","tenant_id","apps\erp-api\src\modules\finanzas\conciliacion\conciliacion.service.ts"
"conciliaciones_bancarias","filter","created_at","apps\erp-api\src\modules\finanzas\conciliacion\conciliacion.service.ts"
"conciliaciones_bancarias","filter","cuenta_bancaria_id","apps\erp-api\src\modules\finanzas\conciliacion\conciliacion.service.ts"
"conciliaciones_bancarias","filter","estado","apps\erp-api\src\modules\finanzas\conciliacion\conciliacion.service.ts"
"conciliaciones_bancarias","filter","periodo","apps\erp-api\src\modules\finanzas\conciliacion\conciliacion.service.ts"
"conciliaciones_bancarias","filter","tenant_id","apps\erp-api\src\modules\finanzas\conciliacion\conciliacion.service.ts"
"conciliaciones_bancarias","filter","id","apps\erp-api\src\modules\finanzas\conciliacion\conciliacion.service.ts"
"conciliaciones_bancarias","select","id","apps\erp-api\src\modules\finanzas\conciliacion\conciliacion.service.ts"
"conciliaciones_bancarias","select","periodo","apps\erp-api\src\modules\finanzas\conciliacion\conciliacion.service.ts"
"conciliaciones_bancarias","filter","tenant_id","apps\erp-api\src\modules\finanzas\conciliacion\conciliacion.service.ts"
"conciliaciones_bancarias","filter","cuenta_bancaria_id","apps\erp-api\src\modules\finanzas\conciliacion\conciliacion.service.ts"
"conciliaciones_bancarias","filter","periodo","apps\erp-api\src\modules\finanzas\conciliacion\conciliacion.service.ts"
"conciliaciones_bancarias","select","banco","apps\erp-api\src\modules\finanzas\conciliacion\conciliacion.service.ts"
"conciliaciones_bancarias","select","numero_cuenta","apps\erp-api\src\modules\finanzas\conciliacion\conciliacion.service.ts"
"conciliaciones_bancarias","select","moneda","apps\erp-api\src\modules\finanzas\conciliacion\conciliacion.service.ts"
"conciliaciones_bancarias","select","saldo_actual","apps\erp-api\src\modules\finanzas\conciliacion\conciliacion.service.ts"
"conciliaciones_bancarias","filter","tenant_id","apps\erp-api\src\modules\finanzas\conciliacion\conciliacion.service.ts"
"conciliaciones_bancarias","filter","id","apps\erp-api\src\modules\finanzas\conciliacion\conciliacion.service.ts"
"conciliaciones_bancarias","update","saldo_banco","apps\erp-api\src\modules\finanzas\conciliacion\conciliacion.service.ts"
"conciliaciones_bancarias","update","diferencia","apps\erp-api\src\modules\finanzas\conciliacion\conciliacion.service.ts"
"conciliaciones_bancarias","update","estado","apps\erp-api\src\modules\finanzas\conciliacion\conciliacion.service.ts"
"conciliaciones_bancarias","update","updated_at","apps\erp-api\src\modules\finanzas\conciliacion\conciliacion.service.ts"
"conciliaciones_bancarias","filter","id","apps\erp-api\src\modules\finanzas\conciliacion\conciliacion.service.ts"
"conciliaciones_bancarias","filter","tenant_id","apps\erp-api\src\modules\finanzas\conciliacion\conciliacion.service.ts"
"conciliaciones_bancarias","filter","tenant_id","apps\erp-api\src\modules\finanzas\conciliacion\conciliacion.service.ts"
"conciliaciones_bancarias","filter","id","apps\erp-api\src\modules\finanzas\conciliacion\conciliacion.service.ts"
"conciliaciones_bancarias","select","estado","apps\erp-api\src\modules\finanzas\conciliacion\conciliacion.service.ts"
"conciliaciones_bancarias","select","cuenta_bancaria_id","apps\erp-api\src\modules\finanzas\conciliacion\conciliacion.service.ts"
"conciliaciones_bancarias","filter","tenant_id","apps\erp-api\src\modules\finanzas\conciliacion\conciliacion.service.ts"
"conciliaciones_bancarias","filter","id","apps\erp-api\src\modules\finanzas\conciliacion\conciliacion.service.ts"
"conciliaciones_bancarias","select","numero_cuenta","apps\erp-api\src\modules\finanzas\conciliacion\conciliacion.service.ts"
"conciliaciones_bancarias","filter","tenant_id","apps\erp-api\src\modules\finanzas\conciliacion\conciliacion.service.ts"
"conciliaciones_bancarias","filter","id","apps\erp-api\src\modules\finanzas\conciliacion\conciliacion.service.ts"
"conciliaciones_bancarias","select","numero_cuenta","apps\erp-api\src\modules\finanzas\conciliacion\conciliacion.service.ts"
"conciliaciones_bancarias","filter","tenant_id","apps\erp-api\src\modules\finanzas\conciliacion\conciliacion.service.ts"
"conciliaciones_bancarias","filter","id","apps\erp-api\src\modules\finanzas\conciliacion\conciliacion.service.ts"
"conciliaciones_bancarias","select","numero_cuenta","apps\erp-api\src\modules\finanzas\conciliacion\conciliacion.service.ts"
"conciliaciones_bancarias","update","estado","apps\erp-api\src\modules\finanzas\conciliacion\conciliacion.service.ts"
"conciliaciones_bancarias","update","cerrado_at","apps\erp-api\src\modules\finanzas\conciliacion\conciliacion.service.ts"
"conciliaciones_bancarias","update","cerrado_by","apps\erp-api\src\modules\finanzas\conciliacion\conciliacion.service.ts"
"conciliaciones_bancarias","update","observaciones","apps\erp-api\src\modules\finanzas\conciliacion\conciliacion.service.ts"
"conciliaciones_bancarias","update","updated_at","apps\erp-api\src\modules\finanzas\conciliacion\conciliacion.service.ts"
"conciliaciones_bancarias","filter","id","apps\erp-api\src\modules\finanzas\conciliacion\conciliacion.service.ts"
"conciliaciones_bancarias","filter","tenant_id","apps\erp-api\src\modules\finanzas\conciliacion\conciliacion.service.ts"
"conciliaciones_bancarias","filter","tenant_id","apps\erp-api\src\modules\finanzas\conciliacion\conciliacion.service.ts"
"conciliaciones_bancarias","filter","estado","apps\erp-api\src\modules\finanzas\conciliacion\conciliacion.service.ts"
"conciliaciones_bancarias","filter","created_at","apps\erp-api\src\modules\finanzas\conciliacion\conciliacion.service.ts"
"productos","select","tenant_id","apps\erp-api\src\modules\notifications\inventory-stock-alerts.listener.ts"
"productos","filter","id","apps\erp-api\src\modules\notifications\inventory-stock-alerts.listener.ts"
"proveedores","select","id","apps\erp-api\src\modules\finanzas\bancos\bancos.service.ts"
"proveedores","filter","tenant_id","apps\erp-api\src\modules\finanzas\bancos\bancos.service.ts"
"proveedores","filter","id","apps\erp-api\src\modules\finanzas\bancos\bancos.service.ts"
"cuentas_bancarias","select","id","apps\erp-api\src\modules\finanzas\bancos\bancos.service.ts"
"cuentas_bancarias","select","numero_cuenta","apps\erp-api\src\modules\finanzas\bancos\bancos.service.ts"
"cuentas_bancarias","filter","tenant_id","apps\erp-api\src\modules\finanzas\bancos\bancos.service.ts"
"cuentas_bancarias","filter","numero_cuenta","apps\erp-api\src\modules\finanzas\bancos\bancos.service.ts"
"cuentas_bancarias","filter","tenant_id","apps\erp-api\src\modules\finanzas\bancos\bancos.service.ts"
"cuentas_bancarias","filter","created_at","apps\erp-api\src\modules\finanzas\bancos\bancos.service.ts"
"cuentas_bancarias","filter","tenant_id","apps\erp-api\src\modules\finanzas\bancos\bancos.service.ts"
"cuentas_bancarias","filter","created_at","apps\erp-api\src\modules\finanzas\bancos\bancos.service.ts"
"cuentas_bancarias","filter","tenant_id","apps\erp-api\src\modules\finanzas\bancos\bancos.service.ts"
"cuentas_bancarias","filter","tenant_id","apps\erp-api\src\modules\finanzas\bancos\bancos.service.ts"
"cuentas_bancarias","filter","id","apps\erp-api\src\modules\finanzas\bancos\bancos.service.ts"
"cuentas_bancarias","filter","tenant_id","apps\erp-api\src\modules\finanzas\bancos\bancos.service.ts"
"cuentas_bancarias","filter","id","apps\erp-api\src\modules\finanzas\bancos\bancos.service.ts"
"cuentas_bancarias","select","id","apps\erp-api\src\modules\finanzas\bancos\bancos.service.ts"
"cuentas_bancarias","select","numero_cuenta","apps\erp-api\src\modules\finanzas\bancos\bancos.service.ts"
"cuentas_bancarias","filter","tenant_id","apps\erp-api\src\modules\finanzas\bancos\bancos.service.ts"
"cuentas_bancarias","filter","numero_cuenta","apps\erp-api\src\modules\finanzas\bancos\bancos.service.ts"
"cuentas_bancarias","filter","id","apps\erp-api\src\modules\finanzas\bancos\bancos.service.ts"
"cuentas_bancarias","filter","tenant_id","apps\erp-api\src\modules\finanzas\bancos\bancos.service.ts"
"cuentas_bancarias","filter","id","apps\erp-api\src\modules\finanzas\bancos\bancos.service.ts"
"cuentas_bancarias","select","id","apps\erp-api\src\modules\finanzas\bancos\bancos.service.ts"
"cuentas_bancarias","filter","tenant_id","apps\erp-api\src\modules\finanzas\bancos\bancos.service.ts"
"cuentas_bancarias","filter","id","apps\erp-api\src\modules\finanzas\bancos\bancos.service.ts"
"cuentas_bancarias","filter","tenant_id","apps\erp-api\src\modules\finanzas\bancos\bancos.service.ts"
"cuentas_bancarias","filter","cuenta_bancaria_id","apps\erp-api\src\modules\finanzas\bancos\bancos.service.ts"
"cuentas_bancarias","select","id","apps\erp-api\src\modules\finanzas\bancos\bancos.service.ts"
"cuentas_bancarias","select","nombre","apps\erp-api\src\modules\finanzas\bancos\bancos.service.ts"
"cuentas_bancarias","select","saldo","apps\erp-api\src\modules\finanzas\bancos\bancos.service.ts"
"cuentas_bancarias","select","moneda","apps\erp-api\src\modules\finanzas\bancos\bancos.service.ts"
"cuentas_bancarias","select","permite_sobregiro","apps\erp-api\src\modules\finanzas\bancos\bancos.service.ts"
"cuentas_bancarias","select","activa","apps\erp-api\src\modules\finanzas\bancos\bancos.service.ts"
"cuentas_bancarias","filter","tenant_id","apps\erp-api\src\modules\finanzas\bancos\bancos.service.ts"
"cuentas_bancarias","filter","id","apps\erp-api\src\modules\finanzas\bancos\bancos.service.ts"
"cuentas_bancarias","update","saldo","apps\erp-api\src\modules\finanzas\bancos\bancos.service.ts"
"cuentas_bancarias","update","updated_at","apps\erp-api\src\modules\finanzas\bancos\bancos.service.ts"
"cuentas_bancarias","filter","tenant_id","apps\erp-api\src\modules\finanzas\bancos\bancos.service.ts"
"cuentas_bancarias","filter","id","apps\erp-api\src\modules\finanzas\bancos\bancos.service.ts"
"cuentas_bancarias","filter","id","apps\erp-api\src\modules\finanzas\bancos\bancos.service.ts"
"cuentas_bancarias","select","id","apps\erp-api\src\modules\finanzas\bancos\bancos.service.ts"
"cuentas_bancarias","select","nombre","apps\erp-api\src\modules\finanzas\bancos\bancos.service.ts"
"cuentas_bancarias","select","banco","apps\erp-api\src\modules\finanzas\bancos\bancos.service.ts"
"cuentas_bancarias","select","numero_cuenta","apps\erp-api\src\modules\finanzas\bancos\bancos.service.ts"
"cuentas_bancarias","select","tipo_cuenta","apps\erp-api\src\modules\finanzas\bancos\bancos.service.ts"
"cuentas_bancarias","select","moneda","apps\erp-api\src\modules\finanzas\bancos\bancos.service.ts"
"cuentas_bancarias","select","saldo","apps\erp-api\src\modules\finanzas\bancos\bancos.service.ts"
"cuentas_bancarias","select","activa","apps\erp-api\src\modules\finanzas\bancos\bancos.service.ts"
"cuentas_bancarias","filter","tenant_id","apps\erp-api\src\modules\finanzas\bancos\bancos.service.ts"
"cuentas_bancarias","filter","moneda","apps\erp-api\src\modules\finanzas\bancos\bancos.service.ts"
"cuentas_bancarias","filter","banco","apps\erp-api\src\modules\finanzas\bancos\bancos.service.ts"
"cuentas_bancarias","select","id","apps\erp-api\src\modules\finanzas\bancos\bancos.service.ts"
"cuentas_bancarias","select","nombre","apps\erp-api\src\modules\finanzas\bancos\bancos.service.ts"
"cuentas_bancarias","select","banco","apps\erp-api\src\modules\finanzas\bancos\bancos.service.ts"
"cuentas_bancarias","select","numero_cuenta","apps\erp-api\src\modules\finanzas\bancos\bancos.service.ts"
"cuentas_bancarias","select","moneda","apps\erp-api\src\modules\finanzas\bancos\bancos.service.ts"
"cuentas_bancarias","filter","tenant_id","apps\erp-api\src\modules\finanzas\bancos\bancos.service.ts"
"cuentas_bancarias","filter","id","apps\erp-api\src\modules\finanzas\bancos\bancos.service.ts"
"movimientos_bancarios","filter","tenant_id","apps\erp-api\src\modules\finanzas\bancos\bancos.service.ts"
"movimientos_bancarios","filter","cuenta_bancaria_id","apps\erp-api\src\modules\finanzas\bancos\bancos.service.ts"
"movimientos_bancarios","filter","fecha","apps\erp-api\src\modules\finanzas\bancos\bancos.service.ts"
"movimientos_bancarios","filter","fecha","apps\erp-api\src\modules\finanzas\bancos\bancos.service.ts"
"movimientos_bancarios","filter","tipo","apps\erp-api\src\modules\finanzas\bancos\bancos.service.ts"
"movimientos_bancarios","filter","conciliado","apps\erp-api\src\modules\finanzas\bancos\bancos.service.ts"
"movimientos_bancarios","select","razon_social","apps\erp-api\src\modules\finanzas\bancos\bancos.service.ts"
"movimientos_bancarios","update","saldo","apps\erp-api\src\modules\finanzas\bancos\bancos.service.ts"
"movimientos_bancarios","update","updated_at","apps\erp-api\src\modules\finanzas\bancos\bancos.service.ts"
"movimientos_bancarios","filter","tenant_id","apps\erp-api\src\modules\finanzas\bancos\bancos.service.ts"
"movimientos_bancarios","filter","id","apps\erp-api\src\modules\finanzas\bancos\bancos.service.ts"
"movimientos_bancarios","filter","id","apps\erp-api\src\modules\finanzas\bancos\bancos.service.ts"
"movimientos_bancarios","select","razon_social","apps\erp-api\src\modules\finanzas\bancos\bancos.service.ts"
"movimientos_bancarios","filter","tenant_id","apps\erp-api\src\modules\finanzas\bancos\bancos.service.ts"
"movimientos_bancarios","filter","cuenta_bancaria_id","apps\erp-api\src\modules\finanzas\bancos\bancos.service.ts"
"movimientos_bancarios","filter","fecha","apps\erp-api\src\modules\finanzas\bancos\bancos.service.ts"
"movimientos_bancarios","filter","fecha","apps\erp-api\src\modules\finanzas\bancos\bancos.service.ts"
"movimientos_bancarios","filter","tipo","apps\erp-api\src\modules\finanzas\bancos\bancos.service.ts"
"movimientos_bancarios","filter","conciliado","apps\erp-api\src\modules\finanzas\bancos\bancos.service.ts"
"movimientos_bancarios","filter","tenant_id","apps\erp-api\src\modules\finanzas\bancos\bancos.service.ts"
"movimientos_bancarios","filter","fecha","apps\erp-api\src\modules\finanzas\bancos\bancos.service.ts"
"movimientos_bancarios","filter","fecha","apps\erp-api\src\modules\finanzas\bancos\bancos.service.ts"
"movimientos_bancarios","filter","tipo","apps\erp-api\src\modules\finanzas\bancos\bancos.service.ts"
"movimientos_bancarios","filter","conciliado","apps\erp-api\src\modules\finanzas\bancos\bancos.service.ts"
"movimientos_bancarios","select","tipo","apps\erp-api\src\modules\finanzas\bancos\bancos.service.ts"
"movimientos_bancarios","select","monto","apps\erp-api\src\modules\finanzas\bancos\bancos.service.ts"
"movimientos_bancarios","filter","tenant_id","apps\erp-api\src\modules\finanzas\bancos\bancos.service.ts"
"movimientos_bancarios","filter","fecha","apps\erp-api\src\modules\finanzas\bancos\bancos.service.ts"
"movimientos_bancarios","filter","fecha","apps\erp-api\src\modules\finanzas\bancos\bancos.service.ts"
"movimientos_bancarios","filter","tipo","apps\erp-api\src\modules\finanzas\bancos\bancos.service.ts"
"movimientos_bancarios","filter","conciliado","apps\erp-api\src\modules\finanzas\bancos\bancos.service.ts"
"pedidos_venta","select","tenant_id","apps\erp-api\src\modules\gre\gre.service.ts"
"pedidos_venta","select","numero","apps\erp-api\src\modules\gre\gre.service.ts"
"pedidos_venta","filter","id","apps\erp-api\src\modules\gre\gre.service.ts"
"pedidos_venta","update","gre_id","apps\erp-api\src\modules\gre\gre.service.ts"
"pedidos_venta","update","updated_at","apps\erp-api\src\modules\gre\gre.service.ts"
"pedidos_venta","filter","id","apps\erp-api\src\modules\gre\gre.service.ts"
"pedidos_venta","filter","tenant_id","apps\erp-api\src\modules\gre\gre.service.ts"
"stock_movimientos","select","id","apps\erp-api\src\modules\gre\gre.service.ts"
"stock_movimientos","filter","tenant_id","apps\erp-api\src\modules\gre\gre.service.ts"
"stock_movimientos","filter","referencia","apps\erp-api\src\modules\gre\gre.service.ts"
"cpe","select","tipo_documento_receptor","apps\erp-api\src\modules\gre\gre.service.ts"
"cpe","select","documento_receptor","apps\erp-api\src\modules\gre\gre.service.ts"
"cpe","select","razon_social_receptor","apps\erp-api\src\modules\gre\gre.service.ts"
"cpe","select","direccion_receptor","apps\erp-api\src\modules\gre\gre.service.ts"
"cpe","filter","id","apps\erp-api\src\modules\gre\gre.service.ts"
"gre_guias","filter","tenant_id","apps\erp-api\src\modules\gre\gre.service.ts"
"gre_guias","filter","created_at","apps\erp-api\src\modules\gre\gre.service.ts"
"gre_guias","filter","id","apps\erp-api\src\modules\gre\gre.service.ts"
"gre_guias","filter","tenant_id","apps\erp-api\src\modules\gre\gre.service.ts"
"gre_guias","select","serie","apps\erp-api\src\modules\gre\gre.service.ts"
"gre_guias","select","numero","apps\erp-api\src\modules\gre\gre.service.ts"
"gre_guias","select","fecha_emision","apps\erp-api\src\modules\gre\gre.service.ts"
"gre_guias","select","fecha_vencimiento","apps\erp-api\src\modules\gre\gre.service.ts"
"gre_guias","select","cliente_ruc","apps\erp-api\src\modules\gre\gre.service.ts"
"gre_guias","select","cliente_nombre","apps\erp-api\src\modules\gre\gre.service.ts"
"gre_guias","select","base_imponible","apps\erp-api\src\modules\gre\gre.service.ts"
"gre_guias","select","igv","apps\erp-api\src\modules\gre\gre.service.ts"
"gre_guias","select","total","apps\erp-api\src\modules\gre\gre.service.ts"
"gre_guias","select","moneda","apps\erp-api\src\modules\gre\gre.service.ts"
"gre_guias","select","estado","apps\erp-api\src\modules\gre\gre.service.ts"
"gre_guias","select","tenant_id","apps\erp-api\src\modules\gre\gre.service.ts"
"gre_guias","select","anio","apps\erp-api\src\modules\gre\gre.service.ts"
"gre_guias","select","mes","apps\erp-api\src\modules\gre\gre.service.ts"
"gre_guias","filter","tenant_id","apps\erp-api\src\modules\gre\gre.service.ts"
"gre_guias","filter","anio","apps\erp-api\src\modules\gre\gre.service.ts"
"gre_guias","filter","mes","apps\erp-api\src\modules\gre\gre.service.ts"
"gre_guias","filter","tenant_id","apps\erp-api\src\modules\gre\gre.service.ts"
"gre_guias","filter","idempotency_key","apps\erp-api\src\modules\gre\gre.service.ts"
"gre_guias","filter","id","apps\erp-api\src\modules\gre\gre.service.ts"
"gre_guias","filter","id","apps\erp-api\src\modules\gre\gre.service.ts"
"gre_guias","filter","tenant_id","apps\erp-api\src\modules\gre\gre.service.ts"
"gre_guias","filter","id","apps\erp-api\src\modules\gre\gre.service.ts"
"gre_guias","select","numero","apps\erp-api\src\modules\gre\gre.service.ts"
"gre_guias","select","numero_sunat","apps\erp-api\src\modules\gre\gre.service.ts"
"gre_guias","filter","id","apps\erp-api\src\modules\gre\gre.service.ts"
"gre_guias","filter","tenant_id","apps\erp-api\src\modules\gre\gre.service.ts"
"gre_guias","select","serie","apps\erp-api\src\modules\gre\gre.service.ts"
"gre_guias","select","correlativo","apps\erp-api\src\modules\gre\gre.service.ts"
"gre_guias","filter","tenant_id","apps\erp-api\src\modules\gre\gre.service.ts"
"gre_guias","filter","correlativo","apps\erp-api\src\modules\gre\gre.service.ts"
"gre_guias","select","estado","apps\erp-api\src\modules\gre\gre.service.ts"
"gre_guias","select","peso_total","apps\erp-api\src\modules\gre\gre.service.ts"
"gre_guias","select","created_at","apps\erp-api\src\modules\gre\gre.service.ts"
"gre_guias","filter","tenant_id","apps\erp-api\src\modules\gre\gre.service.ts"
"gre_guias","update","es_automatica","apps\erp-api\src\modules\gre\gre.service.ts"
"gre_guias","update","venta_id","apps\erp-api\src\modules\gre\gre.service.ts"
"gre_guias","update","motivo_creacion","apps\erp-api\src\modules\gre\gre.service.ts"
"gre_guias","filter","id","apps\erp-api\src\modules\gre\gre.service.ts"
"gre_guias","update","movimiento_inventario_id","apps\erp-api\src\modules\gre\gre.service.ts"
"gre_guias","update","updated_at","apps\erp-api\src\modules\gre\gre.service.ts"
"gre_guias","filter","id","apps\erp-api\src\modules\gre\gre.service.ts"
"productos","select","id","apps\erp-api\src\modules\analytics.controller.ts"
"productos","select","codigo","apps\erp-api\src\modules\analytics.controller.ts"
"productos","select","nombre","apps\erp-api\src\modules\analytics.controller.ts"
"productos","select","precio","apps\erp-api\src\modules\analytics.controller.ts"
"productos","select","costo","apps\erp-api\src\modules\analytics.controller.ts"
"productos","filter","tenant_id","apps\erp-api\src\modules\analytics.controller.ts"
"productos","filter","tenant_id","apps\erp-api\src\modules\analytics.controller.ts"
"productos","select","id","apps\erp-api\src\modules\analytics.controller.ts"
"productos","select","codigo","apps\erp-api\src\modules\analytics.controller.ts"
"productos","select","nombre","apps\erp-api\src\modules\analytics.controller.ts"
"productos","select","precio","apps\erp-api\src\modules\analytics.controller.ts"
"productos","select","costo","apps\erp-api\src\modules\analytics.controller.ts"
"productos","filter","tenant_id","apps\erp-api\src\modules\analytics.controller.ts"
"productos","filter","tenant_id","apps\erp-api\src\modules\analytics.controller.ts"
"orden_compra_detalles","select","producto_id","apps\erp-api\src\modules\analytics.controller.ts"
"orden_compra_detalles","select","cantidad","apps\erp-api\src\modules\analytics.controller.ts"
"orden_compra_detalles","select","precio_unitario","apps\erp-api\src\modules\analytics.controller.ts"
"orden_compra_detalles","filter","tenant_id","apps\erp-api\src\modules\analytics.controller.ts"
"orden_compra_detalles","select","producto_id","apps\erp-api\src\modules\analytics.controller.ts"
"orden_compra_detalles","select","cantidad","apps\erp-api\src\modules\analytics.controller.ts"
"orden_compra_detalles","select","precio_unitario","apps\erp-api\src\modules\analytics.controller.ts"
"orden_compra_detalles","filter","tenant_id","apps\erp-api\src\modules\analytics.controller.ts"
"orden_compra_detalles","filter","tenant_id","apps\erp-api\src\modules\analytics.controller.ts"
"orden_compra_detalles","filter","fecha","apps\erp-api\src\modules\analytics.controller.ts"
"cuentas_por_cobrar","filter","tenant_id","apps\erp-api\src\modules\analytics.controller.ts"
"cuentas_por_cobrar","filter","fecha_vencimiento","apps\erp-api\src\modules\analytics.controller.ts"
"productos","select","precio_venta","apps\erp-api\src\modules\inventario\inventario.controller.ts"
"productos","select","stock_actual","apps\erp-api\src\modules\inventario\inventario.controller.ts"
"productos","select","stock_minimo","apps\erp-api\src\modules\inventario\inventario.controller.ts"
"productos","filter","tenant_id","apps\erp-api\src\modules\inventario\inventario.controller.ts"
"productos","filter","tenant_id","apps\erp-api\src\modules\inventario\inventario.controller.ts"
"productos","filter","categoria","apps\erp-api\src\modules\inventario\inventario.controller.ts"
"productos","filter","activo","apps\erp-api\src\modules\inventario\inventario.controller.ts"
"productos","filter","created_at","apps\erp-api\src\modules\inventario\inventario.controller.ts"
"productos","select","id","apps\erp-api\src\modules\inventario\inventario.controller.ts"
"productos","filter","tenant_id","apps\erp-api\src\modules\inventario\inventario.controller.ts"
"productos","filter","codigo","apps\erp-api\src\modules\inventario\inventario.controller.ts"
"productos","filter","tenant_id","apps\erp-api\src\modules\inventario\inventario.controller.ts"
"productos","filter","id","apps\erp-api\src\modules\inventario\inventario.controller.ts"
"productos","filter","producto_id","apps\erp-api\src\modules\inventario\inventario.controller.ts"
"productos","filter","producto_id","apps\erp-api\src\modules\inventario\inventario.controller.ts"
"productos","update","activo","apps\erp-api\src\modules\inventario\inventario.controller.ts"
"productos","filter","tenant_id","apps\erp-api\src\modules\inventario\inventario.controller.ts"
"productos","filter","id","apps\erp-api\src\modules\inventario\inventario.controller.ts"
"productos","filter","tenant_id","apps\erp-api\src\modules\inventario\inventario.controller.ts"
"productos","filter","producto_id","apps\erp-api\src\modules\inventario\inventario.controller.ts"
"productos","update","activo","apps\erp-api\src\modules\inventario\inventario.controller.ts"
"productos","filter","tenant_id","apps\erp-api\src\modules\inventario\inventario.controller.ts"
"productos","filter","id","apps\erp-api\src\modules\inventario\inventario.controller.ts"
"productos","filter","tenant_id","apps\erp-api\src\modules\inventario\inventario.controller.ts"
"productos","filter","id","apps\erp-api\src\modules\inventario\inventario.controller.ts"
"productos","filter","tenant_id","apps\erp-api\src\modules\inventario\inventario.controller.ts"
"productos","filter","id","apps\erp-api\src\modules\inventario\inventario.controller.ts"
"productos","filter","tenant_id","apps\erp-api\src\modules\inventario\inventario.controller.ts"
"productos","filter","id","apps\erp-api\src\modules\inventario\inventario.controller.ts"
"productos","filter","tenant_id","apps\erp-api\src\modules\inventario\inventario.controller.ts"
"productos","filter","codigo","apps\erp-api\src\modules\inventario\inventario.controller.ts"
"productos","filter","id","apps\erp-api\src\modules\inventario\inventario.controller.ts"
"productos","select","id","apps\erp-api\src\modules\inventario\inventario.controller.ts"
"productos","filter","tenant_id","apps\erp-api\src\modules\inventario\inventario.controller.ts"
"productos","filter","codigo","apps\erp-api\src\modules\inventario\inventario.controller.ts"
"productos","filter","id","apps\erp-api\src\modules\inventario\inventario.controller.ts"
"productos","filter","tenant_id","apps\erp-api\src\modules\inventario\inventario.controller.ts"
"productos","filter","id","apps\erp-api\src\modules\inventario\inventario.controller.ts"
"stock_movimientos","filter","tenant_id","apps\erp-api\src\modules\inventario\inventario.controller.ts"
"stock_movimientos","filter","created_at","apps\erp-api\src\modules\inventario\inventario.controller.ts"
"stock_movimientos","filter","created_at","apps\erp-api\src\modules\inventario\inventario.controller.ts"
"stock_movimientos","filter","tenant_id","apps\erp-api\src\modules\inventario\inventario.controller.ts"
"stock_movimientos","filter","created_at","apps\erp-api\src\modules\inventario\inventario.controller.ts"
"stock_movimientos","select","id","apps\erp-api\src\modules\inventario\inventario.controller.ts"
"stock_movimientos","update","activo","apps\erp-api\src\modules\inventario\inventario.controller.ts"
"stock_movimientos","filter","tenant_id","apps\erp-api\src\modules\inventario\inventario.controller.ts"
"stock_movimientos","filter","producto_id","apps\erp-api\src\modules\inventario\inventario.controller.ts"
"stock_movimientos","filter","tenant_id","apps\erp-api\src\modules\inventario\inventario.controller.ts"
"stock_movimientos","filter","id","apps\erp-api\src\modules\inventario\inventario.controller.ts"
"pedidos_venta","filter","tenant_id","apps\erp-api\src\modules\inventario\logistica\logistica.service.ts"
"pedidos_venta","filter","estado","apps\erp-api\src\modules\inventario\logistica\logistica.service.ts"
"pedidos_venta","filter","created_at","apps\erp-api\src\modules\inventario\logistica\logistica.service.ts"
"pedidos_venta","filter","tenant_id","apps\erp-api\src\modules\inventario\logistica\logistica.service.ts"
"pedidos_venta","filter","estado","apps\erp-api\src\modules\inventario\logistica\logistica.service.ts"
"pedidos_venta","filter","created_at","apps\erp-api\src\modules\inventario\logistica\logistica.service.ts"
"pedidos_venta","update","estado","apps\erp-api\src\modules\inventario\logistica\logistica.service.ts"
"pedidos_venta","update","tracking_estado","apps\erp-api\src\modules\inventario\logistica\logistica.service.ts"
"pedidos_venta","update","tracking_actualizado_en","apps\erp-api\src\modules\inventario\logistica\logistica.service.ts"
"pedidos_venta","update","tracking_notas","apps\erp-api\src\modules\inventario\logistica\logistica.service.ts"
"pedidos_venta","update","updated_at","apps\erp-api\src\modules\inventario\logistica\logistica.service.ts"
"pedidos_venta","filter","id","apps\erp-api\src\modules\inventario\logistica\logistica.service.ts"
"pedidos_venta","filter","tenant_id","apps\erp-api\src\modules\inventario\logistica\logistica.service.ts"
"pedidos_venta","update","notas","apps\erp-api\src\modules\inventario\logistica\logistica.service.ts"
"pedidos_venta","filter","id","apps\erp-api\src\modules\inventario\logistica\logistica.service.ts"
"pedidos_venta","filter","tenant_id","apps\erp-api\src\modules\inventario\logistica\logistica.service.ts"
"pedidos_venta","update","estado","apps\erp-api\src\modules\inventario\logistica\logistica.service.ts"
"pedidos_venta","update","tracking_estado","apps\erp-api\src\modules\inventario\logistica\logistica.service.ts"
"pedidos_venta","update","tracking_actualizado_en","apps\erp-api\src\modules\inventario\logistica\logistica.service.ts"
"pedidos_venta","update","updated_at","apps\erp-api\src\modules\inventario\logistica\logistica.service.ts"
"pedidos_venta","filter","id","apps\erp-api\src\modules\inventario\logistica\logistica.service.ts"
"pedidos_venta","filter","tenant_id","apps\erp-api\src\modules\inventario\logistica\logistica.service.ts"
"pedidos_venta","update","estado","apps\erp-api\src\modules\inventario\logistica\logistica.service.ts"
"pedidos_venta","update","tracking_estado","apps\erp-api\src\modules\inventario\logistica\logistica.service.ts"
"pedidos_venta","update","tracking_actualizado_en","apps\erp-api\src\modules\inventario\logistica\logistica.service.ts"
"pedidos_venta","update","tracking_notas","apps\erp-api\src\modules\inventario\logistica\logistica.service.ts"
"pedidos_venta","update","updated_at","apps\erp-api\src\modules\inventario\logistica\logistica.service.ts"
"pedidos_venta","filter","id","apps\erp-api\src\modules\inventario\logistica\logistica.service.ts"
"pedidos_venta","filter","tenant_id","apps\erp-api\src\modules\inventario\logistica\logistica.service.ts"
"pedidos_venta","update","notas","apps\erp-api\src\modules\inventario\logistica\logistica.service.ts"
"pedidos_venta","filter","id","apps\erp-api\src\modules\inventario\logistica\logistica.service.ts"
"pedidos_venta","filter","tenant_id","apps\erp-api\src\modules\inventario\logistica\logistica.service.ts"
"pedidos_venta","filter","id","apps\erp-api\src\modules\inventario\logistica\logistica.service.ts"
"pedidos_venta","filter","tenant_id","apps\erp-api\src\modules\inventario\logistica\logistica.service.ts"
"pedidos_venta","update","tracking_estado","apps\erp-api\src\modules\inventario\logistica\logistica.service.ts"
"pedidos_venta","update","tracking_actualizado_en","apps\erp-api\src\modules\inventario\logistica\logistica.service.ts"
"pedidos_venta","update","tracking_notas","apps\erp-api\src\modules\inventario\logistica\logistica.service.ts"
"pedidos_venta","update","updated_at","apps\erp-api\src\modules\inventario\logistica\logistica.service.ts"
"pedidos_venta","filter","id","apps\erp-api\src\modules\inventario\logistica\logistica.service.ts"
"pedidos_venta","filter","tenant_id","apps\erp-api\src\modules\inventario\logistica\logistica.service.ts"
"pedidos_venta","filter","id","apps\erp-api\src\modules\inventario\logistica\logistica.service.ts"
"pedidos_venta","filter","tenant_id","apps\erp-api\src\modules\inventario\logistica\logistica.service.ts"
"pedidos_venta","update","tracking_estado","apps\erp-api\src\modules\inventario\logistica\logistica.service.ts"
"pedidos_venta","update","tracking_actualizado_en","apps\erp-api\src\modules\inventario\logistica\logistica.service.ts"
"pedidos_venta","update","tracking_notas","apps\erp-api\src\modules\inventario\logistica\logistica.service.ts"
"pedidos_venta","update","updated_at","apps\erp-api\src\modules\inventario\logistica\logistica.service.ts"
"pedidos_venta","filter","id","apps\erp-api\src\modules\inventario\logistica\logistica.service.ts"
"pedidos_venta","filter","tenant_id","apps\erp-api\src\modules\inventario\logistica\logistica.service.ts"
"pedidos_venta","select","id","apps\erp-api\src\modules\inventario\logistica\logistica.service.ts"
"pedidos_venta","select","numero","apps\erp-api\src\modules\inventario\logistica\logistica.service.ts"
"pedidos_venta","select","estado","apps\erp-api\src\modules\inventario\logistica\logistica.service.ts"
"pedidos_venta","filter","id","apps\erp-api\src\modules\inventario\logistica\logistica.service.ts"
"pedidos_venta","filter","tenant_id","apps\erp-api\src\modules\inventario\logistica\logistica.service.ts"
"pedidos_venta","select","notas","apps\erp-api\src\modules\inventario\logistica\logistica.service.ts"
"pedidos_venta","filter","id","apps\erp-api\src\modules\inventario\logistica\logistica.service.ts"
"pedidos_venta","filter","tenant_id","apps\erp-api\src\modules\inventario\logistica\logistica.service.ts"
"pedidos_venta_detalle","select","id","apps\erp-api\src\modules\inventario\logistica\logistica.service.ts"
"pedidos_venta_detalle","select","producto_id","apps\erp-api\src\modules\inventario\logistica\logistica.service.ts"
"pedidos_venta_detalle","select","descripcion","apps\erp-api\src\modules\inventario\logistica\logistica.service.ts"
"pedidos_venta_detalle","select","cantidad","apps\erp-api\src\modules\inventario\logistica\logistica.service.ts"
"pedidos_venta_detalle","filter","pedido_id","apps\erp-api\src\modules\inventario\logistica\logistica.service.ts"
"pedidos_venta_detalle","select","id","apps\erp-api\src\modules\inventario\logistica\logistica.service.ts"
"pedidos_venta_detalle","select","producto_id","apps\erp-api\src\modules\inventario\logistica\logistica.service.ts"
"pedidos_venta_detalle","select","descripcion","apps\erp-api\src\modules\inventario\logistica\logistica.service.ts"
"pedidos_venta_detalle","select","cantidad","apps\erp-api\src\modules\inventario\logistica\logistica.service.ts"
"pedidos_venta_detalle","filter","pedido_id","apps\erp-api\src\modules\inventario\logistica\logistica.service.ts"
"pedidos_venta_detalle","select","id","apps\erp-api\src\modules\inventario\logistica\logistica.service.ts"
"pedidos_venta_detalle","select","producto_id","apps\erp-api\src\modules\inventario\logistica\logistica.service.ts"
"pedidos_venta_detalle","select","descripcion","apps\erp-api\src\modules\inventario\logistica\logistica.service.ts"
"pedidos_venta_detalle","select","cantidad","apps\erp-api\src\modules\inventario\logistica\logistica.service.ts"
"pedidos_venta_detalle","select","cantidad_despachada","apps\erp-api\src\modules\inventario\logistica\logistica.service.ts"
"pedidos_venta_detalle","select","estado_item","apps\erp-api\src\modules\inventario\logistica\logistica.service.ts"
"pedidos_venta_detalle","filter","pedido_id","apps\erp-api\src\modules\inventario\logistica\logistica.service.ts"
"pedidos_venta_detalle","update","cantidad_despachada","apps\erp-api\src\modules\inventario\logistica\logistica.service.ts"
"pedidos_venta_detalle","update","estado_item","apps\erp-api\src\modules\inventario\logistica\logistica.service.ts"
"pedidos_venta_detalle","filter","id","apps\erp-api\src\modules\inventario\logistica\logistica.service.ts"
"pedido_backorders","filter","detalle_id","apps\erp-api\src\modules\inventario\logistica\logistica.service.ts"
"pedido_backorders","filter","detalle_id","apps\erp-api\src\modules\inventario\logistica\logistica.service.ts"
"pedido_backorders","filter","tenant_id","apps\erp-api\src\modules\inventario\logistica\logistica.service.ts"
"pedido_backorders","filter","pedido_id","apps\erp-api\src\modules\inventario\logistica\logistica.service.ts"
"pedido_backorders","filter","proxima_fecha_compromiso","apps\erp-api\src\modules\inventario\logistica\logistica.service.ts"
"pedido_backorders","filter","prioridad","apps\erp-api\src\modules\inventario\logistica\logistica.service.ts"
"pedido_backorders","filter","tenant_id","apps\erp-api\src\modules\inventario\logistica\logistica.service.ts"
"pedido_backorders","filter","pedido_id","apps\erp-api\src\modules\inventario\logistica\logistica.service.ts"
"pedido_backorders","filter","detalle_id","apps\erp-api\src\modules\inventario\logistica\logistica.service.ts"
"pedido_backorders","update","proxima_fecha_compromiso","apps\erp-api\src\modules\inventario\logistica\logistica.service.ts"
"pedido_backorders","update","ultimo_compromiso_en","apps\erp-api\src\modules\inventario\logistica\logistica.service.ts"
"pedido_backorders","update","updated_at","apps\erp-api\src\modules\inventario\logistica\logistica.service.ts"
"pedido_backorders","filter","id","apps\erp-api\src\modules\inventario\logistica\logistica.service.ts"
"pedido_backorders","filter","tenant_id","apps\erp-api\src\modules\inventario\logistica\logistica.service.ts"
"productos","select","id","apps\erp-api\src\modules\inventario\logistica\logistica.service.ts"
"productos","select","stock_actual","apps\erp-api\src\modules\inventario\logistica\logistica.service.ts"
"productos","select","stock_reservado","apps\erp-api\src\modules\inventario\logistica\logistica.service.ts"
"productos","select","precio_compra","apps\erp-api\src\modules\inventario\logistica\logistica.service.ts"
"productos","filter","tenant_id","apps\erp-api\src\modules\inventario\logistica\logistica.service.ts"
"productos","filter","id","apps\erp-api\src\modules\inventario\logistica\logistica.service.ts"
"movimientos_inventario","insert","tenant_id","apps\erp-api\src\modules\inventario\logistica\logistica.service.ts"
"movimientos_inventario","insert","producto_id","apps\erp-api\src\modules\inventario\logistica\logistica.service.ts"
"movimientos_inventario","insert","tipo","apps\erp-api\src\modules\inventario\logistica\logistica.service.ts"
"movimientos_inventario","insert","cantidad","apps\erp-api\src\modules\inventario\logistica\logistica.service.ts"
"movimientos_inventario","insert","referencia_tipo","apps\erp-api\src\modules\inventario\logistica\logistica.service.ts"
"movimientos_inventario","insert","referencia_id","apps\erp-api\src\modules\inventario\logistica\logistica.service.ts"
"movimientos_inventario","insert","notas","apps\erp-api\src\modules\inventario\logistica\logistica.service.ts"
"almacenes","filter","tenant_id","apps\erp-api\src\modules\inventario\almacenes\almacenes.service.ts"
"almacenes","filter","activo","apps\erp-api\src\modules\inventario\almacenes\almacenes.service.ts"
"almacenes","filter","es_principal","apps\erp-api\src\modules\inventario\almacenes\almacenes.service.ts"
"almacenes","filter","nombre","apps\erp-api\src\modules\inventario\almacenes\almacenes.service.ts"
"almacenes","filter","tenant_id","apps\erp-api\src\modules\inventario\almacenes\almacenes.service.ts"
"almacenes","filter","activo","apps\erp-api\src\modules\inventario\almacenes\almacenes.service.ts"
"almacenes","filter","es_principal","apps\erp-api\src\modules\inventario\almacenes\almacenes.service.ts"
"almacenes","filter","created_at","apps\erp-api\src\modules\inventario\almacenes\almacenes.service.ts"
"almacenes","filter","tenant_id","apps\erp-api\src\modules\inventario\almacenes\almacenes.service.ts"
"almacenes","filter","activo","apps\erp-api\src\modules\inventario\almacenes\almacenes.service.ts"
"almacenes","filter","es_principal","apps\erp-api\src\modules\inventario\almacenes\almacenes.service.ts"
"almacenes","filter","created_at","apps\erp-api\src\modules\inventario\almacenes\almacenes.service.ts"
"almacenes","filter","tenant_id","apps\erp-api\src\modules\inventario\almacenes\almacenes.service.ts"
"almacenes","filter","id","apps\erp-api\src\modules\inventario\almacenes\almacenes.service.ts"
"almacenes","filter","tenant_id","apps\erp-api\src\modules\inventario\almacenes\almacenes.service.ts"
"almacenes","filter","id","apps\erp-api\src\modules\inventario\almacenes\almacenes.service.ts"
"cpe","select","id","apps\erp-api\src\modules\sunat-retry\sunat-retry.service.ts"
"cpe","select","tenant_id","apps\erp-api\src\modules\sunat-retry\sunat-retry.service.ts"
"cpe","select","estado","apps\erp-api\src\modules\sunat-retry\sunat-retry.service.ts"
"cpe","select","error_message","apps\erp-api\src\modules\sunat-retry\sunat-retry.service.ts"
"cpe","select","retry_count","apps\erp-api\src\modules\sunat-retry\sunat-retry.service.ts"
"cpe","select","updated_at","apps\erp-api\src\modules\sunat-retry\sunat-retry.service.ts"
"cpe","select","next_retry_at","apps\erp-api\src\modules\sunat-retry\sunat-retry.service.ts"
"cpe","filter","estado","apps\erp-api\src\modules\sunat-retry\sunat-retry.service.ts"
"cpe","filter","retry_count","apps\erp-api\src\modules\sunat-retry\sunat-retry.service.ts"
"cpe","filter","updated_at","apps\erp-api\src\modules\sunat-retry\sunat-retry.service.ts"
"cpe","filter","updated_at","apps\erp-api\src\modules\sunat-retry\sunat-retry.service.ts"
"cpe","select","id","apps\erp-api\src\modules\sunat-retry\sunat-retry.service.ts"
"cpe","select","estado","apps\erp-api\src\modules\sunat-retry\sunat-retry.service.ts"
"cpe","select","error_message","apps\erp-api\src\modules\sunat-retry\sunat-retry.service.ts"
"cpe","select","retry_count","apps\erp-api\src\modules\sunat-retry\sunat-retry.service.ts"
"cpe","select","updated_at","apps\erp-api\src\modules\sunat-retry\sunat-retry.service.ts"
"cpe","select","next_retry_at","apps\erp-api\src\modules\sunat-retry\sunat-retry.service.ts"
"cpe","filter","id","apps\erp-api\src\modules\sunat-retry\sunat-retry.service.ts"
"cpe","filter","tenant_id","apps\erp-api\src\modules\sunat-retry\sunat-retry.service.ts"
"cpe","update","retry_count","apps\erp-api\src\modules\sunat-retry\sunat-retry.service.ts"
"cpe","update","next_retry_at","apps\erp-api\src\modules\sunat-retry\sunat-retry.service.ts"
"cpe","update","updated_at","apps\erp-api\src\modules\sunat-retry\sunat-retry.service.ts"
"cpe","filter","id","apps\erp-api\src\modules\sunat-retry\sunat-retry.service.ts"
"cpe","filter","tenant_id","apps\erp-api\src\modules\sunat-retry\sunat-retry.service.ts"
"cpe","update","estado","apps\erp-api\src\modules\sunat-retry\sunat-retry.service.ts"
"cpe","update","retry_count","apps\erp-api\src\modules\sunat-retry\sunat-retry.service.ts"
"cpe","update","next_retry_at","apps\erp-api\src\modules\sunat-retry\sunat-retry.service.ts"
"cpe","update","error_message","apps\erp-api\src\modules\sunat-retry\sunat-retry.service.ts"
"cpe","filter","id","apps\erp-api\src\modules\sunat-retry\sunat-retry.service.ts"
"cpe","filter","tenant_id","apps\erp-api\src\modules\sunat-retry\sunat-retry.service.ts"
"cpe","update","estado","apps\erp-api\src\modules\sunat-retry\sunat-retry.service.ts"
"cpe","update","retry_count","apps\erp-api\src\modules\sunat-retry\sunat-retry.service.ts"
"cpe","update","next_retry_at","apps\erp-api\src\modules\sunat-retry\sunat-retry.service.ts"
"cpe","update","error_message","apps\erp-api\src\modules\sunat-retry\sunat-retry.service.ts"
"cpe","filter","id","apps\erp-api\src\modules\sunat-retry\sunat-retry.service.ts"
"cpe","filter","tenant_id","apps\erp-api\src\modules\sunat-retry\sunat-retry.service.ts"
"cpe","select","id","apps\erp-api\src\modules\sunat-retry\sunat-retry.service.ts"
"cpe","select","estado","apps\erp-api\src\modules\sunat-retry\sunat-retry.service.ts"
"cpe","select","retry_count","apps\erp-api\src\modules\sunat-retry\sunat-retry.service.ts"
"cpe","filter","id","apps\erp-api\src\modules\sunat-retry\sunat-retry.service.ts"
"cpe","filter","tenant_id","apps\erp-api\src\modules\sunat-retry\sunat-retry.service.ts"
"gre_guias","select","id","apps\erp-api\src\modules\sunat-retry\sunat-retry.service.ts"
"gre_guias","select","tenant_id","apps\erp-api\src\modules\sunat-retry\sunat-retry.service.ts"
"gre_guias","select","estado","apps\erp-api\src\modules\sunat-retry\sunat-retry.service.ts"
"gre_guias","select","error_message","apps\erp-api\src\modules\sunat-retry\sunat-retry.service.ts"
"gre_guias","select","retry_count","apps\erp-api\src\modules\sunat-retry\sunat-retry.service.ts"
"gre_guias","select","updated_at","apps\erp-api\src\modules\sunat-retry\sunat-retry.service.ts"
"gre_guias","select","next_retry_at","apps\erp-api\src\modules\sunat-retry\sunat-retry.service.ts"
"gre_guias","filter","estado","apps\erp-api\src\modules\sunat-retry\sunat-retry.service.ts"
"gre_guias","filter","retry_count","apps\erp-api\src\modules\sunat-retry\sunat-retry.service.ts"
"gre_guias","filter","updated_at","apps\erp-api\src\modules\sunat-retry\sunat-retry.service.ts"
"gre_guias","filter","updated_at","apps\erp-api\src\modules\sunat-retry\sunat-retry.service.ts"
"gre_guias","select","id","apps\erp-api\src\modules\sunat-retry\sunat-retry.service.ts"
"gre_guias","select","estado","apps\erp-api\src\modules\sunat-retry\sunat-retry.service.ts"
"gre_guias","select","error_message","apps\erp-api\src\modules\sunat-retry\sunat-retry.service.ts"
"gre_guias","select","retry_count","apps\erp-api\src\modules\sunat-retry\sunat-retry.service.ts"
"gre_guias","select","updated_at","apps\erp-api\src\modules\sunat-retry\sunat-retry.service.ts"
"gre_guias","select","next_retry_at","apps\erp-api\src\modules\sunat-retry\sunat-retry.service.ts"
"gre_guias","filter","id","apps\erp-api\src\modules\sunat-retry\sunat-retry.service.ts"
"gre_guias","filter","tenant_id","apps\erp-api\src\modules\sunat-retry\sunat-retry.service.ts"
"gre_guias","update","retry_count","apps\erp-api\src\modules\sunat-retry\sunat-retry.service.ts"
"gre_guias","update","next_retry_at","apps\erp-api\src\modules\sunat-retry\sunat-retry.service.ts"
"gre_guias","update","updated_at","apps\erp-api\src\modules\sunat-retry\sunat-retry.service.ts"
"gre_guias","filter","id","apps\erp-api\src\modules\sunat-retry\sunat-retry.service.ts"
"gre_guias","filter","tenant_id","apps\erp-api\src\modules\sunat-retry\sunat-retry.service.ts"
"gre_guias","update","estado","apps\erp-api\src\modules\sunat-retry\sunat-retry.service.ts"
"gre_guias","update","retry_count","apps\erp-api\src\modules\sunat-retry\sunat-retry.service.ts"
"gre_guias","update","next_retry_at","apps\erp-api\src\modules\sunat-retry\sunat-retry.service.ts"
"gre_guias","update","error_message","apps\erp-api\src\modules\sunat-retry\sunat-retry.service.ts"
"gre_guias","filter","id","apps\erp-api\src\modules\sunat-retry\sunat-retry.service.ts"
"gre_guias","filter","tenant_id","apps\erp-api\src\modules\sunat-retry\sunat-retry.service.ts"
"gre_guias","update","estado","apps\erp-api\src\modules\sunat-retry\sunat-retry.service.ts"
"gre_guias","update","retry_count","apps\erp-api\src\modules\sunat-retry\sunat-retry.service.ts"
"gre_guias","update","next_retry_at","apps\erp-api\src\modules\sunat-retry\sunat-retry.service.ts"
"gre_guias","update","error_message","apps\erp-api\src\modules\sunat-retry\sunat-retry.service.ts"
"gre_guias","filter","id","apps\erp-api\src\modules\sunat-retry\sunat-retry.service.ts"
"gre_guias","filter","tenant_id","apps\erp-api\src\modules\sunat-retry\sunat-retry.service.ts"
"gre_guias","select","id","apps\erp-api\src\modules\sunat-retry\sunat-retry.service.ts"
"gre_guias","select","estado","apps\erp-api\src\modules\sunat-retry\sunat-retry.service.ts"
"gre_guias","select","retry_count","apps\erp-api\src\modules\sunat-retry\sunat-retry.service.ts"
"gre_guias","filter","id","apps\erp-api\src\modules\sunat-retry\sunat-retry.service.ts"
"gre_guias","filter","tenant_id","apps\erp-api\src\modules\sunat-retry\sunat-retry.service.ts"
"productos","select","stock_actual","apps\erp-api\src\modules\inventario\inventario.service.ts"
"productos","select","stock_reservado","apps\erp-api\src\modules\inventario\inventario.service.ts"
"productos","filter","tenant_id","apps\erp-api\src\modules\inventario\inventario.service.ts"
"productos","filter","id","apps\erp-api\src\modules\inventario\inventario.service.ts"
"productos","select","stock_actual","apps\erp-api\src\modules\inventario\inventario.service.ts"
"productos","select","precio_venta","apps\erp-api\src\modules\inventario\inventario.service.ts"
"productos","select","precio_compra","apps\erp-api\src\modules\inventario\inventario.service.ts"
"productos","filter","id","apps\erp-api\src\modules\inventario\inventario.service.ts"
"productos","filter","tenant_id","apps\erp-api\src\modules\inventario\inventario.service.ts"
"productos","select","id","apps\erp-api\src\modules\inventario\inventario.service.ts"
"productos","select","nombre","apps\erp-api\src\modules\inventario\inventario.service.ts"
"productos","select","stock_actual","apps\erp-api\src\modules\inventario\inventario.service.ts"
"productos","select","stock_reservado","apps\erp-api\src\modules\inventario\inventario.service.ts"
"productos","filter","tenant_id","apps\erp-api\src\modules\inventario\inventario.service.ts"
"productos","filter","id","apps\erp-api\src\modules\inventario\inventario.service.ts"
"productos","update","stock_reservado","apps\erp-api\src\modules\inventario\inventario.service.ts"
"productos","filter","tenant_id","apps\erp-api\src\modules\inventario\inventario.service.ts"
"productos","filter","id","apps\erp-api\src\modules\inventario\inventario.service.ts"
"productos","select","id","apps\erp-api\src\modules\inventario\inventario.service.ts"
"productos","select","nombre","apps\erp-api\src\modules\inventario\inventario.service.ts"
"productos","select","stock_actual","apps\erp-api\src\modules\inventario\inventario.service.ts"
"productos","select","stock_reservado","apps\erp-api\src\modules\inventario\inventario.service.ts"
"productos","filter","tenant_id","apps\erp-api\src\modules\inventario\inventario.service.ts"
"productos","filter","id","apps\erp-api\src\modules\inventario\inventario.service.ts"
"productos","update","stock_reservado","apps\erp-api\src\modules\inventario\inventario.service.ts"
"productos","filter","tenant_id","apps\erp-api\src\modules\inventario\inventario.service.ts"
"productos","filter","id","apps\erp-api\src\modules\inventario\inventario.service.ts"
"productos","select","id","apps\erp-api\src\modules\inventario\inventario.service.ts"
"productos","select","nombre","apps\erp-api\src\modules\inventario\inventario.service.ts"
"productos","select","stock_actual","apps\erp-api\src\modules\inventario\inventario.service.ts"
"productos","select","stock_reservado","apps\erp-api\src\modules\inventario\inventario.service.ts"
"productos","filter","tenant_id","apps\erp-api\src\modules\inventario\inventario.service.ts"
"productos","filter","id","apps\erp-api\src\modules\inventario\inventario.service.ts"
"productos","update","stock_actual","apps\erp-api\src\modules\inventario\inventario.service.ts"
"productos","update","stock_reservado","apps\erp-api\src\modules\inventario\inventario.service.ts"
"productos","filter","tenant_id","apps\erp-api\src\modules\inventario\inventario.service.ts"
"productos","filter","id","apps\erp-api\src\modules\inventario\inventario.service.ts"
"productos","select","precio_venta","apps\erp-api\src\modules\inventario\inventario.service.ts"
"productos","filter","id","apps\erp-api\src\modules\inventario\inventario.service.ts"
"productos","filter","tenant_id","apps\erp-api\src\modules\inventario\inventario.service.ts"
"productos","select","nombre","apps\erp-api\src\modules\inventario\inventario.service.ts"
"productos","select","codigo","apps\erp-api\src\modules\inventario\inventario.service.ts"
"productos","filter","tenant_id","apps\erp-api\src\modules\inventario\inventario.service.ts"
"productos","filter","id","apps\erp-api\src\modules\inventario\inventario.service.ts"
"productos","select","stock_actual","apps\erp-api\src\modules\inventario\inventario.service.ts"
"productos","select","precio_compra","apps\erp-api\src\modules\inventario\inventario.service.ts"
"productos","filter","id","apps\erp-api\src\modules\inventario\inventario.service.ts"
"productos","filter","tenant_id","apps\erp-api\src\modules\inventario\inventario.service.ts"
"productos","select","stock_actual","apps\erp-api\src\modules\inventario\inventario.service.ts"
"productos","select","stock_reservado","apps\erp-api\src\modules\inventario\inventario.service.ts"
"productos","filter","id","apps\erp-api\src\modules\inventario\inventario.service.ts"
"productos","filter","tenant_id","apps\erp-api\src\modules\inventario\inventario.service.ts"
"productos","select","stock_actual","apps\erp-api\src\modules\inventario\inventario.service.ts"
"productos","select","stock_reservado","apps\erp-api\src\modules\inventario\inventario.service.ts"
"productos","filter","id","apps\erp-api\src\modules\inventario\inventario.service.ts"
"productos","filter","tenant_id","apps\erp-api\src\modules\inventario\inventario.service.ts"
"productos","select","id","apps\erp-api\src\modules\inventario\inventario.service.ts"
"productos","select","nombre","apps\erp-api\src\modules\inventario\inventario.service.ts"
"productos","select","codigo","apps\erp-api\src\modules\inventario\inventario.service.ts"
"productos","select","sku","apps\erp-api\src\modules\inventario\inventario.service.ts"
"productos","select","precio_compra","apps\erp-api\src\modules\inventario\inventario.service.ts"
"productos","filter","tenant_id","apps\erp-api\src\modules\inventario\inventario.service.ts"
"productos","filter","id","apps\erp-api\src\modules\inventario\inventario.service.ts"
"productos","filter","id","apps\erp-api\src\modules\inventario\inventario.service.ts"
"productos","filter","id","apps\erp-api\src\modules\inventario\inventario.service.ts"
"productos","select","id","apps\erp-api\src\modules\inventario\inventario.service.ts"
"productos","select","nombre","apps\erp-api\src\modules\inventario\inventario.service.ts"
"productos","select","codigo","apps\erp-api\src\modules\inventario\inventario.service.ts"
"productos","select","sku","apps\erp-api\src\modules\inventario\inventario.service.ts"
"productos","select","precio_compra","apps\erp-api\src\modules\inventario\inventario.service.ts"
"productos","filter","tenant_id","apps\erp-api\src\modules\inventario\inventario.service.ts"
"productos","filter","id","apps\erp-api\src\modules\inventario\inventario.service.ts"
"productos","filter","id","apps\erp-api\src\modules\inventario\inventario.service.ts"
"productos","filter","id","apps\erp-api\src\modules\inventario\inventario.service.ts"
"movimientos_inventario","select","id","apps\erp-api\src\modules\inventario\inventario.service.ts"
"movimientos_inventario","insert","tenant_id","apps\erp-api\src\modules\inventario\inventario.service.ts"
"movimientos_inventario","insert","producto_id","apps\erp-api\src\modules\inventario\inventario.service.ts"
"movimientos_inventario","insert","tipo","apps\erp-api\src\modules\inventario\inventario.service.ts"
"movimientos_inventario","insert","cantidad","apps\erp-api\src\modules\inventario\inventario.service.ts"
"movimientos_inventario","insert","referencia_tipo","apps\erp-api\src\modules\inventario\inventario.service.ts"
"movimientos_inventario","insert","referencia_id","apps\erp-api\src\modules\inventario\inventario.service.ts"
"movimientos_inventario","insert","notas","apps\erp-api\src\modules\inventario\inventario.service.ts"
"movimientos_inventario","insert","created_by","apps\erp-api\src\modules\inventario\inventario.service.ts"
"movimientos_inventario","insert","created_at","apps\erp-api\src\modules\inventario\inventario.service.ts"
"movimientos_inventario","select","id","apps\erp-api\src\modules\inventario\inventario.service.ts"
"movimientos_inventario","select","tipo","apps\erp-api\src\modules\inventario\inventario.service.ts"
"movimientos_inventario","select","cantidad","apps\erp-api\src\modules\inventario\inventario.service.ts"
"movimientos_inventario","select","referencia_tipo","apps\erp-api\src\modules\inventario\inventario.service.ts"
"movimientos_inventario","select","referencia_id","apps\erp-api\src\modules\inventario\inventario.service.ts"
"movimientos_inventario","select","created_at","apps\erp-api\src\modules\inventario\inventario.service.ts"
"movimientos_inventario","filter","tenant_id","apps\erp-api\src\modules\inventario\inventario.service.ts"
"movimientos_inventario","filter","producto_id","apps\erp-api\src\modules\inventario\inventario.service.ts"
"movimientos_inventario","filter","tipo","apps\erp-api\src\modules\inventario\inventario.service.ts"
"movimientos_inventario","filter","cantidad","apps\erp-api\src\modules\inventario\inventario.service.ts"
"movimientos_inventario","filter","referencia_tipo","apps\erp-api\src\modules\inventario\inventario.service.ts"
"movimientos_inventario","filter","referencia_id","apps\erp-api\src\modules\inventario\inventario.service.ts"
"movimientos_inventario","filter","created_at","apps\erp-api\src\modules\inventario\inventario.service.ts"
"almacenes","select","id","apps\erp-api\src\modules\inventario\inventario.service.ts"
"almacenes","select","nombre","apps\erp-api\src\modules\inventario\inventario.service.ts"
"almacenes","select","codigo","apps\erp-api\src\modules\inventario\inventario.service.ts"
"almacenes","filter","id","apps\erp-api\src\modules\inventario\inventario.service.ts"
"almacenes","filter","id","apps\erp-api\src\modules\inventario\inventario.service.ts"
"almacenes","select","id","apps\erp-api\src\modules\inventario\inventario.service.ts"
"almacenes","select","nombre","apps\erp-api\src\modules\inventario\inventario.service.ts"
"almacenes","select","codigo","apps\erp-api\src\modules\inventario\inventario.service.ts"
"almacenes","filter","id","apps\erp-api\src\modules\inventario\inventario.service.ts"
"almacenes","filter","id","apps\erp-api\src\modules\inventario\inventario.service.ts"
"almacenes","filter","tenant_id","apps\erp-api\src\modules\inventario\inventario.service.ts"
"almacenes","filter","id","apps\erp-api\src\modules\inventario\inventario.service.ts"
"producto_existencias","select","stock_actual","apps\erp-api\src\modules\inventario\inventario.service.ts"
"producto_existencias","select","stock_reservado","apps\erp-api\src\modules\inventario\inventario.service.ts"
"producto_existencias","filter","tenant_id","apps\erp-api\src\modules\inventario\inventario.service.ts"
"producto_existencias","filter","producto_id","apps\erp-api\src\modules\inventario\inventario.service.ts"
"producto_existencias","filter","almacen_id","apps\erp-api\src\modules\inventario\inventario.service.ts"
"producto_existencias","select","stock_actual","apps\erp-api\src\modules\inventario\inventario.service.ts"
"producto_existencias","select","stock_reservado","apps\erp-api\src\modules\inventario\inventario.service.ts"
"producto_existencias","select","producto_id","apps\erp-api\src\modules\inventario\inventario.service.ts"
"producto_existencias","select","almacen_id","apps\erp-api\src\modules\inventario\inventario.service.ts"
"producto_existencias","filter","tenant_id","apps\erp-api\src\modules\inventario\inventario.service.ts"
"producto_existencias","filter","producto_id","apps\erp-api\src\modules\inventario\inventario.service.ts"
"producto_existencias","filter","almacen_id","apps\erp-api\src\modules\inventario\inventario.service.ts"
"proveedores","select","id","apps\erp-api\src\modules\inventario\inventario.service.ts"
"proveedores","select","razon_social","apps\erp-api\src\modules\inventario\inventario.service.ts"
"proveedores","select","ruc","apps\erp-api\src\modules\inventario\inventario.service.ts"
"proveedores","filter","tenant_id","apps\erp-api\src\modules\inventario\inventario.service.ts"
"proveedores","filter","id","apps\erp-api\src\modules\inventario\inventario.service.ts"
"ordenes_compra","select","id","apps\erp-api\src\modules\inventario\inventario.service.ts"
"ordenes_compra","select","numero","apps\erp-api\src\modules\inventario\inventario.service.ts"
"ordenes_compra","select","moneda","apps\erp-api\src\modules\inventario\inventario.service.ts"
"ordenes_compra","select","total","apps\erp-api\src\modules\inventario\inventario.service.ts"
"ordenes_compra","filter","tenant_id","apps\erp-api\src\modules\inventario\inventario.service.ts"
"ordenes_compra","filter","id","apps\erp-api\src\modules\inventario\inventario.service.ts"
"ordenes_compra","filter","tenant_id","apps\erp-api\src\modules\inventario\inventario.service.ts"
"ordenes_compra","filter","id","apps\erp-api\src\modules\inventario\inventario.service.ts"
"orden_compra_detalles","select","id","apps\erp-api\src\modules\inventario\inventario.service.ts"
"orden_compra_detalles","select","precio_unitario","apps\erp-api\src\modules\inventario\inventario.service.ts"
"orden_compra_detalles","select","moneda","apps\erp-api\src\modules\inventario\inventario.service.ts"
"orden_compra_detalles","filter","id","apps\erp-api\src\modules\inventario\inventario.service.ts"
"orden_compra_detalles","filter","id","apps\erp-api\src\modules\inventario\inventario.service.ts"
"orden_compra_detalles","filter","id","apps\erp-api\src\modules\inventario\inventario.service.ts"
"orden_compra_detalles","select","id","apps\erp-api\src\modules\inventario\inventario.service.ts"
"orden_compra_detalles","select","precio_unitario","apps\erp-api\src\modules\inventario\inventario.service.ts"
"orden_compra_detalles","select","moneda","apps\erp-api\src\modules\inventario\inventario.service.ts"
"orden_compra_detalles","filter","id","apps\erp-api\src\modules\inventario\inventario.service.ts"
"orden_compra_detalles","filter","id","apps\erp-api\src\modules\inventario\inventario.service.ts"
"orden_compra_detalles","filter","id","apps\erp-api\src\modules\inventario\inventario.service.ts"
"recepciones","filter","tenant_id","apps\erp-api\src\modules\inventario\inventario.service.ts"
"recepciones","filter","id","apps\erp-api\src\modules\inventario\inventario.service.ts"
"recepcion_items","filter","recepcion_id","apps\erp-api\src\modules\inventario\inventario.service.ts"
"recepcion_items","filter","recepcion_id","apps\erp-api\src\modules\inventario\inventario.service.ts"
"recepcion_items","filter","almacen_id","apps\erp-api\src\modules\inventario\inventario.service.ts"
"productos","filter","tenant_id","apps\erp-api\src\modules\reports.controller.ts"
"productos","select","id","apps\erp-api\src\modules\import-export\import-export.service.ts"
"productos","filter","tenant_id","apps\erp-api\src\modules\import-export\import-export.service.ts"
"productos","filter","codigo","apps\erp-api\src\modules\import-export\import-export.service.ts"
"productos","filter","id","apps\erp-api\src\modules\import-export\import-export.service.ts"
"productos","filter","tenant_id","apps\erp-api\src\modules\import-export\import-export.service.ts"
"productos","select","id","apps\erp-api\src\modules\import-export\import-export.service.ts"
"productos","filter","id","apps\erp-api\src\modules\import-export\import-export.service.ts"
"productos","filter","tenant_id","apps\erp-api\src\modules\import-export\import-export.service.ts"
"productos","select","id","apps\erp-api\src\modules\import-export\import-export.service.ts"
"cuentas_por_pagar","select","fecha_emision","apps\erp-api\src\modules\sire\sire.service.ts"
"cuentas_por_pagar","select","numero_documento","apps\erp-api\src\modules\sire\sire.service.ts"
"cuentas_por_pagar","select","proveedor_id","apps\erp-api\src\modules\sire\sire.service.ts"
"cuentas_por_pagar","select","subtotal","apps\erp-api\src\modules\sire\sire.service.ts"
"cuentas_por_pagar","select","igv","apps\erp-api\src\modules\sire\sire.service.ts"
"cuentas_por_pagar","select","total","apps\erp-api\src\modules\sire\sire.service.ts"
"cuentas_por_pagar","select","moneda","apps\erp-api\src\modules\sire\sire.service.ts"
"cuentas_por_pagar","filter","tenant_id","apps\erp-api\src\modules\sire\sire.service.ts"
"cpe","select","fecha_emision","apps\erp-api\src\modules\sire\sire.service.ts"
"cpe","select","tipo_documento","apps\erp-api\src\modules\sire\sire.service.ts"
"cpe","select","serie","apps\erp-api\src\modules\sire\sire.service.ts"
"cpe","select","numero","apps\erp-api\src\modules\sire\sire.service.ts"
"cpe","select","documento_receptor","apps\erp-api\src\modules\sire\sire.service.ts"
"cpe","select","razon_social_receptor","apps\erp-api\src\modules\sire\sire.service.ts"
"cpe","select","total_venta","apps\erp-api\src\modules\sire\sire.service.ts"
"cpe","select","total_igv","apps\erp-api\src\modules\sire\sire.service.ts"
"cpe","select","moneda","apps\erp-api\src\modules\sire\sire.service.ts"
"cpe","filter","tenant_id","apps\erp-api\src\modules\sire\sire.service.ts"
"sire_files","filter","tenant_id","apps\erp-api\src\modules\sire\sire.service.ts"
"sire_files","filter","periodo","apps\erp-api\src\modules\sire\sire.service.ts"
"sire_files","filter","tipo","apps\erp-api\src\modules\sire\sire.service.ts"
"sire_files","insert","tenant_id","apps\erp-api\src\modules\sire\sire.service.ts"
"sire_files","insert","periodo","apps\erp-api\src\modules\sire\sire.service.ts"
"sire_files","insert","tipo","apps\erp-api\src\modules\sire\sire.service.ts"
"sire_files","insert","filename","apps\erp-api\src\modules\sire\sire.service.ts"
"sire_files","insert","file_path","apps\erp-api\src\modules\sire\sire.service.ts"
"sire_files","insert","file_size","apps\erp-api\src\modules\sire\sire.service.ts"
"sire_files","insert","total_registros","apps\erp-api\src\modules\sire\sire.service.ts"
"sire_files","insert","estado","apps\erp-api\src\modules\sire\sire.service.ts"
"sire_files","insert","created_at","apps\erp-api\src\modules\sire\sire.service.ts"
"sire_files","select","total_registros","apps\erp-api\src\modules\sire\sire.service.ts"
"sire_files","select","estado","apps\erp-api\src\modules\sire\sire.service.ts"
"sire_files","filter","tenant_id","apps\erp-api\src\modules\sire\sire.service.ts"
"sire_files","filter","id","apps\erp-api\src\modules\sire\sire.service.ts"
"sire_files","update","total_registros","apps\erp-api\src\modules\sire\sire.service.ts"
"sire_files","update","estado","apps\erp-api\src\modules\sire\sire.service.ts"
"sire_files","update","updated_at","apps\erp-api\src\modules\sire\sire.service.ts"
"sire_files","filter","id","apps\erp-api\src\modules\sire\sire.service.ts"
"sire_files","select","total_registros","apps\erp-api\src\modules\sire\sire.service.ts"
"sire_files","filter","created_at","apps\erp-api\src\modules\sire\sire.service.ts"
"sire_files","filter","created_at","apps\erp-api\src\modules\sire\sire.service.ts"
"sire_files","filter","tenant_id","apps\erp-api\src\modules\sire\sire.service.ts"
"sire_files","filter","tenant_id","apps\erp-api\src\modules\sire\sire.service.ts"
"sire_files","select","total_registros","apps\erp-api\src\modules\sire\sire.service.ts"
"sire_files","filter","tenant_id","apps\erp-api\src\modules\sire\sire.service.ts"
"sire_files","filter","tenant_id","apps\erp-api\src\modules\sire\sire.service.ts"
"sire_files","filter","estado","apps\erp-api\src\modules\sire\sire.service.ts"
"sire_files","filter","tenant_id","apps\erp-api\src\modules\sire\sire.service.ts"
"sire_files","filter","estado","apps\erp-api\src\modules\sire\sire.service.ts"
"sire_files","filter","tenant_id","apps\erp-api\src\modules\sire\sire.service.ts"
"sire_files","filter","estado","apps\erp-api\src\modules\sire\sire.service.ts"
"sire_files","filter","tenant_id","apps\erp-api\src\modules\sire\sire.service.ts"
"sire_files","filter","created_at","apps\erp-api\src\modules\sire\sire.service.ts"
"sire_files","filter","tenant_id","apps\erp-api\src\modules\sire\sire.service.ts"
"sire_files","filter","periodo","apps\erp-api\src\modules\sire\sire.service.ts"
"sire_files","filter","tenant_id","apps\erp-api\src\modules\sire\sire.service.ts"
"sire_files","filter","tipo","apps\erp-api\src\modules\sire\sire.service.ts"
"sire_files","filter","periodo","apps\erp-api\src\modules\sire\sire.service.ts"
"sire_files","filter","created_at","apps\erp-api\src\modules\sire\sire.service.ts"
"sire_files","filter","id","apps\erp-api\src\modules\sire\sire.service.ts"
"sire_files","filter","tenant_id","apps\erp-api\src\modules\sire\sire.service.ts"
"sire_files","filter","id","apps\erp-api\src\modules\sire\sire.service.ts"
"sire_files","filter","tenant_id","apps\erp-api\src\modules\sire\sire.service.ts"
"sire_files","filter","id","apps\erp-api\src\modules\sire\sire.service.ts"
"sire_files","update","estado","apps\erp-api\src\modules\sire\sire.service.ts"
"sire_files","update","total_registros","apps\erp-api\src\modules\sire\sire.service.ts"
"sire_files","update","filename","apps\erp-api\src\modules\sire\sire.service.ts"
"sire_files","update","updated_at","apps\erp-api\src\modules\sire\sire.service.ts"
"sire_files","filter","id","apps\erp-api\src\modules\sire\sire.service.ts"
"sire_files","update","estado","apps\erp-api\src\modules\sire\sire.service.ts"
"sire_files","update","updated_at","apps\erp-api\src\modules\sire\sire.service.ts"
"sire_files","filter","id","apps\erp-api\src\modules\sire\sire.service.ts"
"clientes","filter","tenant_id","apps\erp-api\src\modules\pos\pos.service.ts"
"clientes","filter","activo","apps\erp-api\src\modules\pos\pos.service.ts"
"clientes","filter","razon_social","apps\erp-api\src\modules\pos\pos.service.ts"
"clientes","filter","tenant_id","apps\erp-api\src\modules\pos\pos.service.ts"
"clientes","select","numero_documento","apps\erp-api\src\modules\pos\pos.service.ts"
"clientes","select","tipo_documento","apps\erp-api\src\modules\pos\pos.service.ts"
"clientes","select","razon_social","apps\erp-api\src\modules\pos\pos.service.ts"
"clientes","select","nombres","apps\erp-api\src\modules\pos\pos.service.ts"
"clientes","select","apellidos","apps\erp-api\src\modules\pos\pos.service.ts"
"clientes","select","direccion","apps\erp-api\src\modules\pos\pos.service.ts"
"clientes","filter","id","apps\erp-api\src\modules\pos\pos.service.ts"
"clientes","filter","tenant_id","apps\erp-api\src\modules\pos\pos.service.ts"
"clientes","select","id","apps\erp-api\src\modules\pos\pos.service.ts"
"clientes","filter","id","apps\erp-api\src\modules\pos\pos.service.ts"
"clientes","filter","tenant_id","apps\erp-api\src\modules\pos\pos.service.ts"
"clientes","filter","numero_documento","apps\erp-api\src\modules\pos\pos.service.ts"
"clientes","filter","tenant_id","apps\erp-api\src\modules\pos\pos.service.ts"
"clientes","select","id","apps\erp-api\src\modules\pos\pos.service.ts"
"clientes","filter","numero_documento","apps\erp-api\src\modules\pos\pos.service.ts"
"clientes","filter","tenant_id","apps\erp-api\src\modules\pos\pos.service.ts"
"cuentas_por_cobrar","select","id","apps\erp-api\src\modules\pos\pos.service.ts"
"cuentas_por_cobrar","filter","tenant_id","apps\erp-api\src\modules\pos\pos.service.ts"
"cuentas_por_cobrar","filter","documento_id","apps\erp-api\src\modules\pos\pos.service.ts"
"cuentas_por_cobrar","filter","cliente_id","apps\erp-api\src\modules\pos\pos.service.ts"
"cuentas_por_cobrar","filter","created_at","apps\erp-api\src\modules\pos\pos.service.ts"
"sesiones_caja","filter","tenant_id","apps\erp-api\src\modules\pos\pos.service.ts"
"sesiones_caja","filter","estado","apps\erp-api\src\modules\pos\pos.service.ts"
"sesiones_caja","filter","hora_apertura","apps\erp-api\src\modules\pos\pos.service.ts"
"sesiones_caja","update","estado","apps\erp-api\src\modules\pos\pos.service.ts"
"sesiones_caja","update","hora_cierre","apps\erp-api\src\modules\pos\pos.service.ts"
"sesiones_caja","update","fecha_cierre","apps\erp-api\src\modules\pos\pos.service.ts"
"sesiones_caja","update","notas","apps\erp-api\src\modules\pos\pos.service.ts"
"sesiones_caja","filter","id","apps\erp-api\src\modules\pos\pos.service.ts"
"sesiones_caja","select","id","apps\erp-api\src\modules\pos\pos.service.ts"
"sesiones_caja","select","tenant_id","apps\erp-api\src\modules\pos\pos.service.ts"
"sesiones_caja","select","estado","apps\erp-api\src\modules\pos\pos.service.ts"
"sesiones_caja","select","hora_cierre","apps\erp-api\src\modules\pos\pos.service.ts"
"sesiones_caja","select","fecha_cierre","apps\erp-api\src\modules\pos\pos.service.ts"
"sesiones_caja","filter","id","apps\erp-api\src\modules\pos\pos.service.ts"
"sesiones_caja","filter","tenant_id","apps\erp-api\src\modules\pos\pos.service.ts"
"sesiones_caja","filter","estado","apps\erp-api\src\modules\pos\pos.service.ts"
"sesiones_caja","select","caja_id","apps\erp-api\src\modules\pos\pos.service.ts"
"sesiones_caja","filter","tenant_id","apps\erp-api\src\modules\pos\pos.service.ts"
"sesiones_caja","filter","id","apps\erp-api\src\modules\pos\pos.service.ts"
"ventas_pos","filter","tenant_id","apps\erp-api\src\modules\pos\pos.service.ts"
"ventas_pos","filter","fecha","apps\erp-api\src\modules\pos\pos.service.ts"
"ventas_pos","select","id","apps\erp-api\src\modules\pos\pos.service.ts"
"ventas_pos","select","numero_ticket","apps\erp-api\src\modules\pos\pos.service.ts"
"ventas_pos","select","estado","apps\erp-api\src\modules\pos\pos.service.ts"
"ventas_pos","select","total","apps\erp-api\src\modules\pos\pos.service.ts"
"ventas_pos","select","subtotal","apps\erp-api\src\modules\pos\pos.service.ts"
"ventas_pos","select","impuestos","apps\erp-api\src\modules\pos\pos.service.ts"
"ventas_pos","filter","id","apps\erp-api\src\modules\pos\pos.service.ts"
"ventas_pos","update","cpe_pendiente","apps\erp-api\src\modules\pos\pos.service.ts"
"ventas_pos","update","intentos_facturacion","apps\erp-api\src\modules\pos\pos.service.ts"
"ventas_pos","update","ultimo_intento_facturacion","apps\erp-api\src\modules\pos\pos.service.ts"
"ventas_pos","update","error_facturacion","apps\erp-api\src\modules\pos\pos.service.ts"
"ventas_pos","update","cpe_data","apps\erp-api\src\modules\pos\pos.service.ts"
"ventas_pos","filter","id","apps\erp-api\src\modules\pos\pos.service.ts"
"ventas_pos","filter","tenant_id","apps\erp-api\src\modules\pos\pos.service.ts"
"ventas_pos","filter","id","apps\erp-api\src\modules\pos\pos.service.ts"
"ventas_pos","filter","tenant_id","apps\erp-api\src\modules\pos\pos.service.ts"
"ventas_pos","filter","cpe_pendiente","apps\erp-api\src\modules\pos\pos.service.ts"
"ventas_pos","update","cpe_pendiente","apps\erp-api\src\modules\pos\pos.service.ts"
"ventas_pos","update","error_facturacion","apps\erp-api\src\modules\pos\pos.service.ts"
"ventas_pos","update","ultimo_intento_facturacion","apps\erp-api\src\modules\pos\pos.service.ts"
"ventas_pos","filter","id","apps\erp-api\src\modules\pos\pos.service.ts"
"ventas_pos","filter","tenant_id","apps\erp-api\src\modules\pos\pos.service.ts"
"ventas_pos","select","intentos_facturacion","apps\erp-api\src\modules\pos\pos.service.ts"
"ventas_pos","update","intentos_facturacion","apps\erp-api\src\modules\pos\pos.service.ts"
"ventas_pos","update","ultimo_intento_facturacion","apps\erp-api\src\modules\pos\pos.service.ts"
"ventas_pos","update","error_facturacion","apps\erp-api\src\modules\pos\pos.service.ts"
"ventas_pos","filter","id","apps\erp-api\src\modules\pos\pos.service.ts"
"ventas_pos","filter","tenant_id","apps\erp-api\src\modules\pos\pos.service.ts"
"ventas_pos","filter","id","apps\erp-api\src\modules\pos\pos.service.ts"
"ventas_pos","filter","tenant_id","apps\erp-api\src\modules\pos\pos.service.ts"
"ventas_pos","update","intentos_facturacion","apps\erp-api\src\modules\pos\pos.service.ts"
"ventas_pos","update","ultimo_intento_facturacion","apps\erp-api\src\modules\pos\pos.service.ts"
"ventas_pos","update","error_facturacion","apps\erp-api\src\modules\pos\pos.service.ts"
"ventas_pos","filter","id","apps\erp-api\src\modules\pos\pos.service.ts"
"ventas_pos","filter","tenant_id","apps\erp-api\src\modules\pos\pos.service.ts"
"ventas_pos","select","id","apps\erp-api\src\modules\pos\pos.service.ts"
"ventas_pos","select","numero_venta","apps\erp-api\src\modules\pos\pos.service.ts"
"ventas_pos","select","numero_ticket","apps\erp-api\src\modules\pos\pos.service.ts"
"ventas_pos","select","cliente_nombre","apps\erp-api\src\modules\pos\pos.service.ts"
"ventas_pos","select","total","apps\erp-api\src\modules\pos\pos.service.ts"
"ventas_pos","select","intentos_facturacion","apps\erp-api\src\modules\pos\pos.service.ts"
"ventas_pos","select","ultimo_intento_facturacion","apps\erp-api\src\modules\pos\pos.service.ts"
"ventas_pos","select","error_facturacion","apps\erp-api\src\modules\pos\pos.service.ts"
"ventas_pos","select","fecha","apps\erp-api\src\modules\pos\pos.service.ts"
"ventas_pos","filter","tenant_id","apps\erp-api\src\modules\pos\pos.service.ts"
"ventas_pos","filter","cpe_pendiente","apps\erp-api\src\modules\pos\pos.service.ts"
"ventas_pos","filter","ultimo_intento_facturacion","apps\erp-api\src\modules\pos\pos.service.ts"
"ventas_pos","filter","cpe_pendiente","apps\erp-api\src\modules\pos\pos.service.ts"
"ventas_pos","filter","intentos_facturacion","apps\erp-api\src\modules\pos\pos.service.ts"
"ventas_pos","filter","ultimo_intento_facturacion","apps\erp-api\src\modules\pos\pos.service.ts"
"ventas_pos","filter","tenant_id","apps\erp-api\src\modules\pos\pos.service.ts"
"ventas_pos","update","cpe_pendiente","apps\erp-api\src\modules\pos\pos.service.ts"
"ventas_pos","update","error_facturacion","apps\erp-api\src\modules\pos\pos.service.ts"
"ventas_pos","update","ultimo_intento_facturacion","apps\erp-api\src\modules\pos\pos.service.ts"
"ventas_pos","filter","id","apps\erp-api\src\modules\pos\pos.service.ts"
"ventas_pos","filter","tenant_id","apps\erp-api\src\modules\pos\pos.service.ts"
"ventas_pos","update","intentos_facturacion","apps\erp-api\src\modules\pos\pos.service.ts"
"ventas_pos","update","ultimo_intento_facturacion","apps\erp-api\src\modules\pos\pos.service.ts"
"ventas_pos","update","error_facturacion","apps\erp-api\src\modules\pos\pos.service.ts"
"ventas_pos","filter","id","apps\erp-api\src\modules\pos\pos.service.ts"
"ventas_pos","filter","tenant_id","apps\erp-api\src\modules\pos\pos.service.ts"
"ventas_pos","filter","id","apps\erp-api\src\modules\pos\pos.service.ts"
"ventas_pos","filter","tenant_id","apps\erp-api\src\modules\pos\pos.service.ts"
"detalle_ventas_pos","filter","venta_id","apps\erp-api\src\modules\pos\pos.service.ts"
"detalle_ventas_pos","filter","tenant_id","apps\erp-api\src\modules\pos\pos.service.ts"
"detalle_ventas_pos","filter","venta_id","apps\erp-api\src\modules\pos\pos.service.ts"
"detalle_ventas_pos","filter","tenant_id","apps\erp-api\src\modules\pos\pos.service.ts"
"detalle_ventas_pos","filter","id","apps\erp-api\src\modules\pos\pos.service.ts"
"detalle_ventas_pos","filter","tenant_id","apps\erp-api\src\modules\pos\pos.service.ts"
"movimientos_caja","select","id","apps\erp-api\src\modules\pos\pos.service.ts"
"movimientos_caja","filter","sesion_caja_id","apps\erp-api\src\modules\pos\pos.service.ts"
"movimientos_caja","filter","tenant_id","apps\erp-api\src\modules\pos\pos.service.ts"
"movimientos_caja","filter","referencia_tipo","apps\erp-api\src\modules\pos\pos.service.ts"
"movimientos_caja","filter","referencia_documento","apps\erp-api\src\modules\pos\pos.service.ts"
"empleados","filter","tenant_id","apps\erp-api\src\modules\rrhh\rrhh.service.ts"
"empleados","insert","tenant_id","apps\erp-api\src\modules\rrhh\rrhh.service.ts"
"empleados","filter","id","apps\erp-api\src\modules\rrhh\rrhh.service.ts"
"empleados","filter","tenant_id","apps\erp-api\src\modules\rrhh\rrhh.service.ts"
"empleados","filter","id","apps\erp-api\src\modules\rrhh\rrhh.service.ts"
"empleados","filter","tenant_id","apps\erp-api\src\modules\rrhh\rrhh.service.ts"
"empleados","insert","tenant_id","apps\erp-api\src\modules\rrhh\rrhh.service.ts"
"empleados","filter","id","apps\erp-api\src\modules\rrhh\rrhh.service.ts"
"empleados","filter","tenant_id","apps\erp-api\src\modules\rrhh\rrhh.service.ts"
"empleados","filter","id","apps\erp-api\src\modules\rrhh\rrhh.service.ts"
"empleados","filter","tenant_id","apps\erp-api\src\modules\rrhh\rrhh.service.ts"
"empleados","update","estado","apps\erp-api\src\modules\rrhh\rrhh.service.ts"
"empleados","filter","id","apps\erp-api\src\modules\rrhh\rrhh.service.ts"
"empleados","filter","tenant_id","apps\erp-api\src\modules\rrhh\rrhh.service.ts"
"empleados","filter","id_empleado","apps\erp-api\src\modules\rrhh\rrhh.service.ts"
"empleados","filter","tenant_id","apps\erp-api\src\modules\rrhh\rrhh.service.ts"
"empleados","filter","estado","apps\erp-api\src\modules\rrhh\rrhh.service.ts"
"empleados","filter","tenant_id","apps\erp-api\src\modules\rrhh\rrhh.service.ts"
"empleados","filter","estado","apps\erp-api\src\modules\rrhh\rrhh.service.ts"
"empleados","filter","tenant_id","apps\erp-api\src\modules\rrhh\rrhh.service.ts"
"empleados","filter","estado","apps\erp-api\src\modules\rrhh\rrhh.service.ts"
"empleados","filter","tenant_id","apps\erp-api\src\modules\rrhh\rrhh.service.ts"
"empleados","filter","estado","apps\erp-api\src\modules\rrhh\rrhh.service.ts"
"empleados","select","nombres","apps\erp-api\src\modules\rrhh\rrhh.service.ts"
"empleados","select","apellidos","apps\erp-api\src\modules\rrhh\rrhh.service.ts"
"empleados","select","fecha_nacimiento","apps\erp-api\src\modules\rrhh\rrhh.service.ts"
"empleados","filter","tenant_id","apps\erp-api\src\modules\rrhh\rrhh.service.ts"
"empleados","filter","estado","apps\erp-api\src\modules\rrhh\rrhh.service.ts"
"empleados","select","nombres","apps\erp-api\src\modules\rrhh\rrhh.service.ts"
"empleados","select","apellidos","apps\erp-api\src\modules\rrhh\rrhh.service.ts"
"empleados","select","numero_documento","apps\erp-api\src\modules\rrhh\rrhh.service.ts"
"empleados","filter","id","apps\erp-api\src\modules\rrhh\rrhh.service.ts"
"empleados","filter","tenant_id","apps\erp-api\src\modules\rrhh\rrhh.service.ts"
"empleados","filter","id","apps\erp-api\src\modules\rrhh\rrhh.service.ts"
"empleados","filter","tenant_id","apps\erp-api\src\modules\rrhh\rrhh.service.ts"
"empleados","filter","empleado_id","apps\erp-api\src\modules\rrhh\rrhh.service.ts"
"empleados","filter","tenant_id","apps\erp-api\src\modules\rrhh\rrhh.service.ts"
"empleados","filter","created_at","apps\erp-api\src\modules\rrhh\rrhh.service.ts"
"asientos_contables","insert","numero_asiento","apps\erp-api\src\modules\rrhh\rrhh-accounting-integration.service.ts"
"asientos_contables","insert","fecha","apps\erp-api\src\modules\rrhh\rrhh-accounting-integration.service.ts"
"asientos_contables","insert","concepto","apps\erp-api\src\modules\rrhh\rrhh-accounting-integration.service.ts"
"asientos_contables","insert","referencia","apps\erp-api\src\modules\rrhh\rrhh-accounting-integration.service.ts"
"asientos_contables","insert","total_debe","apps\erp-api\src\modules\rrhh\rrhh-accounting-integration.service.ts"
"asientos_contables","insert","total_haber","apps\erp-api\src\modules\rrhh\rrhh-accounting-integration.service.ts"
"asientos_contables","insert","estado","apps\erp-api\src\modules\rrhh\rrhh-accounting-integration.service.ts"
"asientos_contables","insert","usuario_id","apps\erp-api\src\modules\rrhh\rrhh-accounting-integration.service.ts"
"asientos_contables","insert","created_at","apps\erp-api\src\modules\rrhh\rrhh-accounting-integration.service.ts"
"asientos_contables","insert","numero_asiento","apps\erp-api\src\modules\rrhh\rrhh-accounting-integration.service.ts"
"asientos_contables","insert","fecha","apps\erp-api\src\modules\rrhh\rrhh-accounting-integration.service.ts"
"asientos_contables","insert","concepto","apps\erp-api\src\modules\rrhh\rrhh-accounting-integration.service.ts"
"asientos_contables","insert","referencia","apps\erp-api\src\modules\rrhh\rrhh-accounting-integration.service.ts"
"asientos_contables","insert","total_debe","apps\erp-api\src\modules\rrhh\rrhh-accounting-integration.service.ts"
"asientos_contables","insert","total_haber","apps\erp-api\src\modules\rrhh\rrhh-accounting-integration.service.ts"
"asientos_contables","insert","estado","apps\erp-api\src\modules\rrhh\rrhh-accounting-integration.service.ts"
"asientos_contables","insert","usuario_id","apps\erp-api\src\modules\rrhh\rrhh-accounting-integration.service.ts"
"asientos_contables","insert","created_at","apps\erp-api\src\modules\rrhh\rrhh-accounting-integration.service.ts"
"asientos_contables","insert","numero_asiento","apps\erp-api\src\modules\rrhh\rrhh-accounting-integration.service.ts"
"asientos_contables","insert","fecha","apps\erp-api\src\modules\rrhh\rrhh-accounting-integration.service.ts"
"asientos_contables","insert","concepto","apps\erp-api\src\modules\rrhh\rrhh-accounting-integration.service.ts"
"asientos_contables","insert","referencia","apps\erp-api\src\modules\rrhh\rrhh-accounting-integration.service.ts"
"asientos_contables","insert","total_debe","apps\erp-api\src\modules\rrhh\rrhh-accounting-integration.service.ts"
"asientos_contables","insert","total_haber","apps\erp-api\src\modules\rrhh\rrhh-accounting-integration.service.ts"
"asientos_contables","insert","estado","apps\erp-api\src\modules\rrhh\rrhh-accounting-integration.service.ts"
"asientos_contables","insert","usuario_id","apps\erp-api\src\modules\rrhh\rrhh-accounting-integration.service.ts"
"asientos_contables","insert","created_at","apps\erp-api\src\modules\rrhh\rrhh-accounting-integration.service.ts"
"asientos_contables","filter","fecha","apps\erp-api\src\modules\rrhh\rrhh-accounting-integration.service.ts"
"asientos_contables","filter","fecha","apps\erp-api\src\modules\rrhh\rrhh-accounting-integration.service.ts"
"asientos_contables","filter","fecha","apps\erp-api\src\modules\rrhh\rrhh-accounting-integration.service.ts"
"planillas","filter","id","apps\erp-api\src\modules\rrhh\rrhh-accounting-integration.service.ts"
"asientos_contables","insert","numero_asiento","apps\erp-api\src\modules\rrhh\planillas.service.ts"
"asientos_contables","insert","fecha","apps\erp-api\src\modules\rrhh\planillas.service.ts"
"asientos_contables","insert","concepto","apps\erp-api\src\modules\rrhh\planillas.service.ts"
"asientos_contables","insert","referencia","apps\erp-api\src\modules\rrhh\planillas.service.ts"
"asientos_contables","insert","total_debe","apps\erp-api\src\modules\rrhh\planillas.service.ts"
"asientos_contables","insert","total_haber","apps\erp-api\src\modules\rrhh\planillas.service.ts"
"asientos_contables","insert","estado","apps\erp-api\src\modules\rrhh\planillas.service.ts"
"asientos_contables","insert","usuario_id","apps\erp-api\src\modules\rrhh\planillas.service.ts"
"asientos_contables","update","asientos_generados","apps\erp-api\src\modules\rrhh\planillas.service.ts"
"asientos_contables","update","fecha_asientos","apps\erp-api\src\modules\rrhh\planillas.service.ts"
"asientos_contables","filter","id","apps\erp-api\src\modules\rrhh\planillas.service.ts"
"asientos_contables","filter","id","apps\erp-api\src\modules\rrhh\planillas.service.ts"
"detalle_asientos","filter","id","apps\erp-api\src\modules\rrhh\planillas.service.ts"
"plan_cuentas","select","id","apps\erp-api\src\modules\rrhh\planillas.service.ts"
"plan_cuentas","filter","codigo","apps\erp-api\src\modules\rrhh\planillas.service.ts"
"empleados","filter","estado","apps\erp-api\src\modules\rrhh\planillas.service.ts"
"empleados","filter","tenant_id","apps\erp-api\src\modules\rrhh\planillas.service.ts"
"planillas","filter","periodo","apps\erp-api\src\modules\rrhh\planillas.service.ts"
"planillas","filter","tenant_id","apps\erp-api\src\modules\rrhh\planillas.service.ts"
"planillas","filter","estado","apps\erp-api\src\modules\rrhh\planillas.service.ts"
"planillas","filter","tenant_id","apps\erp-api\src\modules\rrhh\planillas.service.ts"
"planillas","select","periodo","apps\erp-api\src\modules\rrhh\planillas.service.ts"
"planillas","filter","id","apps\erp-api\src\modules\rrhh\planillas.service.ts"
"planillas","update","total_ingresos","apps\erp-api\src\modules\rrhh\planillas.service.ts"
"planillas","update","total_descuentos","apps\erp-api\src\modules\rrhh\planillas.service.ts"
"planillas","update","total_aportes","apps\erp-api\src\modules\rrhh\planillas.service.ts"
"planillas","update","total_neto","apps\erp-api\src\modules\rrhh\planillas.service.ts"
"planillas","update","estado","apps\erp-api\src\modules\rrhh\planillas.service.ts"
"planillas","filter","id","apps\erp-api\src\modules\rrhh\planillas.service.ts"
"planillas","filter","id","apps\erp-api\src\modules\rrhh\planillas.service.ts"
"planillas","filter","id","apps\erp-api\src\modules\rrhh\planillas.service.ts"
"planillas","update","total_ingresos","apps\erp-api\src\modules\rrhh\planillas.service.ts"
"planillas","update","total_descuentos","apps\erp-api\src\modules\rrhh\planillas.service.ts"
"planillas","update","total_aportes","apps\erp-api\src\modules\rrhh\planillas.service.ts"
"planillas","update","total_neto","apps\erp-api\src\modules\rrhh\planillas.service.ts"
"planillas","update","estado","apps\erp-api\src\modules\rrhh\planillas.service.ts"
"planillas","filter","id","apps\erp-api\src\modules\rrhh\planillas.service.ts"
"planillas","filter","id","apps\erp-api\src\modules\rrhh\planillas.service.ts"
"planillas","update","estado_pago","apps\erp-api\src\modules\rrhh\planillas.service.ts"
"planillas","update","fecha_pago","apps\erp-api\src\modules\rrhh\planillas.service.ts"
"planillas","update","metodo_pago","apps\erp-api\src\modules\rrhh\planillas.service.ts"
"planillas","update","total_pagado","apps\erp-api\src\modules\rrhh\planillas.service.ts"
"planillas","filter","id","apps\erp-api\src\modules\rrhh\planillas.service.ts"
"planillas","select","periodo","apps\erp-api\src\modules\rrhh\planillas.service.ts"
"planillas","filter","id","apps\erp-api\src\modules\rrhh\planillas.service.ts"
"planillas","filter","id","apps\erp-api\src\modules\rrhh\planillas.service.ts"
"planillas","update","asientos_generados","apps\erp-api\src\modules\rrhh\planillas.service.ts"
"planillas","update","fecha_asientos","apps\erp-api\src\modules\rrhh\planillas.service.ts"
"planillas","filter","id","apps\erp-api\src\modules\rrhh\planillas.service.ts"
"planillas","update","asientos_generados","apps\erp-api\src\modules\rrhh\planillas.service.ts"
"planillas","update","fecha_asientos","apps\erp-api\src\modules\rrhh\planillas.service.ts"
"planillas","filter","id","apps\erp-api\src\modules\rrhh\planillas.service.ts"
"empleado_planilla","insert","id_planilla","apps\erp-api\src\modules\rrhh\planillas.service.ts"
"empleado_planilla","insert","id_empleado","apps\erp-api\src\modules\rrhh\planillas.service.ts"
"empleado_planilla","insert","dias_trabajados","apps\erp-api\src\modules\rrhh\planillas.service.ts"
"empleado_planilla","insert","total_ingresos","apps\erp-api\src\modules\rrhh\planillas.service.ts"
"empleado_planilla","insert","total_descuentos","apps\erp-api\src\modules\rrhh\planillas.service.ts"
"empleado_planilla","insert","total_aportes","apps\erp-api\src\modules\rrhh\planillas.service.ts"
"empleado_planilla","insert","neto_pagar","apps\erp-api\src\modules\rrhh\planillas.service.ts"
"empleado_planilla","filter","id_planilla","apps\erp-api\src\modules\rrhh\planillas.service.ts"
"empleado_planilla","filter","id","apps\erp-api\src\modules\rrhh\planillas.service.ts"
"empleado_planilla","filter","id","apps\erp-api\src\modules\rrhh\planillas.service.ts"
"empleado_planilla","filter","id","apps\erp-api\src\modules\rrhh\planillas.service.ts"
"empleado_planilla","filter","id_planilla","apps\erp-api\src\modules\rrhh\planillas.service.ts"
"empleado_planilla","update","estado_pago","apps\erp-api\src\modules\rrhh\planillas.service.ts"
"empleado_planilla","update","fecha_pago","apps\erp-api\src\modules\rrhh\planillas.service.ts"
"empleado_planilla","update","metodo_pago","apps\erp-api\src\modules\rrhh\planillas.service.ts"
"empleado_planilla","update","numero_operacion","apps\erp-api\src\modules\rrhh\planillas.service.ts"
"empleado_planilla","update","observaciones_pago","apps\erp-api\src\modules\rrhh\planillas.service.ts"
"empleado_planilla","filter","id","apps\erp-api\src\modules\rrhh\planillas.service.ts"
"empleado_planilla_conceptos","insert","id_empleado_planilla","apps\erp-api\src\modules\rrhh\planillas.service.ts"
"empleado_planilla_conceptos","insert","id_concepto","apps\erp-api\src\modules\rrhh\planillas.service.ts"
"empleado_planilla_conceptos","insert","monto","apps\erp-api\src\modules\rrhh\planillas.service.ts"
"empleado_planilla_conceptos","insert","observaciones","apps\erp-api\src\modules\rrhh\planillas.service.ts"
"empleado_planilla_conceptos","insert","id_empleado_planilla","apps\erp-api\src\modules\rrhh\planillas.service.ts"
"empleado_planilla_conceptos","insert","id_concepto","apps\erp-api\src\modules\rrhh\planillas.service.ts"
"empleado_planilla_conceptos","insert","monto","apps\erp-api\src\modules\rrhh\planillas.service.ts"
"empleado_planilla_conceptos","insert","observaciones","apps\erp-api\src\modules\rrhh\planillas.service.ts"
"conceptos_planilla","filter","activo","apps\erp-api\src\modules\rrhh\planillas.service.ts"
"conceptos_planilla","filter","activo","apps\erp-api\src\modules\rrhh\planillas.service.ts"
"conceptos_planilla","filter","codigo","apps\erp-api\src\modules\rrhh\planillas.service.ts"
"conceptos_planilla","filter","tenant_id","apps\erp-api\src\modules\rrhh\planillas.service.ts"
"conceptos_planilla","filter","activo","apps\erp-api\src\modules\rrhh\planillas.service.ts"
"pagos_empleados","insert","empleado_id","apps\erp-api\src\modules\rrhh\planillas.service.ts"
"pagos_empleados","insert","planilla_id","apps\erp-api\src\modules\rrhh\planillas.service.ts"
"pagos_empleados","insert","periodo","apps\erp-api\src\modules\rrhh\planillas.service.ts"
"pagos_empleados","insert","sueldo_bruto","apps\erp-api\src\modules\rrhh\planillas.service.ts"
"pagos_empleados","insert","descuentos","apps\erp-api\src\modules\rrhh\planillas.service.ts"
"pagos_empleados","insert","monto_neto","apps\erp-api\src\modules\rrhh\planillas.service.ts"
"pagos_empleados","insert","metodo_pago","apps\erp-api\src\modules\rrhh\planillas.service.ts"
"pagos_empleados","insert","estado","apps\erp-api\src\modules\rrhh\planillas.service.ts"
"pagos_empleados","insert","fecha_pago","apps\erp-api\src\modules\rrhh\planillas.service.ts"
"pagos_empleados","insert","usuario_id","apps\erp-api\src\modules\rrhh\planillas.service.ts"
