"table","kind","column","file"
"tenants","select","id","apps\erp-api\scripts\run-pos-pending-worker.js"
"empresa_config","select","id","apps\erp-api\scripts\reencrypt-certs.ts"
"empresa_config","select","tenant_id","apps\erp-api\scripts\reencrypt-certs.ts"
"empresa_config","select","pfx_encrypted","apps\erp-api\scripts\reencrypt-certs.ts"
"empresa_config","select","pfx_password_encrypted","apps\erp-api\scripts\reencrypt-certs.ts"
"empresa_config","update","pfx_encrypted","apps\erp-api\scripts\reencrypt-certs.ts"
"empresa_config","update","pfx_password_encrypted","apps\erp-api\scripts\reencrypt-certs.ts"
"empresa_config","filter","id","apps\erp-api\scripts\reencrypt-certs.ts"
"tenants","insert","id","apps\erp-api\tests\e2e\ventas-e2e.test.ts"
"tenants","insert","nombre","apps\erp-api\tests\e2e\ventas-e2e.test.ts"
"tenants","insert","ruc","apps\erp-api\tests\e2e\ventas-e2e.test.ts"
"tenants","insert","pais","apps\erp-api\tests\e2e\ventas-e2e.test.ts"
"tenants","insert","activo","apps\erp-api\tests\e2e\ventas-e2e.test.ts"
"tenants","insert","id","apps\erp-api\tests\e2e\ventas-e2e.test.ts"
"tenants","insert","nombre","apps\erp-api\tests\e2e\ventas-e2e.test.ts"
"tenants","insert","ruc","apps\erp-api\tests\e2e\ventas-e2e.test.ts"
"tenants","insert","pais","apps\erp-api\tests\e2e\ventas-e2e.test.ts"
"tenants","insert","activo","apps\erp-api\tests\e2e\ventas-e2e.test.ts"
"tenants","filter","id","apps\erp-api\tests\e2e\ventas-e2e.test.ts"
"tenants","filter","id","apps\erp-api\tests\e2e\ventas-e2e.test.ts"
"tenants","filter","id","apps\erp-api\tests\e2e\ventas-e2e.test.ts"
"tenants","filter","id","apps\erp-api\tests\e2e\ventas-e2e.test.ts"
"tenants","filter","id","apps\erp-api\tests\e2e\ventas-e2e.test.ts"
"tenants","select","id","apps\erp-api\tests\e2e\rrhh-e2e.test.ts"
"tenants","insert","id","apps\erp-api\tests\e2e\rrhh-e2e.test.ts"
"tenants","insert","nombre","apps\erp-api\tests\e2e\rrhh-e2e.test.ts"
"tenants","insert","ruc","apps\erp-api\tests\e2e\rrhh-e2e.test.ts"
"tenants","insert","pais","apps\erp-api\tests\e2e\rrhh-e2e.test.ts"
"tenants","insert","activo","apps\erp-api\tests\e2e\rrhh-e2e.test.ts"
"tenants","insert","tenant_id","apps\erp-api\tests\e2e\rrhh-e2e.test.ts"
"tenants","insert","nombre","apps\erp-api\tests\e2e\rrhh-e2e.test.ts"
"tenants","insert","descripcion","apps\erp-api\tests\e2e\rrhh-e2e.test.ts"
"tenants","insert","activo","apps\erp-api\tests\e2e\rrhh-e2e.test.ts"
"tenants","filter","id","apps\erp-api\tests\e2e\rrhh-e2e.test.ts"
"tenants","insert","id","apps\erp-api\tests\e2e\rrhh-e2e.test.ts"
"tenants","insert","nombre","apps\erp-api\tests\e2e\rrhh-e2e.test.ts"
"tenants","insert","ruc","apps\erp-api\tests\e2e\rrhh-e2e.test.ts"
"tenants","insert","pais","apps\erp-api\tests\e2e\rrhh-e2e.test.ts"
"tenants","insert","activo","apps\erp-api\tests\e2e\rrhh-e2e.test.ts"
"tenants","filter","id","apps\erp-api\tests\e2e\rrhh-e2e.test.ts"
"tenants","select","id","apps\erp-api\tests\e2e\rrhh-e2e.test.ts"
"tenants","insert","id","apps\erp-api\tests\e2e\rrhh-e2e.test.ts"
"tenants","insert","nombre","apps\erp-api\tests\e2e\rrhh-e2e.test.ts"
"tenants","insert","ruc","apps\erp-api\tests\e2e\rrhh-e2e.test.ts"
"tenants","insert","pais","apps\erp-api\tests\e2e\rrhh-e2e.test.ts"
"tenants","insert","activo","apps\erp-api\tests\e2e\rrhh-e2e.test.ts"
"tenants","insert","tenant_id","apps\erp-api\tests\e2e\rrhh-e2e.test.ts"
"tenants","insert","nombre","apps\erp-api\tests\e2e\rrhh-e2e.test.ts"
"tenants","insert","activo","apps\erp-api\tests\e2e\rrhh-e2e.test.ts"
"tenants","filter","id","apps\erp-api\tests\e2e\rrhh-e2e.test.ts"
"tenants","filter","id","apps\erp-api\tests\e2e\rrhh-e2e.test.ts"
"tenants","select","id","apps\erp-api\tests\e2e\rrhh-e2e.test.ts"
"tenants","filter","id","apps\erp-api\tests\e2e\rrhh-e2e.test.ts"
"tenants","filter","id","apps\erp-api\tests\e2e\rrhh-e2e.test.ts"
"tenants","insert","tenant_id","apps\erp-api\tests\e2e\rrhh-e2e.test.ts"
"tenants","insert","nombres","apps\erp-api\tests\e2e\rrhh-e2e.test.ts"
"tenants","insert","apellidos","apps\erp-api\tests\e2e\rrhh-e2e.test.ts"
"tenants","insert","tipo_documento","apps\erp-api\tests\e2e\rrhh-e2e.test.ts"
"tenants","insert","numero_documento","apps\erp-api\tests\e2e\rrhh-e2e.test.ts"
"tenants","insert","fecha_ingreso","apps\erp-api\tests\e2e\rrhh-e2e.test.ts"
"tenants","insert","estado","apps\erp-api\tests\e2e\rrhh-e2e.test.ts"
"tenants","filter","id","apps\erp-api\tests\e2e\rrhh-e2e.test.ts"
"tenants","filter","id","apps\erp-api\tests\e2e\rrhh-e2e.test.ts"
"tenants","filter","id","apps\erp-api\tests\e2e\rrhh-e2e.test.ts"
"tenants","insert","id","apps\erp-api\tests\e2e\rrhh-e2e.test.ts"
"tenants","insert","nombre","apps\erp-api\tests\e2e\rrhh-e2e.test.ts"
"tenants","insert","ruc","apps\erp-api\tests\e2e\rrhh-e2e.test.ts"
"tenants","insert","pais","apps\erp-api\tests\e2e\rrhh-e2e.test.ts"
"tenants","insert","activo","apps\erp-api\tests\e2e\rrhh-e2e.test.ts"
"tenants","filter","id","apps\erp-api\tests\e2e\rrhh-e2e.test.ts"
"tenants","select","id","apps\erp-api\tests\e2e\rrhh-e2e.test.ts"
"tenants","insert","id","apps\erp-api\tests\e2e\rrhh-e2e.test.ts"
"tenants","insert","nombre","apps\erp-api\tests\e2e\rrhh-e2e.test.ts"
"tenants","insert","ruc","apps\erp-api\tests\e2e\rrhh-e2e.test.ts"
"tenants","insert","pais","apps\erp-api\tests\e2e\rrhh-e2e.test.ts"
"tenants","insert","activo","apps\erp-api\tests\e2e\rrhh-e2e.test.ts"
"tenants","insert","tenant_id","apps\erp-api\tests\e2e\rrhh-e2e.test.ts"
"tenants","insert","nombres","apps\erp-api\tests\e2e\rrhh-e2e.test.ts"
"tenants","insert","apellidos","apps\erp-api\tests\e2e\rrhh-e2e.test.ts"
"tenants","insert","tipo_documento","apps\erp-api\tests\e2e\rrhh-e2e.test.ts"
"tenants","insert","numero_documento","apps\erp-api\tests\e2e\rrhh-e2e.test.ts"
"tenants","insert","fecha_ingreso","apps\erp-api\tests\e2e\rrhh-e2e.test.ts"
"tenants","insert","estado","apps\erp-api\tests\e2e\rrhh-e2e.test.ts"
"tenants","filter","id","apps\erp-api\tests\e2e\rrhh-e2e.test.ts"
"tenants","insert","id","apps\erp-api\tests\e2e\rrhh-e2e.test.ts"
"tenants","insert","nombre","apps\erp-api\tests\e2e\rrhh-e2e.test.ts"
"tenants","insert","ruc","apps\erp-api\tests\e2e\rrhh-e2e.test.ts"
"tenants","insert","pais","apps\erp-api\tests\e2e\rrhh-e2e.test.ts"
"tenants","insert","activo","apps\erp-api\tests\e2e\rrhh-e2e.test.ts"
"tenants","filter","id","apps\erp-api\tests\e2e\rrhh-e2e.test.ts"
"tenants","select","id","apps\erp-api\tests\e2e\rrhh-e2e.test.ts"
"tenants","insert","id","apps\erp-api\tests\e2e\rrhh-e2e.test.ts"
"tenants","insert","nombre","apps\erp-api\tests\e2e\rrhh-e2e.test.ts"
"tenants","insert","ruc","apps\erp-api\tests\e2e\rrhh-e2e.test.ts"
"tenants","insert","pais","apps\erp-api\tests\e2e\rrhh-e2e.test.ts"
"tenants","insert","activo","apps\erp-api\tests\e2e\rrhh-e2e.test.ts"
"tenants","insert","tenant_id","apps\erp-api\tests\e2e\rrhh-e2e.test.ts"
"tenants","insert","nombres","apps\erp-api\tests\e2e\rrhh-e2e.test.ts"
"tenants","insert","apellidos","apps\erp-api\tests\e2e\rrhh-e2e.test.ts"
"tenants","insert","tipo_documento","apps\erp-api\tests\e2e\rrhh-e2e.test.ts"
"tenants","insert","numero_documento","apps\erp-api\tests\e2e\rrhh-e2e.test.ts"
"tenants","insert","fecha_ingreso","apps\erp-api\tests\e2e\rrhh-e2e.test.ts"
"tenants","insert","estado","apps\erp-api\tests\e2e\rrhh-e2e.test.ts"
"tenants","filter","id","apps\erp-api\tests\e2e\rrhh-e2e.test.ts"
"tenants","insert","id","apps\erp-api\tests\e2e\rrhh-e2e.test.ts"
"tenants","insert","nombre","apps\erp-api\tests\e2e\rrhh-e2e.test.ts"
"tenants","insert","ruc","apps\erp-api\tests\e2e\rrhh-e2e.test.ts"
"tenants","insert","pais","apps\erp-api\tests\e2e\rrhh-e2e.test.ts"
"tenants","insert","activo","apps\erp-api\tests\e2e\rrhh-e2e.test.ts"
"tenants","filter","id","apps\erp-api\tests\e2e\rrhh-e2e.test.ts"
"tenants","select","id","apps\erp-api\tests\e2e\rrhh-e2e.test.ts"
"tenants","insert","id","apps\erp-api\tests\e2e\rrhh-e2e.test.ts"
"tenants","insert","nombre","apps\erp-api\tests\e2e\rrhh-e2e.test.ts"
"tenants","insert","ruc","apps\erp-api\tests\e2e\rrhh-e2e.test.ts"
"tenants","insert","pais","apps\erp-api\tests\e2e\rrhh-e2e.test.ts"
"tenants","insert","activo","apps\erp-api\tests\e2e\rrhh-e2e.test.ts"
"tenants","insert","tenant_id","apps\erp-api\tests\e2e\rrhh-e2e.test.ts"
"tenants","insert","nombres","apps\erp-api\tests\e2e\rrhh-e2e.test.ts"
"tenants","insert","apellidos","apps\erp-api\tests\e2e\rrhh-e2e.test.ts"
"tenants","insert","tipo_documento","apps\erp-api\tests\e2e\rrhh-e2e.test.ts"
"tenants","insert","numero_documento","apps\erp-api\tests\e2e\rrhh-e2e.test.ts"
"tenants","insert","fecha_ingreso","apps\erp-api\tests\e2e\rrhh-e2e.test.ts"
"tenants","insert","estado","apps\erp-api\tests\e2e\rrhh-e2e.test.ts"
"tenants","filter","id","apps\erp-api\tests\e2e\rrhh-e2e.test.ts"
"tenants","insert","id","apps\erp-api\tests\e2e\rrhh-e2e.test.ts"
"tenants","insert","nombre","apps\erp-api\tests\e2e\rrhh-e2e.test.ts"
"tenants","insert","ruc","apps\erp-api\tests\e2e\rrhh-e2e.test.ts"
"tenants","insert","pais","apps\erp-api\tests\e2e\rrhh-e2e.test.ts"
"tenants","insert","activo","apps\erp-api\tests\e2e\rrhh-e2e.test.ts"
"tenants","filter","id","apps\erp-api\tests\e2e\rrhh-e2e.test.ts"
"tenants","select","id","apps\erp-api\tests\e2e\rrhh-e2e.test.ts"
"tenants","insert","id","apps\erp-api\tests\e2e\rrhh-e2e.test.ts"
"tenants","insert","nombre","apps\erp-api\tests\e2e\rrhh-e2e.test.ts"
"tenants","insert","ruc","apps\erp-api\tests\e2e\rrhh-e2e.test.ts"
"tenants","insert","pais","apps\erp-api\tests\e2e\rrhh-e2e.test.ts"
"tenants","insert","activo","apps\erp-api\tests\e2e\rrhh-e2e.test.ts"
"tenants","insert","tenant_id","apps\erp-api\tests\e2e\rrhh-e2e.test.ts"
"tenants","insert","nombres","apps\erp-api\tests\e2e\rrhh-e2e.test.ts"
"tenants","insert","apellidos","apps\erp-api\tests\e2e\rrhh-e2e.test.ts"
"tenants","insert","tipo_documento","apps\erp-api\tests\e2e\rrhh-e2e.test.ts"
"tenants","insert","numero_documento","apps\erp-api\tests\e2e\rrhh-e2e.test.ts"
"tenants","insert","fecha_ingreso","apps\erp-api\tests\e2e\rrhh-e2e.test.ts"
"tenants","insert","estado","apps\erp-api\tests\e2e\rrhh-e2e.test.ts"
"tenants","filter","id","apps\erp-api\tests\e2e\rrhh-e2e.test.ts"
"tenants","filter","id","apps\erp-api\tests\e2e\rrhh-e2e.test.ts"
"tenants","insert","id","apps\erp-api\tests\e2e\rls-anon-e2e.test.ts"
"tenants","insert","nombre","apps\erp-api\tests\e2e\rls-anon-e2e.test.ts"
"tenants","insert","ruc","apps\erp-api\tests\e2e\rls-anon-e2e.test.ts"
"tenants","insert","pais","apps\erp-api\tests\e2e\rls-anon-e2e.test.ts"
"tenants","insert","activo","apps\erp-api\tests\e2e\rls-anon-e2e.test.ts"
"tenants","filter","id","apps\erp-api\tests\e2e\rls-anon-e2e.test.ts"
"usuarios_sistema","insert","id","apps\erp-api\tests\e2e\rls-anon-e2e.test.ts"
"usuarios_sistema","insert","tenant_id","apps\erp-api\tests\e2e\rls-anon-e2e.test.ts"
"usuarios_sistema","insert","nombre","apps\erp-api\tests\e2e\rls-anon-e2e.test.ts"
"usuarios_sistema","insert","email","apps\erp-api\tests\e2e\rls-anon-e2e.test.ts"
"usuarios_sistema","insert","telefono","apps\erp-api\tests\e2e\rls-anon-e2e.test.ts"
"usuarios_sistema","insert","estado","apps\erp-api\tests\e2e\rls-anon-e2e.test.ts"
"usuarios_sistema","insert","activo","apps\erp-api\tests\e2e\rls-anon-e2e.test.ts"
"usuarios_sistema","insert","fecha_ultimo_acceso","apps\erp-api\tests\e2e\rls-anon-e2e.test.ts"
"usuarios_sistema","insert","created_at","apps\erp-api\tests\e2e\rls-anon-e2e.test.ts"
"usuarios_sistema","insert","updated_at","apps\erp-api\tests\e2e\rls-anon-e2e.test.ts"
"usuarios_sistema","filter","id","apps\erp-api\tests\e2e\rls-anon-e2e.test.ts"
"usuarios_sistema","filter","id","apps\erp-api\tests\e2e\rls-anon-e2e.test.ts"
"usuarios_sistema","filter","id","apps\erp-api\tests\e2e\rls-anon-e2e.test.ts"
"roles","insert","id","apps\erp-api\tests\e2e\rls-anon-e2e.test.ts"
"roles","insert","tenant_id","apps\erp-api\tests\e2e\rls-anon-e2e.test.ts"
"roles","insert","nombre","apps\erp-api\tests\e2e\rls-anon-e2e.test.ts"
"roles","insert","descripcion","apps\erp-api\tests\e2e\rls-anon-e2e.test.ts"
"roles","insert","is_system_role","apps\erp-api\tests\e2e\rls-anon-e2e.test.ts"
"roles","insert","created_at","apps\erp-api\tests\e2e\rls-anon-e2e.test.ts"
"roles","insert","updated_at","apps\erp-api\tests\e2e\rls-anon-e2e.test.ts"
"roles","filter","id","apps\erp-api\tests\e2e\rls-anon-e2e.test.ts"
"roles","filter","id","apps\erp-api\tests\e2e\rls-anon-e2e.test.ts"
"user_roles","insert","usuario_sistema_id","apps\erp-api\tests\e2e\rls-anon-e2e.test.ts"
"user_roles","insert","role_id","apps\erp-api\tests\e2e\rls-anon-e2e.test.ts"
"user_roles","insert","created_at","apps\erp-api\tests\e2e\rls-anon-e2e.test.ts"
"user_roles","filter","usuario_sistema_id","apps\erp-api\tests\e2e\rls-anon-e2e.test.ts"
"user_roles","filter","id","apps\erp-api\tests\e2e\rls-anon-e2e.test.ts"
"user_roles","filter","id","apps\erp-api\tests\e2e\rls-anon-e2e.test.ts"
"user_roles","filter","id","apps\erp-api\tests\e2e\rls-anon-e2e.test.ts"
"tenants","select","id","apps\erp-api\tests\e2e\pos-e2e.test.ts"
"tenants","insert","id","apps\erp-api\tests\e2e\pos-e2e.test.ts"
"tenants","insert","nombre","apps\erp-api\tests\e2e\pos-e2e.test.ts"
"tenants","insert","ruc","apps\erp-api\tests\e2e\pos-e2e.test.ts"
"tenants","insert","pais","apps\erp-api\tests\e2e\pos-e2e.test.ts"
"tenants","insert","activo","apps\erp-api\tests\e2e\pos-e2e.test.ts"
"tenants","insert","tenant_id","apps\erp-api\tests\e2e\pos-e2e.test.ts"
"tenants","insert","usuario_id","apps\erp-api\tests\e2e\pos-e2e.test.ts"
"tenants","insert","monto_inicial","apps\erp-api\tests\e2e\pos-e2e.test.ts"
"tenants","insert","total_efectivo","apps\erp-api\tests\e2e\pos-e2e.test.ts"
"tenants","insert","total_tarjeta","apps\erp-api\tests\e2e\pos-e2e.test.ts"
"tenants","insert","fecha_apertura","apps\erp-api\tests\e2e\pos-e2e.test.ts"
"tenants","filter","id","apps\erp-api\tests\e2e\pos-e2e.test.ts"
"tenants","insert","id","apps\erp-api\tests\e2e\pos-e2e.test.ts"
"tenants","insert","nombre","apps\erp-api\tests\e2e\pos-e2e.test.ts"
"tenants","insert","ruc","apps\erp-api\tests\e2e\pos-e2e.test.ts"
"tenants","insert","pais","apps\erp-api\tests\e2e\pos-e2e.test.ts"
"tenants","insert","activo","apps\erp-api\tests\e2e\pos-e2e.test.ts"
"tenants","filter","id","apps\erp-api\tests\e2e\pos-e2e.test.ts"
"tenants","select","id","apps\erp-api\tests\e2e\pos-e2e.test.ts"
"tenants","insert","id","apps\erp-api\tests\e2e\pos-e2e.test.ts"
"tenants","insert","nombre","apps\erp-api\tests\e2e\pos-e2e.test.ts"
"tenants","insert","ruc","apps\erp-api\tests\e2e\pos-e2e.test.ts"
"tenants","insert","pais","apps\erp-api\tests\e2e\pos-e2e.test.ts"
"tenants","insert","activo","apps\erp-api\tests\e2e\pos-e2e.test.ts"
"tenants","filter","id","apps\erp-api\tests\e2e\pos-e2e.test.ts"
"tenants","filter","id","apps\erp-api\tests\e2e\pos-e2e.test.ts"
"tenants","select","id","apps\erp-api\tests\e2e\pos-e2e.test.ts"
"tenants","filter","id","apps\erp-api\tests\e2e\pos-e2e.test.ts"
"tenants","filter","id","apps\erp-api\tests\e2e\pos-e2e.test.ts"
"tenants","filter","id","apps\erp-api\tests\e2e\pos-e2e.test.ts"
"tenants","filter","id","apps\erp-api\tests\e2e\pos-e2e.test.ts"
"tenants","filter","id","apps\erp-api\tests\e2e\pos-e2e.test.ts"
"tenants","insert","id","apps\erp-api\tests\e2e\pos-e2e.test.ts"
"tenants","insert","nombre","apps\erp-api\tests\e2e\pos-e2e.test.ts"
"tenants","insert","ruc","apps\erp-api\tests\e2e\pos-e2e.test.ts"
"tenants","insert","pais","apps\erp-api\tests\e2e\pos-e2e.test.ts"
"tenants","insert","activo","apps\erp-api\tests\e2e\pos-e2e.test.ts"
"tenants","filter","id","apps\erp-api\tests\e2e\pos-e2e.test.ts"
"tenants","select","id","apps\erp-api\tests\e2e\pos-e2e.test.ts"
"tenants","insert","id","apps\erp-api\tests\e2e\pos-e2e.test.ts"
"tenants","insert","nombre","apps\erp-api\tests\e2e\pos-e2e.test.ts"
"tenants","insert","ruc","apps\erp-api\tests\e2e\pos-e2e.test.ts"
"tenants","insert","pais","apps\erp-api\tests\e2e\pos-e2e.test.ts"
"tenants","insert","activo","apps\erp-api\tests\e2e\pos-e2e.test.ts"
"tenants","insert","tenant_id","apps\erp-api\tests\e2e\pos-e2e.test.ts"
"tenants","insert","codigo","apps\erp-api\tests\e2e\pos-e2e.test.ts"
"tenants","insert","nombre","apps\erp-api\tests\e2e\pos-e2e.test.ts"
"tenants","insert","tipo","apps\erp-api\tests\e2e\pos-e2e.test.ts"
"tenants","insert","activo","apps\erp-api\tests\e2e\pos-e2e.test.ts"
"tenants","filter","id","apps\erp-api\tests\e2e\pos-e2e.test.ts"
"tenants","filter","id","apps\erp-api\tests\e2e\pos-e2e.test.ts"
"tenants","select","id","apps\erp-api\tests\e2e\pos-e2e.test.ts"
"tenants","insert","id","apps\erp-api\tests\e2e\pos-e2e.test.ts"
"tenants","insert","nombre","apps\erp-api\tests\e2e\pos-e2e.test.ts"
"tenants","insert","ruc","apps\erp-api\tests\e2e\pos-e2e.test.ts"
"tenants","insert","pais","apps\erp-api\tests\e2e\pos-e2e.test.ts"
"tenants","insert","activo","apps\erp-api\tests\e2e\pos-e2e.test.ts"
"tenants","insert","tenant_id","apps\erp-api\tests\e2e\pos-e2e.test.ts"
"tenants","insert","usuario_id","apps\erp-api\tests\e2e\pos-e2e.test.ts"
"tenants","insert","monto_inicial","apps\erp-api\tests\e2e\pos-e2e.test.ts"
"tenants","insert","total_efectivo","apps\erp-api\tests\e2e\pos-e2e.test.ts"
"tenants","insert","total_tarjeta","apps\erp-api\tests\e2e\pos-e2e.test.ts"
"tenants","insert","fecha_apertura","apps\erp-api\tests\e2e\pos-e2e.test.ts"
"tenants","filter","id","apps\erp-api\tests\e2e\pos-e2e.test.ts"
"tenants","filter","id","apps\erp-api\tests\e2e\pos-e2e.test.ts"
"tenants","select","id","apps\erp-api\tests\e2e\pos-e2e.test.ts"
"tenants","insert","id","apps\erp-api\tests\e2e\pos-e2e.test.ts"
"tenants","insert","nombre","apps\erp-api\tests\e2e\pos-e2e.test.ts"
"tenants","insert","ruc","apps\erp-api\tests\e2e\pos-e2e.test.ts"
"tenants","insert","pais","apps\erp-api\tests\e2e\pos-e2e.test.ts"
"tenants","insert","activo","apps\erp-api\tests\e2e\pos-e2e.test.ts"
"tenants","filter","id","apps\erp-api\tests\e2e\pos-e2e.test.ts"
"tenants","filter","id","apps\erp-api\tests\e2e\pos-e2e.test.ts"
"tenants","select","id","apps\erp-api\tests\e2e\pos-e2e.test.ts"
"tenants","select","cpe_pendiente","apps\erp-api\tests\e2e\pos-e2e.test.ts"
"tenants","insert","id","apps\erp-api\tests\e2e\pos-e2e.test.ts"
"tenants","insert","nombre","apps\erp-api\tests\e2e\pos-e2e.test.ts"
"tenants","insert","ruc","apps\erp-api\tests\e2e\pos-e2e.test.ts"
"tenants","insert","pais","apps\erp-api\tests\e2e\pos-e2e.test.ts"
"tenants","insert","activo","apps\erp-api\tests\e2e\pos-e2e.test.ts"
"tenants","filter","id","apps\erp-api\tests\e2e\pos-e2e.test.ts"
"tenants","filter","id","apps\erp-api\tests\e2e\pos-e2e.test.ts"
"tenants","insert","id","apps\erp-api\tests\e2e\outbox-e2e.test.ts"
"tenants","insert","nombre","apps\erp-api\tests\e2e\outbox-e2e.test.ts"
"tenants","insert","ruc","apps\erp-api\tests\e2e\outbox-e2e.test.ts"
"tenants","insert","pais","apps\erp-api\tests\e2e\outbox-e2e.test.ts"
"tenants","insert","activo","apps\erp-api\tests\e2e\outbox-e2e.test.ts"
"tenants","insert","id","apps\erp-api\tests\e2e\outbox-e2e.test.ts"
"tenants","insert","nombre","apps\erp-api\tests\e2e\outbox-e2e.test.ts"
"tenants","insert","ruc","apps\erp-api\tests\e2e\outbox-e2e.test.ts"
"tenants","insert","pais","apps\erp-api\tests\e2e\outbox-e2e.test.ts"
"tenants","insert","activo","apps\erp-api\tests\e2e\outbox-e2e.test.ts"
"outbox_events","select","id","apps\erp-api\tests\e2e\outbox-e2e.test.ts"
"outbox_events","select","event_id","apps\erp-api\tests\e2e\outbox-e2e.test.ts"
"outbox_events","select","status","apps\erp-api\tests\e2e\outbox-e2e.test.ts"
"outbox_events","select","processed_at","apps\erp-api\tests\e2e\outbox-e2e.test.ts"
"outbox_events","select","retry_count","apps\erp-api\tests\e2e\outbox-e2e.test.ts"
"outbox_events","select","next_retry_at","apps\erp-api\tests\e2e\outbox-e2e.test.ts"
"outbox_events","select","error_message","apps\erp-api\tests\e2e\outbox-e2e.test.ts"
"outbox_events","filter","event_id","apps\erp-api\tests\e2e\outbox-e2e.test.ts"
"outbox_events","select","id","apps\erp-api\tests\e2e\outbox-e2e.test.ts"
"outbox_events","select","event_id","apps\erp-api\tests\e2e\outbox-e2e.test.ts"
"outbox_events","select","status","apps\erp-api\tests\e2e\outbox-e2e.test.ts"
"outbox_events","select","processed_at","apps\erp-api\tests\e2e\outbox-e2e.test.ts"
"outbox_events","select","retry_count","apps\erp-api\tests\e2e\outbox-e2e.test.ts"
"outbox_events","select","next_retry_at","apps\erp-api\tests\e2e\outbox-e2e.test.ts"
"outbox_events","select","error_message","apps\erp-api\tests\e2e\outbox-e2e.test.ts"
"outbox_events","filter","event_id","apps\erp-api\tests\e2e\outbox-e2e.test.ts"
"tenants","insert","id","apps\erp-api\tests\e2e\inventario-e2e.test.ts"
"tenants","insert","nombre","apps\erp-api\tests\e2e\inventario-e2e.test.ts"
"tenants","insert","ruc","apps\erp-api\tests\e2e\inventario-e2e.test.ts"
"tenants","insert","pais","apps\erp-api\tests\e2e\inventario-e2e.test.ts"
"tenants","insert","activo","apps\erp-api\tests\e2e\inventario-e2e.test.ts"
"tenants","filter","id","apps\erp-api\tests\e2e\inventario-e2e.test.ts"
"tenants","filter","id","apps\erp-api\tests\e2e\inventario-e2e.test.ts"
"tenants","filter","id","apps\erp-api\tests\e2e\inventario-e2e.test.ts"
"tenants","filter","id","apps\erp-api\tests\e2e\inventario-e2e.test.ts"
"tenants","insert","id","apps\erp-api\tests\e2e\inventario-e2e.test.ts"
"tenants","insert","nombre","apps\erp-api\tests\e2e\inventario-e2e.test.ts"
"tenants","insert","ruc","apps\erp-api\tests\e2e\inventario-e2e.test.ts"
"tenants","insert","pais","apps\erp-api\tests\e2e\inventario-e2e.test.ts"
"tenants","insert","activo","apps\erp-api\tests\e2e\inventario-e2e.test.ts"
"tenants","filter","id","apps\erp-api\tests\e2e\inventario-e2e.test.ts"
"tenants","insert","id","apps\erp-api\tests\e2e\inventario-e2e.test.ts"
"tenants","insert","nombre","apps\erp-api\tests\e2e\inventario-e2e.test.ts"
"tenants","insert","ruc","apps\erp-api\tests\e2e\inventario-e2e.test.ts"
"tenants","insert","pais","apps\erp-api\tests\e2e\inventario-e2e.test.ts"
"tenants","insert","activo","apps\erp-api\tests\e2e\inventario-e2e.test.ts"
"tenants","filter","id","apps\erp-api\tests\e2e\inventario-e2e.test.ts"
"tenants","filter","id","apps\erp-api\tests\e2e\inventario-e2e.test.ts"
"tenants","insert","id","apps\erp-api\tests\e2e\inventario-e2e.test.ts"
"tenants","insert","nombre","apps\erp-api\tests\e2e\inventario-e2e.test.ts"
"tenants","insert","ruc","apps\erp-api\tests\e2e\inventario-e2e.test.ts"
"tenants","insert","pais","apps\erp-api\tests\e2e\inventario-e2e.test.ts"
"tenants","insert","activo","apps\erp-api\tests\e2e\inventario-e2e.test.ts"
"tenants","filter","id","apps\erp-api\tests\e2e\inventario-e2e.test.ts"
"tenants","insert","id","apps\erp-api\tests\e2e\inventario-e2e.test.ts"
"tenants","insert","nombre","apps\erp-api\tests\e2e\inventario-e2e.test.ts"
"tenants","insert","ruc","apps\erp-api\tests\e2e\inventario-e2e.test.ts"
"tenants","insert","pais","apps\erp-api\tests\e2e\inventario-e2e.test.ts"
"tenants","insert","activo","apps\erp-api\tests\e2e\inventario-e2e.test.ts"
"tenants","filter","id","apps\erp-api\tests\e2e\inventario-e2e.test.ts"
"tenants","insert","id","apps\erp-api\tests\e2e\inventario-e2e.test.ts"
"tenants","insert","nombre","apps\erp-api\tests\e2e\inventario-e2e.test.ts"
"tenants","insert","ruc","apps\erp-api\tests\e2e\inventario-e2e.test.ts"
"tenants","insert","pais","apps\erp-api\tests\e2e\inventario-e2e.test.ts"
"tenants","insert","activo","apps\erp-api\tests\e2e\inventario-e2e.test.ts"
"tenants","filter","id","apps\erp-api\tests\e2e\inventario-e2e.test.ts"
"tenants","insert","id","apps\erp-api\tests\e2e\cpe-e2e.test.ts"
"tenants","insert","nombre","apps\erp-api\tests\e2e\cpe-e2e.test.ts"
"tenants","insert","ruc","apps\erp-api\tests\e2e\cpe-e2e.test.ts"
"tenants","insert","pais","apps\erp-api\tests\e2e\cpe-e2e.test.ts"
"tenants","insert","activo","apps\erp-api\tests\e2e\cpe-e2e.test.ts"
"tenants","filter","id","apps\erp-api\tests\e2e\cpe-e2e.test.ts"
"tenants","filter","id","apps\erp-api\tests\e2e\cpe-e2e.test.ts"
"tenants","filter","id","apps\erp-api\tests\e2e\cpe-e2e.test.ts"
"tenants","insert","id","apps\erp-api\tests\e2e\cpe-e2e.test.ts"
"tenants","insert","nombre","apps\erp-api\tests\e2e\cpe-e2e.test.ts"
"tenants","insert","ruc","apps\erp-api\tests\e2e\cpe-e2e.test.ts"
"tenants","insert","pais","apps\erp-api\tests\e2e\cpe-e2e.test.ts"
"tenants","insert","activo","apps\erp-api\tests\e2e\cpe-e2e.test.ts"
"tenants","filter","id","apps\erp-api\tests\e2e\cpe-e2e.test.ts"
"tenants","insert","id","apps\erp-api\tests\e2e\cpe-e2e.test.ts"
"tenants","insert","nombre","apps\erp-api\tests\e2e\cpe-e2e.test.ts"
"tenants","insert","ruc","apps\erp-api\tests\e2e\cpe-e2e.test.ts"
"tenants","insert","pais","apps\erp-api\tests\e2e\cpe-e2e.test.ts"
"tenants","insert","activo","apps\erp-api\tests\e2e\cpe-e2e.test.ts"
"tenants","insert","id","apps\erp-api\tests\e2e\cpe-e2e.test.ts"
"tenants","insert","nombre","apps\erp-api\tests\e2e\cpe-e2e.test.ts"
"tenants","insert","ruc","apps\erp-api\tests\e2e\cpe-e2e.test.ts"
"tenants","insert","pais","apps\erp-api\tests\e2e\cpe-e2e.test.ts"
"tenants","insert","activo","apps\erp-api\tests\e2e\cpe-e2e.test.ts"
"tenants","filter","id","apps\erp-api\tests\e2e\cpe-e2e.test.ts"
"tenants","insert","id","apps\erp-api\tests\e2e\cpe-e2e.test.ts"
"tenants","insert","nombre","apps\erp-api\tests\e2e\cpe-e2e.test.ts"
"tenants","insert","ruc","apps\erp-api\tests\e2e\cpe-e2e.test.ts"
"tenants","insert","pais","apps\erp-api\tests\e2e\cpe-e2e.test.ts"
"tenants","insert","activo","apps\erp-api\tests\e2e\cpe-e2e.test.ts"
"tenants","select","cpe_id","apps\erp-api\tests\e2e\cpe-e2e.test.ts"
"tenants","select","tenant_id","apps\erp-api\tests\e2e\cpe-e2e.test.ts"
"tenants","select","tipo_documento","apps\erp-api\tests\e2e\cpe-e2e.test.ts"
"tenants","select","estado_integridad","apps\erp-api\tests\e2e\cpe-e2e.test.ts"
"tenants","filter","id","apps\erp-api\tests\e2e\cpe-e2e.test.ts"
"tenants","insert","id","apps\erp-api\tests\e2e\compras-e2e.test.ts"
"tenants","insert","nombre","apps\erp-api\tests\e2e\compras-e2e.test.ts"
"tenants","insert","ruc","apps\erp-api\tests\e2e\compras-e2e.test.ts"
"tenants","insert","pais","apps\erp-api\tests\e2e\compras-e2e.test.ts"
"tenants","insert","activo","apps\erp-api\tests\e2e\compras-e2e.test.ts"
"tenants","filter","id","apps\erp-api\tests\e2e\compras-e2e.test.ts"
"tenants","filter","id","apps\erp-api\tests\e2e\compras-e2e.test.ts"
"tenants","filter","id","apps\erp-api\tests\e2e\compras-e2e.test.ts"
"tenants","filter","id","apps\erp-api\tests\e2e\compras-e2e.test.ts"
"tenants","insert","id","apps\erp-api\tests\e2e\compras-e2e.test.ts"
"tenants","insert","nombre","apps\erp-api\tests\e2e\compras-e2e.test.ts"
"tenants","insert","ruc","apps\erp-api\tests\e2e\compras-e2e.test.ts"
"tenants","insert","pais","apps\erp-api\tests\e2e\compras-e2e.test.ts"
"tenants","insert","activo","apps\erp-api\tests\e2e\compras-e2e.test.ts"
"tenants","filter","id","apps\erp-api\tests\e2e\compras-e2e.test.ts"
"tenants","insert","id","apps\erp-api\tests\e2e\compras-e2e.test.ts"
"tenants","insert","nombre","apps\erp-api\tests\e2e\compras-e2e.test.ts"
"tenants","insert","ruc","apps\erp-api\tests\e2e\compras-e2e.test.ts"
"tenants","insert","pais","apps\erp-api\tests\e2e\compras-e2e.test.ts"
"tenants","insert","activo","apps\erp-api\tests\e2e\compras-e2e.test.ts"
"tenants","insert","id","apps\erp-api\tests\e2e\compras-e2e.test.ts"
"tenants","insert","nombre","apps\erp-api\tests\e2e\compras-e2e.test.ts"
"tenants","insert","ruc","apps\erp-api\tests\e2e\compras-e2e.test.ts"
"tenants","insert","pais","apps\erp-api\tests\e2e\compras-e2e.test.ts"
"tenants","insert","activo","apps\erp-api\tests\e2e\compras-e2e.test.ts"
"tenants","filter","id","apps\erp-api\tests\e2e\compras-e2e.test.ts"
"tenants","insert","id","apps\erp-api\tests\e2e\compras-e2e.test.ts"
"tenants","insert","nombre","apps\erp-api\tests\e2e\compras-e2e.test.ts"
"tenants","insert","ruc","apps\erp-api\tests\e2e\compras-e2e.test.ts"
"tenants","insert","pais","apps\erp-api\tests\e2e\compras-e2e.test.ts"
"tenants","insert","activo","apps\erp-api\tests\e2e\compras-e2e.test.ts"
"tenants","filter","id","apps\erp-api\tests\e2e\compras-e2e.test.ts"
"tenants","select","id","apps\erp-api\tests\e2e\compras-e2e.test.ts"
"tenants","insert","id","apps\erp-api\tests\e2e\compras-e2e.test.ts"
"tenants","insert","nombre","apps\erp-api\tests\e2e\compras-e2e.test.ts"
"tenants","insert","ruc","apps\erp-api\tests\e2e\compras-e2e.test.ts"
"tenants","insert","pais","apps\erp-api\tests\e2e\compras-e2e.test.ts"
"tenants","insert","activo","apps\erp-api\tests\e2e\compras-e2e.test.ts"
"tenants","filter","tenant_id","apps\erp-api\tests\e2e\compras-e2e.test.ts"
"tenants","filter","id","apps\erp-api\tests\e2e\compras-e2e.test.ts"
"tenants","insert","id","apps\erp-api\tests\e2e\finanzas-e2e.test.ts"
"tenants","insert","nombre","apps\erp-api\tests\e2e\finanzas-e2e.test.ts"
"tenants","insert","ruc","apps\erp-api\tests\e2e\finanzas-e2e.test.ts"
"tenants","insert","pais","apps\erp-api\tests\e2e\finanzas-e2e.test.ts"
"tenants","insert","activo","apps\erp-api\tests\e2e\finanzas-e2e.test.ts"
"tenants","filter","id","apps\erp-api\tests\e2e\finanzas-e2e.test.ts"
"tenants","insert","id","apps\erp-api\tests\e2e\finanzas-e2e.test.ts"
"tenants","insert","nombre","apps\erp-api\tests\e2e\finanzas-e2e.test.ts"
"tenants","insert","ruc","apps\erp-api\tests\e2e\finanzas-e2e.test.ts"
"tenants","insert","pais","apps\erp-api\tests\e2e\finanzas-e2e.test.ts"
"tenants","insert","activo","apps\erp-api\tests\e2e\finanzas-e2e.test.ts"
"tenants","filter","id","apps\erp-api\tests\e2e\finanzas-e2e.test.ts"
"tenants","filter","id","apps\erp-api\tests\e2e\finanzas-e2e.test.ts"
"tenants","filter","id","apps\erp-api\tests\e2e\finanzas-e2e.test.ts"
"tenants","insert","id","apps\erp-api\tests\e2e\finanzas-e2e.test.ts"
"tenants","insert","nombre","apps\erp-api\tests\e2e\finanzas-e2e.test.ts"
"tenants","insert","ruc","apps\erp-api\tests\e2e\finanzas-e2e.test.ts"
"tenants","insert","pais","apps\erp-api\tests\e2e\finanzas-e2e.test.ts"
"tenants","insert","activo","apps\erp-api\tests\e2e\finanzas-e2e.test.ts"
"tenants","filter","id","apps\erp-api\tests\e2e\finanzas-e2e.test.ts"
"tenants","insert","id","apps\erp-api\tests\e2e\finanzas-e2e.test.ts"
"tenants","insert","nombre","apps\erp-api\tests\e2e\finanzas-e2e.test.ts"
"tenants","insert","ruc","apps\erp-api\tests\e2e\finanzas-e2e.test.ts"
"tenants","insert","pais","apps\erp-api\tests\e2e\finanzas-e2e.test.ts"
"tenants","insert","activo","apps\erp-api\tests\e2e\finanzas-e2e.test.ts"
"tenants","filter","id","apps\erp-api\tests\e2e\finanzas-e2e.test.ts"
"tenants","insert","id","apps\erp-api\tests\e2e\finanzas-e2e.test.ts"
"tenants","insert","nombre","apps\erp-api\tests\e2e\finanzas-e2e.test.ts"
"tenants","insert","ruc","apps\erp-api\tests\e2e\finanzas-e2e.test.ts"
"tenants","insert","pais","apps\erp-api\tests\e2e\finanzas-e2e.test.ts"
"tenants","insert","activo","apps\erp-api\tests\e2e\finanzas-e2e.test.ts"
"tenants","filter","id","apps\erp-api\tests\e2e\finanzas-e2e.test.ts"
"tenants","insert","id","apps\erp-api\tests\e2e\finanzas-e2e.test.ts"
"tenants","insert","nombre","apps\erp-api\tests\e2e\finanzas-e2e.test.ts"
"tenants","insert","ruc","apps\erp-api\tests\e2e\finanzas-e2e.test.ts"
"tenants","insert","pais","apps\erp-api\tests\e2e\finanzas-e2e.test.ts"
"tenants","insert","activo","apps\erp-api\tests\e2e\finanzas-e2e.test.ts"
"tenants","filter","id","apps\erp-api\tests\e2e\finanzas-e2e.test.ts"
"tenants","insert","id","apps\erp-api\tests\e2e\finanzas-e2e.test.ts"
"tenants","insert","nombre","apps\erp-api\tests\e2e\finanzas-e2e.test.ts"
"tenants","insert","ruc","apps\erp-api\tests\e2e\finanzas-e2e.test.ts"
"tenants","insert","pais","apps\erp-api\tests\e2e\finanzas-e2e.test.ts"
"tenants","insert","activo","apps\erp-api\tests\e2e\finanzas-e2e.test.ts"
"tenants","filter","id","apps\erp-api\tests\e2e\finanzas-e2e.test.ts"
"tenants","insert","id","apps\erp-api\tests\e2e\helpers\supabase-test-client.ts"
"tenants","insert","pais","apps\erp-api\tests\e2e\helpers\supabase-test-client.ts"
"tenants","insert","activo","apps\erp-api\tests\e2e\helpers\supabase-test-client.ts"
"tenants","select","id","apps\erp-api\tests\e2e\helpers\supabase-test-client.ts"
"tenants","filter","id","apps\erp-api\tests\e2e\helpers\supabase-test-client.ts"
"tenants","select","id","apps\erp-api\tests\e2e\helpers\supabase-test-client.ts"
"tenants","select","id","apps\worker\src\jobs\pos-facturacion-pendiente.job.ts"
"tenants","select","activo","apps\worker\src\jobs\pos-facturacion-pendiente.job.ts"
"tenants","filter","activo","apps\worker\src\jobs\pos-facturacion-pendiente.job.ts"
"tenants","select","id","apps\worker\src\jobs\pos-cpe-retry.job.ts"
"tenants","select","activo","apps\worker\src\jobs\pos-cpe-retry.job.ts"
"tenants","filter","activo","apps\worker\src\jobs\pos-cpe-retry.job.ts"
"tenants","select","id","apps\worker\src\jobs\configuration-check.job.ts"
"tenants","select","nombre","apps\worker\src\jobs\configuration-check.job.ts"
"tenants","filter","activo","apps\worker\src\jobs\configuration-check.job.ts"
"empresa_config","select","ruc","apps\worker\src\jobs\configuration-check.job.ts"
"empresa_config","select","razon_social","apps\worker\src\jobs\configuration-check.job.ts"
"empresa_config","select","direccion","apps\worker\src\jobs\configuration-check.job.ts"
"empresa_config","select","certificado_pfx","apps\worker\src\jobs\configuration-check.job.ts"
"empresa_config","select","certificado_expira_en","apps\worker\src\jobs\configuration-check.job.ts"
"empresa_config","filter","tenant_id","apps\worker\src\jobs\configuration-check.job.ts"
"empresa_config","filter","tenant_id","apps\worker\src\jobs\configuration-check.job.ts"
"tenants","select","id","apps\worker\src\jobs\certificate-validation.job.ts"
"tenants","select","nombre","apps\worker\src\jobs\certificate-validation.job.ts"
"tenants","filter","activo","apps\worker\src\jobs\certificate-validation.job.ts"
"empresa_config","select","certificado_pfx","apps\worker\src\jobs\certificate-validation.job.ts"
"empresa_config","select","certificado_password","apps\worker\src\jobs\certificate-validation.job.ts"
"empresa_config","select","certificado_expira_en","apps\worker\src\jobs\certificate-validation.job.ts"
"empresa_config","filter","tenant_id","apps\worker\src\jobs\certificate-validation.job.ts"
"empresa_config","filter","tenant_id","apps\worker\src\jobs\certificate-validation.job.ts"
"usuarios_sistema","select","id","apps\erp-api\src\shared\integration\dashboard-integration.service.ts"
"usuarios_sistema","filter","tenant_id","apps\erp-api\src\shared\integration\dashboard-integration.service.ts"
"usuarios_sistema","filter","created_at","apps\erp-api\src\shared\integration\dashboard-integration.service.ts"
"usuarios_sistema","filter","created_at","apps\erp-api\src\shared\integration\dashboard-integration.service.ts"
"empresa_config","select","pais_id","apps\erp-api\src\shared\utils\tax-calculator.ts"
"empresa_config","filter","tenant_id","apps\erp-api\src\shared\utils\tax-calculator.ts"
"empresa_config","select","moneda_defecto","apps\erp-api\src\modules\ventas\rma\rma.service.ts"
"empresa_config","filter","tenant_id","apps\erp-api\src\modules\ventas\rma\rma.service.ts"
"empresa_config","select","habilitar_rma","apps\erp-api\src\modules\ventas\rma\rma.service.ts"
"empresa_config","select","dias_maximos_rma","apps\erp-api\src\modules\ventas\rma\rma.service.ts"
"empresa_config","select","rma_requiere_control_calidad","apps\erp-api\src\modules\ventas\rma\rma.service.ts"
"empresa_config","select","habilitar_multialmacen","apps\erp-api\src\modules\ventas\rma\rma.service.ts"
"empresa_config","filter","tenant_id","apps\erp-api\src\modules\ventas\rma\rma.service.ts"
"empresa_config","filter","tenant_id","apps\erp-api\src\modules\ventas\reportes\reportes.service.ts"
"empresa_config","filter","tenant_id","apps\erp-api\src\modules\ventas\pedidos\pedidos.service.ts"
"empresa_config","filter","tenant_id","apps\erp-api\src\modules\ventas\pedidos\pedidos.service.ts"
"empresa_config","select","pais_id","apps\erp-api\src\modules\ventas\pedidos\pedidos.service.ts"
"empresa_config","select","ruc","apps\erp-api\src\modules\ventas\pedidos\pedidos.service.ts"
"empresa_config","select","razon_social","apps\erp-api\src\modules\ventas\pedidos\pedidos.service.ts"
"empresa_config","select","direccion_fiscal","apps\erp-api\src\modules\ventas\pedidos\pedidos.service.ts"
"empresa_config","select","dias_vencimiento_factura","apps\erp-api\src\modules\ventas\pedidos\pedidos.service.ts"
"empresa_config","filter","tenant_id","apps\erp-api\src\modules\ventas\pedidos\pedidos.service.ts"
"usuarios_sistema","select","id","apps\erp-api\src\modules\ventas\pedidos\pedidos.service.ts"
"usuarios_sistema","select","nombres","apps\erp-api\src\modules\ventas\pedidos\pedidos.service.ts"
"usuarios_sistema","select","apellidos","apps\erp-api\src\modules\ventas\pedidos\pedidos.service.ts"
"usuarios_sistema","select","email","apps\erp-api\src\modules\ventas\pedidos\pedidos.service.ts"
"empresa_config","select","gre_obligatorio","apps\erp-api\src\modules\ventas\pedidos\gre-integration.service.ts"
"empresa_config","select","gre_automatico_habilitado","apps\erp-api\src\modules\ventas\pedidos\gre-integration.service.ts"
"empresa_config","select","umbral_gre_automatico","apps\erp-api\src\modules\ventas\pedidos\gre-integration.service.ts"
"empresa_config","filter","tenant_id","apps\erp-api\src\modules\ventas\pedidos\gre-integration.service.ts"
"empresa_config","select","ruc","apps\erp-api\src\modules\ventas\pedidos\gre-integration.service.ts"
"empresa_config","select","razon_social","apps\erp-api\src\modules\ventas\pedidos\gre-integration.service.ts"
"empresa_config","select","direccion_fiscal","apps\erp-api\src\modules\ventas\pedidos\gre-integration.service.ts"
"empresa_config","select","ubigeo","apps\erp-api\src\modules\ventas\pedidos\gre-integration.service.ts"
"empresa_config","filter","tenant_id","apps\erp-api\src\modules\ventas\pedidos\gre-integration.service.ts"
"empresa_config","select","ruc","apps\erp-api\src\modules\ventas\pedidos\cpe-integration.service.ts"
"empresa_config","select","razon_social","apps\erp-api\src\modules\ventas\pedidos\cpe-integration.service.ts"
"empresa_config","select","serie_factura","apps\erp-api\src\modules\ventas\pedidos\cpe-integration.service.ts"
"empresa_config","select","ultimo_numero_factura","apps\erp-api\src\modules\ventas\pedidos\cpe-integration.service.ts"
"empresa_config","filter","tenant_id","apps\erp-api\src\modules\ventas\pedidos\cpe-integration.service.ts"
"empresa_config","select","serie_factura","apps\erp-api\src\modules\ventas\pedidos\cpe-integration.service.ts"
"empresa_config","select","ultimo_numero_factura","apps\erp-api\src\modules\ventas\pedidos\cpe-integration.service.ts"
"empresa_config","filter","tenant_id","apps\erp-api\src\modules\ventas\pedidos\cpe-integration.service.ts"
"empresa_config","update","ultimo_numero_factura","apps\erp-api\src\modules\ventas\pedidos\cpe-integration.service.ts"
"empresa_config","update","updated_at","apps\erp-api\src\modules\ventas\pedidos\cpe-integration.service.ts"
"empresa_config","filter","tenant_id","apps\erp-api\src\modules\ventas\pedidos\cpe-integration.service.ts"
"tenants","select","id","apps\erp-api\src\shared\jobs\background-jobs.service.ts"
"tenants","filter","estado","apps\erp-api\src\shared\jobs\background-jobs.service.ts"
"outbox_events","select","id","apps\erp-api\src\shared\outbox\outbox.service.ts"
"outbox_events","select","event_id","apps\erp-api\src\shared\outbox\outbox.service.ts"
"outbox_events","select","event_id","apps\erp-api\src\shared\outbox\outbox.service.ts"
"outbox_events","filter","tenant_id","apps\erp-api\src\shared\outbox\outbox.service.ts"
"outbox_events","filter","idempotency_key","apps\erp-api\src\shared\outbox\outbox.service.ts"
"outbox_events","update","status","apps\erp-api\src\shared\outbox\outbox-worker.service.ts"
"outbox_events","update","next_retry_at","apps\erp-api\src\shared\outbox\outbox-worker.service.ts"
"outbox_events","update","updated_at","apps\erp-api\src\shared\outbox\outbox-worker.service.ts"
"outbox_events","filter","status","apps\erp-api\src\shared\outbox\outbox-worker.service.ts"
"outbox_events","filter","updated_at","apps\erp-api\src\shared\outbox\outbox-worker.service.ts"
"empresa_config","select","certificado_pfx","apps\erp-api\src\modules\validations\validation.service.ts"
"empresa_config","select","certificado_password","apps\erp-api\src\modules\validations\validation.service.ts"
"empresa_config","select","certificado_expira_en","apps\erp-api\src\modules\validations\validation.service.ts"
"empresa_config","filter","tenant_id","apps\erp-api\src\modules\validations\validation.service.ts"
"empresa_config","select","ruc","apps\erp-api\src\modules\validations\validation.service.ts"
"empresa_config","select","razon_social","apps\erp-api\src\modules\validations\validation.service.ts"
"empresa_config","select","direccion_fiscal","apps\erp-api\src\modules\validations\validation.service.ts"
"empresa_config","select","pais_id","apps\erp-api\src\modules\validations\validation.service.ts"
"empresa_config","filter","tenant_id","apps\erp-api\src\modules\validations\validation.service.ts"
"empresa_config","select","pais_id","apps\erp-api\src\modules\validations\validation.service.ts"
"empresa_config","filter","tenant_id","apps\erp-api\src\modules\validations\validation.service.ts"
"empresa_config","filter","pais_id","apps\erp-api\src\modules\validations\validation.service.ts"
"usuarios_sistema","filter","tenant_id","apps\erp-api\src\modules\usuarios.controller.ts"
"usuarios_sistema","filter","created_at","apps\erp-api\src\modules\usuarios.controller.ts"
"usuarios_sistema","filter","tenant_id","apps\erp-api\src\modules\usuarios.controller.ts"
"usuarios_sistema","filter","tenant_id","apps\erp-api\src\modules\usuarios.controller.ts"
"usuarios_sistema","filter","estado","apps\erp-api\src\modules\usuarios.controller.ts"
"usuarios_sistema","filter","tenant_id","apps\erp-api\src\modules\usuarios.controller.ts"
"usuarios_sistema","filter","estado","apps\erp-api\src\modules\usuarios.controller.ts"
"usuarios_sistema","filter","tenant_id","apps\erp-api\src\modules\usuarios.controller.ts"
"usuarios_sistema","filter","estado","apps\erp-api\src\modules\usuarios.controller.ts"
"usuarios_sistema","filter","tenant_id","apps\erp-api\src\modules\usuarios.controller.ts"
"usuarios_sistema","filter","estado","apps\erp-api\src\modules\usuarios.controller.ts"
"usuarios_sistema","filter","tenant_id","apps\erp-api\src\modules\usuarios.controller.ts"
"usuarios_sistema","select","id","apps\erp-api\src\modules\usuarios.controller.ts"
"usuarios_sistema","filter","email","apps\erp-api\src\modules\usuarios.controller.ts"
"usuarios_sistema","filter","id","apps\erp-api\src\modules\usuarios.controller.ts"
"usuarios_sistema","select","id","apps\erp-api\src\modules\usuarios.controller.ts"
"usuarios_sistema","filter","id","apps\erp-api\src\modules\usuarios.controller.ts"
"usuarios_sistema","filter","tenant_id","apps\erp-api\src\modules\usuarios.controller.ts"
"usuarios_sistema","filter","id","apps\erp-api\src\modules\usuarios.controller.ts"
"usuarios_sistema","filter","tenant_id","apps\erp-api\src\modules\usuarios.controller.ts"
"usuarios_sistema","filter","id","apps\erp-api\src\modules\usuarios.controller.ts"
"usuarios_sistema","filter","tenant_id","apps\erp-api\src\modules\usuarios.controller.ts"
"usuarios_sistema","update","estado","apps\erp-api\src\modules\usuarios.controller.ts"
"usuarios_sistema","update","updated_at","apps\erp-api\src\modules\usuarios.controller.ts"
"usuarios_sistema","filter","id","apps\erp-api\src\modules\usuarios.controller.ts"
"usuarios_sistema","filter","tenant_id","apps\erp-api\src\modules\usuarios.controller.ts"
"usuarios_sistema","filter","id","apps\erp-api\src\modules\usuarios.controller.ts"
"usuarios_sistema","filter","tenant_id","apps\erp-api\src\modules\usuarios.controller.ts"
"usuarios_sistema","filter","id","apps\erp-api\src\modules\usuarios.controller.ts"
"usuarios_sistema","filter","tenant_id","apps\erp-api\src\modules\usuarios.controller.ts"
"usuarios_sistema","filter","id","apps\erp-api\src\modules\usuarios.controller.ts"
"usuarios_sistema","filter","tenant_id","apps\erp-api\src\modules\usuarios.controller.ts"
"roles","filter","tenant_id","apps\erp-api\src\modules\usuarios.controller.ts"
"roles","filter","tenant_id","apps\erp-api\src\modules\usuarios.controller.ts"
"roles","filter","nombre","apps\erp-api\src\modules\usuarios.controller.ts"
"user_roles","insert","usuario_sistema_id","apps\erp-api\src\modules\usuarios.controller.ts"
"user_roles","insert","role_id","apps\erp-api\src\modules\usuarios.controller.ts"
"user_roles","insert","created_at","apps\erp-api\src\modules\usuarios.controller.ts"
"user_roles","filter","id","apps\erp-api\src\modules\usuarios.controller.ts"
"user_roles","filter","usuario_sistema_id","apps\erp-api\src\modules\usuarios.controller.ts"
"user_roles","filter","id","apps\erp-api\src\modules\usuarios.controller.ts"
"user_roles","filter","tenant_id","apps\erp-api\src\modules\usuarios.controller.ts"
"user_roles","filter","usuario_sistema_id","apps\erp-api\src\modules\usuarios.controller.ts"
"usuarios_sistema","filter","activo","apps\erp-api\src\modules\usuarios\usuarios.service.ts"
"usuarios_sistema","filter","id","apps\erp-api\src\modules\usuarios\usuarios.service.ts"
"usuarios_sistema","filter","id","apps\erp-api\src\modules\usuarios\usuarios.service.ts"
"usuarios_sistema","filter","id","apps\erp-api\src\modules\usuarios\usuarios.service.ts"
"usuarios_sistema","filter","id","apps\erp-api\src\modules\usuarios\usuarios.service.ts"
"usuarios_sistema","select","id","apps\erp-api\src\modules\usuarios\user-management.service.ts"
"usuarios_sistema","filter","tenant_id","apps\erp-api\src\modules\usuarios\user-management.service.ts"
"usuarios_sistema","filter","email","apps\erp-api\src\modules\usuarios\user-management.service.ts"
"usuarios_sistema","update","updated_at","apps\erp-api\src\modules\usuarios\user-management.service.ts"
"usuarios_sistema","filter","id","apps\erp-api\src\modules\usuarios\user-management.service.ts"
"usuarios_sistema","filter","tenant_id","apps\erp-api\src\modules\usuarios\user-management.service.ts"
"usuarios_sistema","filter","id","apps\erp-api\src\modules\usuarios\user-management.service.ts"
"usuarios_sistema","update","updated_at","apps\erp-api\src\modules\usuarios\user-management.service.ts"
"usuarios_sistema","filter","id","apps\erp-api\src\modules\usuarios\user-management.service.ts"
"usuarios_sistema","filter","tenant_id","apps\erp-api\src\modules\usuarios\user-management.service.ts"
"usuarios_sistema","select","id","apps\erp-api\src\modules\usuarios\user-management.service.ts"
"usuarios_sistema","select","email","apps\erp-api\src\modules\usuarios\user-management.service.ts"
"usuarios_sistema","filter","id","apps\erp-api\src\modules\usuarios\user-management.service.ts"
"usuarios_sistema","filter","tenant_id","apps\erp-api\src\modules\usuarios\user-management.service.ts"
"usuarios_sistema","filter","id","apps\erp-api\src\modules\usuarios\user-management.service.ts"
"usuarios_sistema","filter","tenant_id","apps\erp-api\src\modules\usuarios\user-management.service.ts"
"usuarios_sistema","filter","id","apps\erp-api\src\modules\usuarios\user-management.service.ts"
"usuarios_sistema","filter","tenant_id","apps\erp-api\src\modules\usuarios\user-management.service.ts"
"usuarios_sistema","filter","tenant_id","apps\erp-api\src\modules\usuarios\user-management.service.ts"
"usuarios_sistema","filter","estado","apps\erp-api\src\modules\usuarios\user-management.service.ts"
"usuarios_sistema","select","user_roles(role_id","apps\erp-api\src\modules\usuarios\user-management.service.ts"
"usuarios_sistema","select","roles(id","apps\erp-api\src\modules\usuarios\user-management.service.ts"
"usuarios_sistema","select","nombre","apps\erp-api\src\modules\usuarios\user-management.service.ts"
"usuarios_sistema","select","descripcion))","apps\erp-api\src\modules\usuarios\user-management.service.ts"
"usuarios_sistema","filter","id","apps\erp-api\src\modules\usuarios\user-management.service.ts"
"usuarios_sistema","filter","tenant_id","apps\erp-api\src\modules\usuarios\user-management.service.ts"
"usuarios_sistema","select","id","apps\erp-api\src\modules\usuarios\user-management.service.ts"
"usuarios_sistema","filter","id","apps\erp-api\src\modules\usuarios\user-management.service.ts"
"usuarios_sistema","filter","tenant_id","apps\erp-api\src\modules\usuarios\user-management.service.ts"
"usuarios_sistema","filter","tenant_id","apps\erp-api\src\modules\usuarios\user-management.service.ts"
"usuarios_sistema","select","id","apps\erp-api\src\modules\usuarios\user-management.service.ts"
"usuarios_sistema","filter","id","apps\erp-api\src\modules\usuarios\user-management.service.ts"
"usuarios_sistema","filter","tenant_id","apps\erp-api\src\modules\usuarios\user-management.service.ts"
"usuarios_sistema","filter","usuario_sistema_id","apps\erp-api\src\modules\usuarios\user-management.service.ts"
"usuarios_sistema","update","estado","apps\erp-api\src\modules\usuarios\user-management.service.ts"
"usuarios_sistema","update","updated_at","apps\erp-api\src\modules\usuarios\user-management.service.ts"
"usuarios_sistema","filter","id","apps\erp-api\src\modules\usuarios\user-management.service.ts"
"usuarios_sistema","filter","tenant_id","apps\erp-api\src\modules\usuarios\user-management.service.ts"
"usuarios_sistema","update","estado","apps\erp-api\src\modules\usuarios\user-management.service.ts"
"usuarios_sistema","update","updated_at","apps\erp-api\src\modules\usuarios\user-management.service.ts"
"usuarios_sistema","filter","id","apps\erp-api\src\modules\usuarios\user-management.service.ts"
"usuarios_sistema","filter","tenant_id","apps\erp-api\src\modules\usuarios\user-management.service.ts"
"usuarios_sistema","filter","usuario_sistema_id","apps\erp-api\src\modules\usuarios\user-management.service.ts"
"usuarios_sistema","select","id","apps\erp-api\src\modules\usuarios\user-management.service.ts"
"usuarios_sistema","select","email","apps\erp-api\src\modules\usuarios\user-management.service.ts"
"usuarios_sistema","filter","id","apps\erp-api\src\modules\usuarios\user-management.service.ts"
"usuarios_sistema","filter","tenant_id","apps\erp-api\src\modules\usuarios\user-management.service.ts"
"usuarios_sistema","update","password_reset_token","apps\erp-api\src\modules\usuarios\user-management.service.ts"
"usuarios_sistema","update","password_reset_expires","apps\erp-api\src\modules\usuarios\user-management.service.ts"
"usuarios_sistema","update","updated_at","apps\erp-api\src\modules\usuarios\user-management.service.ts"
"usuarios_sistema","filter","id","apps\erp-api\src\modules\usuarios\user-management.service.ts"
"usuarios_sistema","filter","tenant_id","apps\erp-api\src\modules\usuarios\user-management.service.ts"
"usuarios_sistema","select","nombre","apps\erp-api\src\modules\usuarios\user-management.service.ts"
"usuarios_sistema","select","apellido","apps\erp-api\src\modules\usuarios\user-management.service.ts"
"usuarios_sistema","filter","id","apps\erp-api\src\modules\usuarios\user-management.service.ts"
"roles","select","id","apps\erp-api\src\modules\usuarios\user-management.service.ts"
"roles","filter","tenant_id","apps\erp-api\src\modules\usuarios\user-management.service.ts"
"roles","filter","usuario_sistema_id","apps\erp-api\src\modules\usuarios\user-management.service.ts"
"user_roles","select","role_id","apps\erp-api\src\modules\usuarios\user-management.service.ts"
"user_roles","filter","usuario_sistema_id","apps\erp-api\src\modules\usuarios\user-management.service.ts"
"user_roles","filter","usuario_sistema_id","apps\erp-api\src\modules\usuarios\user-management.service.ts"
"audit_log","insert","table_name","apps\erp-api\src\modules\usuarios\user-management.service.ts"
"audit_log","insert","operation","apps\erp-api\src\modules\usuarios\user-management.service.ts"
"audit_log","insert","old_values","apps\erp-api\src\modules\usuarios\user-management.service.ts"
"audit_log","insert","id","apps\erp-api\src\modules\usuarios\user-management.service.ts"
"audit_log","insert","email","apps\erp-api\src\modules\usuarios\user-management.service.ts"
"audit_log","insert","user_id","apps\erp-api\src\modules\usuarios\user-management.service.ts"
"audit_log","insert","tenant_id","apps\erp-api\src\modules\usuarios\user-management.service.ts"
"audit_log","insert","timestamp","apps\erp-api\src\modules\usuarios\user-management.service.ts"
"empresa_config","select","tenant_id","apps\erp-api\src\modules\tenants\tenant-management.service.ts"
"empresa_config","select","razon_social","apps\erp-api\src\modules\tenants\tenant-management.service.ts"
"empresa_config","filter","ruc","apps\erp-api\src\modules\tenants\tenant-management.service.ts"
"empresa_config","filter","pais","apps\erp-api\src\modules\tenants\tenant-management.service.ts"
"empresa_config","select","tenant_id","apps\erp-api\src\modules\tenants\tenant-management.service.ts"
"empresa_config","filter","email","apps\erp-api\src\modules\tenants\tenant-management.service.ts"
"empresa_config","filter","tenant_id","apps\erp-api\src\modules\tenants\tenant-management.service.ts"
"empresa_config","select","tenant_id","apps\erp-api\src\modules\tenants\tenant-management.service.ts"
"empresa_config","select","pais_id","apps\erp-api\src\modules\tenants\tenant-management.service.ts"
"empresa_config","filter","tenant_id","apps\erp-api\src\modules\tenants\tenant-management.service.ts"
"empresa_config","filter","tenant_id","apps\erp-api\src\modules\tenants\tenant-management.service.ts"
"empresa_config","filter","tenant_id","apps\erp-api\src\modules\tenants\tenant-management.service.ts"
"empresa_config","filter","tenant_id","apps\erp-api\src\modules\tenants\tenant-management.service.ts"
"empresa_config","filter","tenant_id","apps\erp-api\src\modules\tenants\tenant-management.service.ts"
"empresa_config","select","tenant_id","apps\erp-api\src\modules\tenants\tenant-management.service.ts"
"empresa_config","select","razon_social","apps\erp-api\src\modules\tenants\tenant-management.service.ts"
"empresa_config","select","is_demo","apps\erp-api\src\modules\tenants\tenant-management.service.ts"
"empresa_config","select","demo_expires_at","apps\erp-api\src\modules\tenants\tenant-management.service.ts"
"empresa_config","select","demo_created_at","apps\erp-api\src\modules\tenants\tenant-management.service.ts"
"empresa_config","filter","tenant_id","apps\erp-api\src\modules\tenants\tenant-management.service.ts"
"empresa_config","update","is_demo","apps\erp-api\src\modules\tenants\tenant-management.service.ts"
"empresa_config","update","demo_created_at","apps\erp-api\src\modules\tenants\tenant-management.service.ts"
"empresa_config","update","demo_expires_at","apps\erp-api\src\modules\tenants\tenant-management.service.ts"
"empresa_config","update","demo_extended","apps\erp-api\src\modules\tenants\tenant-management.service.ts"
"empresa_config","update","updated_at","apps\erp-api\src\modules\tenants\tenant-management.service.ts"
"empresa_config","filter","tenant_id","apps\erp-api\src\modules\tenants\tenant-management.service.ts"
"empresa_config","select","tenant_id","apps\erp-api\src\modules\tenants\tenant-management.service.ts"
"empresa_config","select","is_demo","apps\erp-api\src\modules\tenants\tenant-management.service.ts"
"empresa_config","update","is_demo","apps\erp-api\src\modules\tenants\tenant-management.service.ts"
"empresa_config","update","demo_expires_at","apps\erp-api\src\modules\tenants\tenant-management.service.ts"
"empresa_config","update","demo_extended","apps\erp-api\src\modules\tenants\tenant-management.service.ts"
"empresa_config","update","updated_at","apps\erp-api\src\modules\tenants\tenant-management.service.ts"
"empresa_config","filter","tenant_id","apps\erp-api\src\modules\tenants\tenant-management.service.ts"
"empresa_config","update","is_demo","apps\erp-api\src\modules\tenants\tenant-management.service.ts"
"empresa_config","update","demo_expires_at","apps\erp-api\src\modules\tenants\tenant-management.service.ts"
"empresa_config","update","demo_extended","apps\erp-api\src\modules\tenants\tenant-management.service.ts"
"empresa_config","update","updated_at","apps\erp-api\src\modules\tenants\tenant-management.service.ts"
"empresa_config","filter","tenant_id","apps\erp-api\src\modules\tenants\tenant-management.service.ts"
"empresa_config","update","estado","apps\erp-api\src\modules\tenants\tenant-management.service.ts"
"empresa_config","update","updated_at","apps\erp-api\src\modules\tenants\tenant-management.service.ts"
"empresa_config","filter","tenant_id","apps\erp-api\src\modules\tenants\tenant-management.service.ts"
"empresa_config","update","estado","apps\erp-api\src\modules\tenants\tenant-management.service.ts"
"empresa_config","update","updated_at","apps\erp-api\src\modules\tenants\tenant-management.service.ts"
"empresa_config","filter","tenant_id","apps\erp-api\src\modules\tenants\tenant-management.service.ts"
"empresa_config","select","tenant_id","apps\erp-api\src\modules\tenants\tenant-management.service.ts"
"empresa_config","filter","tenant_id","apps\erp-api\src\modules\tenants\tenant-management.service.ts"
"empresa_config","filter","tenant_id","apps\erp-api\src\modules\tenants\tenant-management.service.ts"
"empresa_config","select","tenant_id","apps\erp-api\src\modules\tenants\tenant-management.service.ts"
"empresa_config","filter","tenant_id","apps\erp-api\src\modules\tenants\tenant-management.service.ts"
"empresa_config","filter","tenant_id","apps\erp-api\src\modules\tenants\tenant-management.service.ts"
"usuarios_sistema","select","id","apps\erp-api\src\modules\tenants\tenant-management.service.ts"
"usuarios_sistema","select","email","apps\erp-api\src\modules\tenants\tenant-management.service.ts"
"usuarios_sistema","select","nombre","apps\erp-api\src\modules\tenants\tenant-management.service.ts"
"usuarios_sistema","select","apellido","apps\erp-api\src\modules\tenants\tenant-management.service.ts"
"usuarios_sistema","filter","tenant_id","apps\erp-api\src\modules\tenants\tenant-management.service.ts"
"usuarios_sistema","filter","email","apps\erp-api\src\modules\tenants\tenant-management.service.ts"
"usuarios_sistema","update","password_hash","apps\erp-api\src\modules\tenants\tenant-management.service.ts"
"usuarios_sistema","update","estado","apps\erp-api\src\modules\tenants\tenant-management.service.ts"
"usuarios_sistema","update","is_demo_user","apps\erp-api\src\modules\tenants\tenant-management.service.ts"
"usuarios_sistema","update","demo_email_temp","apps\erp-api\src\modules\tenants\tenant-management.service.ts"
"usuarios_sistema","update","nombre","apps\erp-api\src\modules\tenants\tenant-management.service.ts"
"usuarios_sistema","update","apellido","apps\erp-api\src\modules\tenants\tenant-management.service.ts"
"usuarios_sistema","update","updated_at","apps\erp-api\src\modules\tenants\tenant-management.service.ts"
"usuarios_sistema","filter","id","apps\erp-api\src\modules\tenants\tenant-management.service.ts"
"usuarios_sistema","filter","tenant_id","apps\erp-api\src\modules\tenants\tenant-management.service.ts"
"usuarios_sistema","update","is_demo_user","apps\erp-api\src\modules\tenants\tenant-management.service.ts"
"usuarios_sistema","update","demo_email_temp","apps\erp-api\src\modules\tenants\tenant-management.service.ts"
"usuarios_sistema","update","updated_at","apps\erp-api\src\modules\tenants\tenant-management.service.ts"
"usuarios_sistema","filter","id","apps\erp-api\src\modules\tenants\tenant-management.service.ts"
"usuarios_sistema","filter","tenant_id","apps\erp-api\src\modules\tenants\tenant-management.service.ts"
"usuarios_sistema","update","is_demo_user","apps\erp-api\src\modules\tenants\tenant-management.service.ts"
"usuarios_sistema","update","demo_email_temp","apps\erp-api\src\modules\tenants\tenant-management.service.ts"
"usuarios_sistema","update","updated_at","apps\erp-api\src\modules\tenants\tenant-management.service.ts"
"usuarios_sistema","filter","tenant_id","apps\erp-api\src\modules\tenants\tenant-management.service.ts"
"usuarios_sistema","filter","is_demo_user","apps\erp-api\src\modules\tenants\tenant-management.service.ts"
"usuarios_sistema","filter","tenant_id","apps\erp-api\src\modules\tenants\tenant-management.service.ts"
"usuarios_sistema","filter","tenant_id","apps\erp-api\src\modules\tenants\tenant-management.service.ts"
"usuarios_sistema","filter","estado","apps\erp-api\src\modules\tenants\tenant-management.service.ts"
"usuarios_sistema","filter","tenant_id","apps\erp-api\src\modules\tenants\tenant-management.service.ts"
"usuarios_sistema","filter","estado","apps\erp-api\src\modules\tenants\tenant-management.service.ts"
"usuarios_sistema","select","user_roles(role_id","apps\erp-api\src\modules\tenants\tenant-management.service.ts"
"usuarios_sistema","select","roles(id","apps\erp-api\src\modules\tenants\tenant-management.service.ts"
"usuarios_sistema","select","nombre","apps\erp-api\src\modules\tenants\tenant-management.service.ts"
"usuarios_sistema","select","descripcion))","apps\erp-api\src\modules\tenants\tenant-management.service.ts"
"usuarios_sistema","filter","tenant_id","apps\erp-api\src\modules\tenants\tenant-management.service.ts"
"usuarios_sistema","filter","created_at","apps\erp-api\src\modules\tenants\tenant-management.service.ts"
"roles","select","id","apps\erp-api\src\modules\tenants\tenant-management.service.ts"
"roles","filter","tenant_id","apps\erp-api\src\modules\tenants\tenant-management.service.ts"
"roles","filter","nombre","apps\erp-api\src\modules\tenants\tenant-management.service.ts"
"roles","insert","tenant_id","apps\erp-api\src\modules\tenants\tenant-management.service.ts"
"roles","insert","nombre","apps\erp-api\src\modules\tenants\tenant-management.service.ts"
"roles","insert","descripcion","apps\erp-api\src\modules\tenants\tenant-management.service.ts"
"roles","insert","is_system_role","apps\erp-api\src\modules\tenants\tenant-management.service.ts"
"roles","insert","created_at","apps\erp-api\src\modules\tenants\tenant-management.service.ts"
"roles","insert","updated_at","apps\erp-api\src\modules\tenants\tenant-management.service.ts"
"roles","select","id","apps\erp-api\src\modules\tenants\tenant-management.service.ts"
"roles","filter","tenant_id","apps\erp-api\src\modules\tenants\tenant-management.service.ts"
"roles","filter","nombre","apps\erp-api\src\modules\tenants\tenant-management.service.ts"
"roles","filter","tenant_id","apps\erp-api\src\modules\tenants\tenant-management.service.ts"
"roles","filter","email","apps\erp-api\src\modules\tenants\tenant-management.service.ts"
"roles","select","id","apps\erp-api\src\modules\tenants\tenant-management.service.ts"
"roles","filter","tenant_id","apps\erp-api\src\modules\tenants\tenant-management.service.ts"
"roles","filter","nombre","apps\erp-api\src\modules\tenants\tenant-management.service.ts"
"permisos","select","modulo","apps\erp-api\src\modules\tenants\tenant-management.service.ts"
"permisos","select","accion","apps\erp-api\src\modules\tenants\tenant-management.service.ts"
"permisos","select","recurso","apps\erp-api\src\modules\tenants\tenant-management.service.ts"
"permisos","select","descripcion","apps\erp-api\src\modules\tenants\tenant-management.service.ts"
"permisos","filter","tenant_id","apps\erp-api\src\modules\tenants\tenant-management.service.ts"
"permisos","select","id","apps\erp-api\src\modules\tenants\tenant-management.service.ts"
"user_roles","filter","role_id","apps\erp-api\src\modules\tenants\tenant-management.service.ts"
"empresa_config","filter","tenant_id","apps\erp-api\src\modules\configuracion.controller.ts"
"empresa_config","filter","tenant_id","apps\erp-api\src\modules\configuracion.controller.ts"
"empresa_config","filter","tenant_id","apps\erp-api\src\modules\configuracion.controller.ts"
"empresa_config","filter","tenant_id","apps\erp-api\src\modules\configuracion.controller.ts"
"empresa_config","filter","tenant_id","apps\erp-api\src\modules\configuracion\configuration.service.ts"
"empresa_config","update","configuracion_completa","apps\erp-api\src\modules\configuracion\configuration.service.ts"
"empresa_config","filter","tenant_id","apps\erp-api\src\modules\configuracion\configuration.service.ts"
"empresa_config","select","umbral_gre_automatico","apps\erp-api\src\modules\configuracion\configuration.service.ts"
"empresa_config","select","gre_automatico_habilitado","apps\erp-api\src\modules\configuracion\configuration.service.ts"
"empresa_config","filter","tenant_id","apps\erp-api\src\modules\configuracion\configuration.service.ts"
"empresa_config","update","umbral_gre_automatico","apps\erp-api\src\modules\configuracion\configuration.service.ts"
"empresa_config","update","gre_automatico_habilitado","apps\erp-api\src\modules\configuracion\configuration.service.ts"
"empresa_config","filter","tenant_id","apps\erp-api\src\modules\configuracion\configuration.service.ts"
"empresa_config","select","certificado_pfx","apps\erp-api\src\modules\configuracion\configuration.service.ts"
"empresa_config","select","certificado_password","apps\erp-api\src\modules\configuracion\configuration.service.ts"
"empresa_config","filter","tenant_id","apps\erp-api\src\modules\configuracion\configuration.service.ts"
"wizard_progress","filter","tenant_id","apps\erp-api\src\modules\configuracion\configuration.service.ts"
"wizard_progress","filter","tenant_id","apps\erp-api\src\modules\configuracion\configuration.service.ts"
"wizard_progress","update","completado","apps\erp-api\src\modules\configuracion\configuration.service.ts"
"wizard_progress","update","completado_at","apps\erp-api\src\modules\configuracion\configuration.service.ts"
"wizard_progress","update","updated_at","apps\erp-api\src\modules\configuracion\configuration.service.ts"
"wizard_progress","filter","tenant_id","apps\erp-api\src\modules\configuracion\configuration.service.ts"
"wizard_progress","filter","tenant_id","apps\erp-api\src\modules\configuracion\configuration.service.ts"
"empresa_config","filter","tenant_id","apps\erp-api\src\modules\configuracion\configuration.controller.ts"
"empresa_config","select","pais_id","apps\erp-api\src\modules\configuracion\configuration.controller.ts"
"empresa_config","filter","tenant_id","apps\erp-api\src\modules\configuracion\configuration.controller.ts"
"empresa_config","filter","tenant_id","apps\erp-api\src\modules\configuracion\configuration.controller.ts"
"tenants","select","id","apps\erp-api\src\modules\compras.controller.ts"
"empresa_config","select","is_demo","apps\erp-api\src\modules\demo\interceptors\demo-restrictions.interceptor.ts"
"empresa_config","filter","tenant_id","apps\erp-api\src\modules\demo\interceptors\demo-restrictions.interceptor.ts"
"empresa_config","select","pais_id","apps\erp-api\src\modules\cpe\pdf-generator.service.ts"
"empresa_config","filter","tenant_id","apps\erp-api\src\modules\cpe\pdf-generator.service.ts"
"empresa_config","filter","id","apps\erp-api\src\modules\cpe\pdf-generator.service.ts"
"empresa_config","filter","tenant_id","apps\erp-api\src\modules\cpe\pdf-generator.service.ts"
"empresa_config","filter","tenant_id","apps\erp-api\src\modules\cpe\fiscal-adapter.service.ts"
"empresa_config","select","pais_id","apps\erp-api\src\modules\cpe\fiscal-adapter.service.ts"
"empresa_config","filter","tenant_id","apps\erp-api\src\modules\cpe\fiscal-adapter.service.ts"
"empresa_config","select","certificado_pfx","apps\erp-api\src\modules\cpe\cpe.service.ts"
"empresa_config","select","certificado_password","apps\erp-api\src\modules\cpe\cpe.service.ts"
"empresa_config","filter","tenant_id","apps\erp-api\src\modules\cpe\cpe.service.ts"
"empresa_config","filter","tenant_id","apps\erp-api\src\modules\cpe\cpe.service.ts"
"empresa_config","select","logo_url","apps\erp-api\src\modules\cpe\cpe.service.ts"
"empresa_config","filter","tenant_id","apps\erp-api\src\modules\cpe\cpe.service.ts"
"empresa_config","select","pais_id","apps\erp-api\src\modules\cpe\cpe-helper.service.ts"
"empresa_config","filter","tenant_id","apps\erp-api\src\modules\cpe\cpe-helper.service.ts"
"empresa_config","filter","id","apps\erp-api\src\modules\cpe\cpe-helper.service.ts"
"empresa_config","select","pais_id","apps\erp-api\src\modules\cpe\cpe-helper.service.ts"
"empresa_config","filter","tenant_id","apps\erp-api\src\modules\cpe\cpe-helper.service.ts"
"empresa_config","filter","id","apps\erp-api\src\modules\cpe\cpe-helper.service.ts"
"empresa_config","select","pais_id","apps\erp-api\src\modules\cpe\comunicacion-baja.service.ts"
"empresa_config","filter","tenant_id","apps\erp-api\src\modules\cpe\comunicacion-baja.service.ts"
"empresa_config","filter","id","apps\erp-api\src\modules\cpe\comunicacion-baja.service.ts"
"empresa_config","select","pais_id","apps\erp-api\src\modules\cpe\comunicacion-baja.service.ts"
"empresa_config","filter","tenant_id","apps\erp-api\src\modules\cpe\comunicacion-baja.service.ts"
"empresa_config","filter","id","apps\erp-api\src\modules\cpe\comunicacion-baja.service.ts"
"empresa_config","select","certificado_pfx","apps\erp-api\src\modules\cpe\comunicacion-baja.service.ts"
"empresa_config","select","certificado_password","apps\erp-api\src\modules\cpe\comunicacion-baja.service.ts"
"empresa_config","filter","tenant_id","apps\erp-api\src\modules\cpe\comunicacion-baja.service.ts"
"empresa_config","select","is_demo","apps\erp-api\src\modules\demo\demo.service.ts"
"empresa_config","select","demo_expires_at","apps\erp-api\src\modules\demo\demo.service.ts"
"empresa_config","select","demo_created_at","apps\erp-api\src\modules\demo\demo.service.ts"
"empresa_config","select","demo_conversion_attempted","apps\erp-api\src\modules\demo\demo.service.ts"
"empresa_config","select","plan","apps\erp-api\src\modules\demo\demo.service.ts"
"empresa_config","filter","tenant_id","apps\erp-api\src\modules\demo\demo.service.ts"
"empresa_config","select","tenant_id","apps\erp-api\src\modules\demo\demo.service.ts"
"empresa_config","filter","ruc","apps\erp-api\src\modules\demo\demo.service.ts"
"empresa_config","filter","tenant_id","apps\erp-api\src\modules\demo\demo.service.ts"
"empresa_config","filter","email","apps\erp-api\src\modules\demo\demo.service.ts"
"empresa_config","filter","tenant_id","apps\erp-api\src\modules\demo\demo.service.ts"
"empresa_config","update","demo_conversion_attempted","apps\erp-api\src\modules\demo\demo.service.ts"
"empresa_config","filter","tenant_id","apps\erp-api\src\modules\demo\demo.service.ts"
"empresa_config","filter","tenant_id","apps\erp-api\src\modules\demo\demo.service.ts"
"usuarios_sistema","select","id","apps\erp-api\src\modules\demo\demo.service.ts"
"usuarios_sistema","update","demo_conversion_attempted","apps\erp-api\src\modules\demo\demo.service.ts"
"usuarios_sistema","filter","email","apps\erp-api\src\modules\demo\demo.service.ts"
"usuarios_sistema","filter","tenant_id","apps\erp-api\src\modules\demo\demo.service.ts"
"usuarios_sistema","update","email","apps\erp-api\src\modules\demo\demo.service.ts"
"usuarios_sistema","update","password_hash","apps\erp-api\src\modules\demo\demo.service.ts"
"usuarios_sistema","update","is_demo_user","apps\erp-api\src\modules\demo\demo.service.ts"
"usuarios_sistema","update","demo_email_temp","apps\erp-api\src\modules\demo\demo.service.ts"
"usuarios_sistema","update","updated_at","apps\erp-api\src\modules\demo\demo.service.ts"
"usuarios_sistema","filter","tenant_id","apps\erp-api\src\modules\demo\demo.service.ts"
"usuarios_sistema","filter","is_demo_user","apps\erp-api\src\modules\demo\demo.service.ts"
"usuarios_sistema","select","id","apps\erp-api\src\modules\demo\demo.service.ts"
"usuarios_sistema","filter","tenant_id","apps\erp-api\src\modules\demo\demo.service.ts"
"usuarios_sistema","filter","email","apps\erp-api\src\modules\demo\demo.service.ts"
"usuarios_sistema","select","id","apps\erp-api\src\modules\dashboard\dashboard-metrics.service.ts"
"usuarios_sistema","filter","tenant_id","apps\erp-api\src\modules\dashboard\dashboard-metrics.service.ts"
"usuarios_sistema","filter","tenant_id","apps\erp-api\src\modules\dashboard\dashboard-metrics.service.ts"
"usuarios_sistema","filter","created_at","apps\erp-api\src\modules\dashboard\dashboard-metrics.service.ts"
"usuarios_sistema","filter","tenant_id","apps\erp-api\src\modules\dashboard\dashboard-metrics.service.ts"
"usuarios_sistema","filter","estado","apps\erp-api\src\modules\dashboard\dashboard-metrics.service.ts"
"usuarios_sistema","filter","tenant_id","apps\erp-api\src\modules\dashboard\dashboard-metrics.service.ts"
"outbox_events","update","asientos_generados","apps\erp-api\src\modules\rrhh\planillas.service.ts"
"outbox_events","update","fecha_asientos","apps\erp-api\src\modules\rrhh\planillas.service.ts"
"outbox_events","filter","id","apps\erp-api\src\modules\rrhh\planillas.service.ts"
"empresa_config","select","is_demo","apps\erp-api\src\modules\demo\guards\demo-expired.guard.ts"
"empresa_config","select","demo_expires_at","apps\erp-api\src\modules\demo\guards\demo-expired.guard.ts"
"empresa_config","filter","tenant_id","apps\erp-api\src\modules\demo\guards\demo-expired.guard.ts"
"outbox_events","update","status","apps\erp-api\src\modules\contabilidad\listeners\contabilidad-events.listener.ts"
"outbox_events","update","retry_count","apps\erp-api\src\modules\contabilidad\listeners\contabilidad-events.listener.ts"
"outbox_events","update","error_message","apps\erp-api\src\modules\contabilidad\listeners\contabilidad-events.listener.ts"
"outbox_events","update","updated_at","apps\erp-api\src\modules\contabilidad\listeners\contabilidad-events.listener.ts"
"outbox_events","filter","event_id","apps\erp-api\src\modules\contabilidad\listeners\contabilidad-events.listener.ts"
"audit_log","filter","tenant_id","apps\erp-api\src\modules\audit\audit.service.ts"
"audit_log","filter","table_name","apps\erp-api\src\modules\audit\audit.service.ts"
"audit_log","filter","operation","apps\erp-api\src\modules\audit\audit.service.ts"
"audit_log","filter","tenant_id","apps\erp-api\src\modules\audit\audit.service.ts"
"audit_log","filter","user_id","apps\erp-api\src\modules\audit\audit.service.ts"
"audit_log","filter","timestamp","apps\erp-api\src\modules\audit\audit.service.ts"
"audit_log","filter","tenant_id","apps\erp-api\src\modules\audit\audit.service.ts"
"audit_log","filter","table_name","apps\erp-api\src\modules\audit\audit.service.ts"
"audit_log","filter","timestamp","apps\erp-api\src\modules\audit\audit.service.ts"
"empresa_config","select","monto_aprobacion_compras","apps\erp-api\src\modules\compras\services\ordenes-compra.service.ts"
"empresa_config","filter","tenant_id","apps\erp-api\src\modules\compras\services\ordenes-compra.service.ts"
"empresa_config","select","moneda_defecto","apps\erp-api\src\modules\compras\services\ordenes-compra.service.ts"
"empresa_config","filter","tenant_id","apps\erp-api\src\modules\compras\services\ordenes-compra.service.ts"
"usuarios_sistema","filter","tenant_id","apps\erp-api\src\modules\compras\services\ordenes-compra.service.ts"
"usuarios_sistema","filter","estado","apps\erp-api\src\modules\compras\services\ordenes-compra.service.ts"
"usuarios_sistema","filter","tenant_id","apps\erp-api\src\modules\compras\services\ordenes-compra.service.ts"
"usuarios_sistema","filter","estado","apps\erp-api\src\modules\compras\services\ordenes-compra.service.ts"
"usuarios_sistema","filter","tenant_id","apps\erp-api\src\modules\compras\services\ordenes-compra.service.ts"
"usuarios_sistema","filter","estado","apps\erp-api\src\modules\compras\services\ordenes-compra.service.ts"
"usuarios_sistema","filter","tenant_id","apps\erp-api\src\modules\compras\services\ordenes-compra.service.ts"
"usuarios_sistema","filter","estado","apps\erp-api\src\modules\compras\services\ordenes-compra.service.ts"
"usuarios_sistema","filter","tenant_id","apps\erp-api\src\modules\compras\services\ordenes-compra.service.ts"
"usuarios_sistema","filter","estado","apps\erp-api\src\modules\compras\services\ordenes-compra.service.ts"
"empresa_config","select","moneda_defecto","apps\erp-api\src\modules\compras\services\devoluciones-proveedor.service.ts"
"empresa_config","filter","tenant_id","apps\erp-api\src\modules\compras\services\devoluciones-proveedor.service.ts"
"empresa_config","select","generar_cxp_en","apps\erp-api\src\modules\compras\services\compras-cxp-integration.service.ts"
"empresa_config","select","moneda_defecto","apps\erp-api\src\modules\compras\services\compras-cxp-integration.service.ts"
"empresa_config","filter","tenant_id","apps\erp-api\src\modules\compras\services\compras-cxp-integration.service.ts"
"empresa_config","filter","tenant_id","apps\erp-api\src\modules\documentos.service.ts"
"outbox_events","update","procesado_outbox","apps\erp-api\src\modules\contabilidad\services\depreciacion-scheduler.service.ts"
"outbox_events","update","evento_id","apps\erp-api\src\modules\contabilidad\services\depreciacion-scheduler.service.ts"
"outbox_events","filter","id","apps\erp-api\src\modules\contabilidad\services\depreciacion-scheduler.service.ts"
"empresa_config","select","ruc","apps\erp-api\src\modules\contabilidad\services\ple-export.service.ts"
"empresa_config","select","razon_social","apps\erp-api\src\modules\contabilidad\services\ple-export.service.ts"
"empresa_config","filter","tenant_id","apps\erp-api\src\modules\contabilidad\services\ple-export.service.ts"
"empresa_config","select","ruc","apps\erp-api\src\modules\contabilidad\services\ple-export.service.ts"
"empresa_config","filter","tenant_id","apps\erp-api\src\modules\contabilidad\services\ple-export.service.ts"
"empresa_config","select","ruc","apps\erp-api\src\modules\contabilidad\services\ple-export.service.ts"
"empresa_config","filter","tenant_id","apps\erp-api\src\modules\contabilidad\services\ple-export.service.ts"
"outbox_events","filter","occurred_at","apps\erp-api\src\modules\contabilidad\services\periodos.service.ts"
"outbox_events","filter","occurred_at","apps\erp-api\src\modules\contabilidad\services\periodos.service.ts"
"outbox_events","filter","created_at","apps\erp-api\src\modules\contabilidad\services\outbox-events.service.ts"
"outbox_events","filter","retry_count","apps\erp-api\src\modules\contabilidad\services\outbox-events.service.ts"
"outbox_events","filter","created_at","apps\erp-api\src\modules\contabilidad\services\outbox-events.service.ts"
"outbox_events","filter","event_type","apps\erp-api\src\modules\contabilidad\services\outbox-events.service.ts"
"outbox_events","filter","created_at","apps\erp-api\src\modules\contabilidad\services\outbox-events.service.ts"
"outbox_events","filter","event_id","apps\erp-api\src\modules\contabilidad\services\outbox-events.service.ts"
"outbox_events","filter","created_at","apps\erp-api\src\modules\contabilidad\services\outbox-events.service.ts"
"outbox_events","filter","created_at","apps\erp-api\src\modules\contabilidad\services\outbox-events.service.ts"
"outbox_events","select","status","apps\erp-api\src\modules\contabilidad\services\outbox-events.service.ts"
"outbox_events","select","processed_at","apps\erp-api\src\modules\contabilidad\services\outbox-events.service.ts"
"outbox_events","select","created_at","apps\erp-api\src\modules\contabilidad\services\outbox-events.service.ts"
"outbox_events","select","id","apps\erp-api\src\modules\contabilidad\services\asientos.service.ts"
"outbox_events","select","event_type","apps\erp-api\src\modules\contabilidad\services\asientos.service.ts"
"outbox_events","update","status","apps\erp-api\src\modules\contabilidad\services\asientos-generator.service.ts"
"outbox_events","update","processed_at","apps\erp-api\src\modules\contabilidad\services\asientos-generator.service.ts"
"outbox_events","filter","event_id","apps\erp-api\src\modules\contabilidad\services\asientos-generator.service.ts"
"outbox_events","select","retry_count","apps\erp-api\src\modules\contabilidad\services\asientos-generator.service.ts"
"outbox_events","select","status","apps\erp-api\src\modules\contabilidad\services\asientos-generator.service.ts"
"outbox_events","filter","event_id","apps\erp-api\src\modules\contabilidad\services\asientos-generator.service.ts"
"outbox_events","filter","event_id","apps\erp-api\src\modules\contabilidad\services\asientos-generator.service.ts"
"outbox_events","update","status","apps\erp-api\src\modules\contabilidad\services\asientos-generator.service.ts"
"outbox_events","update","retry_count","apps\erp-api\src\modules\contabilidad\services\asientos-generator.service.ts"
"outbox_events","update","error_message","apps\erp-api\src\modules\contabilidad\services\asientos-generator.service.ts"
"outbox_events","update","processed_at","apps\erp-api\src\modules\contabilidad\services\asientos-generator.service.ts"
"outbox_events","update","updated_at","apps\erp-api\src\modules\contabilidad\services\asientos-generator.service.ts"
"outbox_events","filter","event_id","apps\erp-api\src\modules\contabilidad\services\asientos-generator.service.ts"
"outbox_events","select","event_type","apps\erp-api\src\modules\contabilidad\services\asientos-generator.service.ts"
"outbox_events","select","status","apps\erp-api\src\modules\contabilidad\services\asientos-generator.service.ts"
"empresa_config","filter","tenant_id","apps\erp-api\src\modules\inventario\logistica\logistica.service.ts"
"usuarios_sistema","filter","tenant_id","apps\erp-api\src\modules\notifications\inventory-stock-alerts.listener.ts"
"usuarios_sistema","filter","estado","apps\erp-api\src\modules\notifications\inventory-stock-alerts.listener.ts"
"usuarios_sistema","filter","tenant_id","apps\erp-api\src\modules\notifications\inventory-stock-alerts.listener.ts"
"usuarios_sistema","filter","estado","apps\erp-api\src\modules\notifications\inventory-stock-alerts.listener.ts"
"usuarios_sistema","select","id","apps\erp-api\src\modules\notifications\inventory-stock-alerts.listener.ts"
"usuarios_sistema","filter","tenant_id","apps\erp-api\src\modules\notifications\inventory-stock-alerts.listener.ts"
"usuarios_sistema","filter","estado","apps\erp-api\src\modules\notifications\inventory-stock-alerts.listener.ts"
"usuarios_sistema","filter","is_super_admin","apps\erp-api\src\modules\notifications\inventory-stock-alerts.listener.ts"
"roles","select","id","apps\erp-api\src\modules\notifications\notifications.service.ts"
"roles","filter","tenant_id","apps\erp-api\src\modules\notifications\notifications.service.ts"
"user_roles","select","role_id","apps\erp-api\src\modules\notifications\notifications.service.ts"
"user_roles","filter","usuario_sistema_id","apps\erp-api\src\modules\notifications\notifications.service.ts"
"tenants","select","id","apps\erp-api\src\modules\pos\pos.worker.scheduler.ts"
"empresa_config","filter","tenant_id","apps\erp-api\src\modules\pos\pos.service.ts"
"empresa_config","select","ruc","apps\erp-api\src\modules\pos\pos.service.ts"
"empresa_config","select","razon_social","apps\erp-api\src\modules\pos\pos.service.ts"
"empresa_config","filter","tenant_id","apps\erp-api\src\modules\pos\pos.service.ts"
"empresa_config","select","ruc","apps\erp-api\src\modules\pos\pos.service.ts"
"empresa_config","select","razon_social","apps\erp-api\src\modules\pos\pos.service.ts"
"empresa_config","select","moneda_defecto","apps\erp-api\src\modules\pos\pos.service.ts"
"empresa_config","filter","tenant_id","apps\erp-api\src\modules\pos\pos.service.ts"
"empresa_config","select","dias_vencimiento_factura","apps\erp-api\src\modules\pos\pos.service.ts"
"empresa_config","filter","tenant_id","apps\erp-api\src\modules\pos\pos.service.ts"
"empresa_config","select","moneda_defecto","apps\erp-api\src\modules\pos\pos.service.ts"
"empresa_config","filter","tenant_id","apps\erp-api\src\modules\pos\pos.service.ts"
"empresa_config","update","certificado_pfx","apps\erp-api\src\modules\pos\pos.service.ts"
"empresa_config","update","bytes","apps\erp-api\src\modules\pos\pos.service.ts"
"empresa_config","update","certificado_password","apps\erp-api\src\modules\pos\pos.service.ts"
"empresa_config","update","base64","apps\erp-api\src\modules\pos\pos.service.ts"
"empresa_config","update","updated_at","apps\erp-api\src\modules\pos\pos.service.ts"
"empresa_config","filter","tenant_id","apps\erp-api\src\modules\pos\pos.service.ts"
"outbox_events","select","aggregate_id","apps\erp-api\src\modules\pos\pos.service.ts"
"outbox_events","filter","idempotency_key","apps\erp-api\src\modules\pos\pos.service.ts"
"outbox_events","filter","aggregate_type","apps\erp-api\src\modules\pos\pos.service.ts"
"outbox_events","filter","id","apps\erp-api\src\modules\pos\pos.service.ts"
"outbox_events","update","idempotency_key","apps\erp-api\src\modules\pos\pos.service.ts"
"outbox_events","filter","tenant_id","apps\erp-api\src\modules\pos\pos.service.ts"
"outbox_events","filter","aggregate_type","apps\erp-api\src\modules\pos\pos.service.ts"
"outbox_events","filter","aggregate_id","apps\erp-api\src\modules\pos\pos.service.ts"
"roles","select","id","apps\erp-api\src\modules\permissions\role.service.ts"
"roles","filter","tenant_id","apps\erp-api\src\modules\permissions\role.service.ts"
"roles","filter","nombre","apps\erp-api\src\modules\permissions\role.service.ts"
"roles","insert","tenant_id","apps\erp-api\src\modules\permissions\role.service.ts"
"roles","insert","nombre","apps\erp-api\src\modules\permissions\role.service.ts"
"roles","insert","descripcion","apps\erp-api\src\modules\permissions\role.service.ts"
"roles","insert","is_system_role","apps\erp-api\src\modules\permissions\role.service.ts"
"roles","insert","created_at","apps\erp-api\src\modules\permissions\role.service.ts"
"roles","insert","updated_at","apps\erp-api\src\modules\permissions\role.service.ts"
"roles","select","id","apps\erp-api\src\modules\permissions\role.service.ts"
"roles","select","is_system_role","apps\erp-api\src\modules\permissions\role.service.ts"
"roles","filter","id","apps\erp-api\src\modules\permissions\role.service.ts"
"roles","filter","tenant_id","apps\erp-api\src\modules\permissions\role.service.ts"
"roles","select","id","apps\erp-api\src\modules\permissions\role.service.ts"
"roles","filter","tenant_id","apps\erp-api\src\modules\permissions\role.service.ts"
"roles","filter","nombre","apps\erp-api\src\modules\permissions\role.service.ts"
"roles","filter","id","apps\erp-api\src\modules\permissions\role.service.ts"
"roles","update","updated_at","apps\erp-api\src\modules\permissions\role.service.ts"
"roles","filter","id","apps\erp-api\src\modules\permissions\role.service.ts"
"roles","filter","tenant_id","apps\erp-api\src\modules\permissions\role.service.ts"
"roles","select","id","apps\erp-api\src\modules\permissions\role.service.ts"
"roles","select","nombre","apps\erp-api\src\modules\permissions\role.service.ts"
"roles","select","is_system_role","apps\erp-api\src\modules\permissions\role.service.ts"
"roles","filter","id","apps\erp-api\src\modules\permissions\role.service.ts"
"roles","filter","tenant_id","apps\erp-api\src\modules\permissions\role.service.ts"
"roles","filter","id","apps\erp-api\src\modules\permissions\role.service.ts"
"roles","filter","tenant_id","apps\erp-api\src\modules\permissions\role.service.ts"
"roles","filter","tenant_id","apps\erp-api\src\modules\permissions\role.service.ts"
"roles","filter","nombre","apps\erp-api\src\modules\permissions\role.service.ts"
"roles","filter","id","apps\erp-api\src\modules\permissions\role.service.ts"
"roles","filter","tenant_id","apps\erp-api\src\modules\permissions\role.service.ts"
"roles","select","id","apps\erp-api\src\modules\permissions\role.service.ts"
"roles","filter","id","apps\erp-api\src\modules\permissions\role.service.ts"
"roles","filter","tenant_id","apps\erp-api\src\modules\permissions\role.service.ts"
"permisos","select","id","apps\erp-api\src\modules\permissions\role.service.ts"
"permisos","filter","tenant_id","apps\erp-api\src\modules\permissions\role.service.ts"
"rol_permisos","filter","role_id","apps\erp-api\src\modules\permissions\role.service.ts"
"rol_permisos","filter","concedido","apps\erp-api\src\modules\permissions\role.service.ts"
"user_roles","filter","role_id","apps\erp-api\src\modules\permissions\role.service.ts"
"usuarios_sistema","select","is_super_admin","apps\erp-api\src\modules\permissions\permission.service.ts"
"usuarios_sistema","filter","id","apps\erp-api\src\modules\permissions\permission.service.ts"
"roles","select","id","apps\erp-api\src\modules\permissions\permission.service.ts"
"roles","filter","id","apps\erp-api\src\modules\permissions\permission.service.ts"
"roles","filter","tenant_id","apps\erp-api\src\modules\permissions\permission.service.ts"
"roles","select","id","apps\erp-api\src\modules\permissions\permission.service.ts"
"roles","filter","id","apps\erp-api\src\modules\permissions\permission.service.ts"
"roles","filter","tenant_id","apps\erp-api\src\modules\permissions\permission.service.ts"
"roles","filter","id","apps\erp-api\src\modules\permissions\permission.service.ts"
"roles","filter","tenant_id","apps\erp-api\src\modules\permissions\permission.service.ts"
"roles","select","id","apps\erp-api\src\modules\permissions\permission.service.ts"
"roles","filter","id","apps\erp-api\src\modules\permissions\permission.service.ts"
"roles","filter","tenant_id","apps\erp-api\src\modules\permissions\permission.service.ts"
"roles","filter","role_id","apps\erp-api\src\modules\permissions\permission.service.ts"
"roles","filter","permiso_id","apps\erp-api\src\modules\permissions\permission.service.ts"
"roles","select","id","apps\erp-api\src\modules\permissions\permission.service.ts"
"roles","select","nombre","apps\erp-api\src\modules\permissions\permission.service.ts"
"roles","filter","tenant_id","apps\erp-api\src\modules\permissions\permission.service.ts"
"roles","select","id","apps\erp-api\src\modules\permissions\permission.service.ts"
"roles","filter","tenant_id","apps\erp-api\src\modules\permissions\permission.service.ts"
"permisos","filter","tenant_id","apps\erp-api\src\modules\permissions\permission.service.ts"
"permisos","filter","activo","apps\erp-api\src\modules\permissions\permission.service.ts"
"permisos","filter","modulo","apps\erp-api\src\modules\permissions\permission.service.ts"
"permisos","filter","recurso","apps\erp-api\src\modules\permissions\permission.service.ts"
"permisos","filter","accion","apps\erp-api\src\modules\permissions\permission.service.ts"
"permisos","select","id","apps\erp-api\src\modules\permissions\permission.service.ts"
"permisos","filter","id","apps\erp-api\src\modules\permissions\permission.service.ts"
"permisos","filter","tenant_id","apps\erp-api\src\modules\permissions\permission.service.ts"
"permisos","filter","role_id","apps\erp-api\src\modules\permissions\permission.service.ts"
"permisos","filter","permiso_id","apps\erp-api\src\modules\permissions\permission.service.ts"
"rol_permisos","filter","role_id","apps\erp-api\src\modules\permissions\permission.service.ts"
"rol_permisos","filter","concedido","apps\erp-api\src\modules\permissions\permission.service.ts"
"rol_permisos","select","id","apps\erp-api\src\modules\permissions\permission.service.ts"
"rol_permisos","filter","role_id","apps\erp-api\src\modules\permissions\permission.service.ts"
"rol_permisos","filter","permiso_id","apps\erp-api\src\modules\permissions\permission.service.ts"
"rol_permisos","insert","role_id","apps\erp-api\src\modules\permissions\permission.service.ts"
"rol_permisos","insert","permiso_id","apps\erp-api\src\modules\permissions\permission.service.ts"
"rol_permisos","insert","concedido","apps\erp-api\src\modules\permissions\permission.service.ts"
"rol_permisos","insert","created_at","apps\erp-api\src\modules\permissions\permission.service.ts"
"rol_permisos","filter","role_id","apps\erp-api\src\modules\permissions\permission.service.ts"
"rol_permisos","filter","permiso_id","apps\erp-api\src\modules\permissions\permission.service.ts"
"rol_permisos","filter","concedido","apps\erp-api\src\modules\permissions\permission.service.ts"
"rol_permisos","filter","concedido","apps\erp-api\src\modules\permissions\permission.service.ts"
"user_roles","select","role_id","apps\erp-api\src\modules\permissions\permission.service.ts"
"user_roles","filter","usuario_sistema_id","apps\erp-api\src\modules\permissions\permission.service.ts"
"user_roles","select","role_id","apps\erp-api\src\modules\permissions\permission.service.ts"
"user_roles","filter","usuario_sistema_id","apps\erp-api\src\modules\permissions\permission.service.ts"
"user_roles","select","usuario_sistema_id","apps\erp-api\src\modules\permissions\permission.service.ts"
"user_roles","filter","role_id","apps\erp-api\src\modules\permissions\permission.service.ts"
"empresa_config","select","aplicar_retencion","apps\erp-api\src\modules\finanzas\shared\retenciones-validation.service.ts"
"empresa_config","select","retencion_tasa","apps\erp-api\src\modules\finanzas\shared\retenciones-validation.service.ts"
"empresa_config","select","aplicar_percepcion","apps\erp-api\src\modules\finanzas\shared\retenciones-validation.service.ts"
"empresa_config","select","percepcion_tasa","apps\erp-api\src\modules\finanzas\shared\retenciones-validation.service.ts"
"empresa_config","select","aplicar_detraccion","apps\erp-api\src\modules\finanzas\shared\retenciones-validation.service.ts"
"empresa_config","select","detraccion_tasa","apps\erp-api\src\modules\finanzas\shared\retenciones-validation.service.ts"
"empresa_config","filter","tenant_id","apps\erp-api\src\modules\finanzas\shared\retenciones-validation.service.ts"
"empresa_config","select","dias_vencimiento_factura","apps\erp-api\src\modules\finanzas\cxc\cxc.service.ts"
"empresa_config","select","detraccion_codigo","apps\erp-api\src\modules\finanzas\cxc\cxc.service.ts"
"empresa_config","select","aplicar_retencion","apps\erp-api\src\modules\finanzas\cxc\cxc.service.ts"
"empresa_config","select","retencion_tasa","apps\erp-api\src\modules\finanzas\cxc\cxc.service.ts"
"empresa_config","select","aplicar_percepcion","apps\erp-api\src\modules\finanzas\cxc\cxc.service.ts"
"empresa_config","select","percepcion_tasa","apps\erp-api\src\modules\finanzas\cxc\cxc.service.ts"
"empresa_config","select","aplicar_detraccion","apps\erp-api\src\modules\finanzas\cxc\cxc.service.ts"
"empresa_config","select","detraccion_tasa","apps\erp-api\src\modules\finanzas\cxc\cxc.service.ts"
"empresa_config","filter","tenant_id","apps\erp-api\src\modules\finanzas\cxc\cxc.service.ts"
"empresa_config","select","ruc","apps\erp-api\src\modules\finanzas\cxc\cxc.service.ts"
"empresa_config","select","razon_social","apps\erp-api\src\modules\finanzas\cxc\cxc.service.ts"
"empresa_config","select","direccion_fiscal","apps\erp-api\src\modules\finanzas\cxc\cxc.service.ts"
"empresa_config","filter","tenant_id","apps\erp-api\src\modules\finanzas\cxc\cxc.service.ts"
"empresa_config","select","pais_id","apps\erp-api\src\modules\gre\gre.service.ts"
"empresa_config","filter","tenant_id","apps\erp-api\src\modules\gre\gre.service.ts"
"empresa_config","filter","id","apps\erp-api\src\modules\gre\gre.service.ts"
"empresa_config","select","ruc","apps\erp-api\src\modules\gre\gre.service.ts"
"empresa_config","select","razon_social","apps\erp-api\src\modules\gre\gre.service.ts"
"empresa_config","select","nombre_comercial","apps\erp-api\src\modules\gre\gre.service.ts"
"empresa_config","select","direccion_fiscal","apps\erp-api\src\modules\gre\gre.service.ts"
"empresa_config","select","ubigeo","apps\erp-api\src\modules\gre\gre.service.ts"
"empresa_config","select","departamento","apps\erp-api\src\modules\gre\gre.service.ts"
"empresa_config","select","provincia","apps\erp-api\src\modules\gre\gre.service.ts"
"empresa_config","select","distrito","apps\erp-api\src\modules\gre\gre.service.ts"
"empresa_config","filter","tenant_id","apps\erp-api\src\modules\gre\gre.service.ts"
"empresa_config","select","umbral_gre_automatico","apps\erp-api\src\modules\gre\gre.service.ts"
"empresa_config","select","gre_automatico_habilitado","apps\erp-api\src\modules\gre\gre.service.ts"
"empresa_config","select","gre_obligatorio","apps\erp-api\src\modules\gre\gre.service.ts"
"empresa_config","filter","tenant_id","apps\erp-api\src\modules\gre\gre.service.ts"
"empresa_config","filter","tenant_id","apps\erp-api\src\modules\gre\gre.controller.ts"
"empresa_config","filter","tenant_id","apps\erp-api\src\modules\fiscal\dian-fiscal.service.ts"
"tenants","select","id","apps\erp-api\src\modules\auth\auth.service.ts"
"tenants","select","nombre","apps\erp-api\src\modules\auth\auth.service.ts"
"tenants","select","estado","apps\erp-api\src\modules\auth\auth.service.ts"
"tenants","filter","id","apps\erp-api\src\modules\auth\auth.service.ts"
"usuarios_sistema","filter","email","apps\erp-api\src\modules\auth\auth.service.ts"
"usuarios_sistema","filter","id","apps\erp-api\src\modules\auth\auth.service.ts"
"usuarios_sistema","filter","id","apps\erp-api\src\modules\auth\auth.service.ts"
"usuarios_sistema","update","failed_login_attempts","apps\erp-api\src\modules\auth\auth.service.ts"
"usuarios_sistema","update","locked_until","apps\erp-api\src\modules\auth\auth.service.ts"
"usuarios_sistema","update","updated_at","apps\erp-api\src\modules\auth\auth.service.ts"
"usuarios_sistema","filter","id","apps\erp-api\src\modules\auth\auth.service.ts"
"usuarios_sistema","update","fecha_ultimo_acceso","apps\erp-api\src\modules\auth\auth.service.ts"
"usuarios_sistema","update","updated_at","apps\erp-api\src\modules\auth\auth.service.ts"
"usuarios_sistema","filter","id","apps\erp-api\src\modules\auth\auth.service.ts"
"usuarios_sistema","update","password_reset_token","apps\erp-api\src\modules\auth\auth.service.ts"
"usuarios_sistema","update","password_reset_expires","apps\erp-api\src\modules\auth\auth.service.ts"
"usuarios_sistema","update","updated_at","apps\erp-api\src\modules\auth\auth.service.ts"
"usuarios_sistema","filter","id","apps\erp-api\src\modules\auth\auth.service.ts"
"usuarios_sistema","update","password_hash","apps\erp-api\src\modules\auth\auth.service.ts"
"usuarios_sistema","update","password_reset_token","apps\erp-api\src\modules\auth\auth.service.ts"
"usuarios_sistema","update","password_reset_expires","apps\erp-api\src\modules\auth\auth.service.ts"
"usuarios_sistema","update","failed_login_attempts","apps\erp-api\src\modules\auth\auth.service.ts"
"usuarios_sistema","update","locked_until","apps\erp-api\src\modules\auth\auth.service.ts"
"usuarios_sistema","update","updated_at","apps\erp-api\src\modules\auth\auth.service.ts"
"usuarios_sistema","filter","id","apps\erp-api\src\modules\auth\auth.service.ts"
"user_roles","select","role_id","apps\erp-api\src\modules\auth\auth.service.ts"
"user_roles","select","roles(id","apps\erp-api\src\modules\auth\auth.service.ts"
"user_roles","select","nombre","apps\erp-api\src\modules\auth\auth.service.ts"
"user_roles","select","descripcion)","apps\erp-api\src\modules\auth\auth.service.ts"
"user_roles","filter","usuario_sistema_id","apps\erp-api\src\modules\auth\auth.service.ts"
"audit_log","insert","table_name","apps\erp-api\src\modules\auth\auth.service.ts"
"audit_log","insert","operation","apps\erp-api\src\modules\auth\auth.service.ts"
"audit_log","insert","old_values","apps\erp-api\src\modules\auth\auth.service.ts"
"audit_log","insert","tenant_id","apps\erp-api\src\modules\auth\auth.service.ts"
"audit_log","insert","new_values","apps\erp-api\src\modules\auth\auth.service.ts"
"audit_log","insert","tenant_id","apps\erp-api\src\modules\auth\auth.service.ts"
"audit_log","insert","user_id","apps\erp-api\src\modules\auth\auth.service.ts"
"audit_log","insert","tenant_id","apps\erp-api\src\modules\auth\auth.service.ts"
"audit_log","insert","timestamp","apps\erp-api\src\modules\auth\auth.service.ts"
"usuarios_sistema","filter","email","apps\erp-api\src\modules\auth\auth.service.spec.ts"
"usuarios_sistema","filter","usuario_sistema_id","apps\erp-api\src\modules\auth\auth.service.spec.ts"
"user_roles","filter","usuario_sistema_id","apps\erp-api\src\modules\auth\auth.service.spec.ts"
"empresa_config","select","igv_porcentaje","apps\web\app\api\configuracion-fiscal\route.ts"
"empresa_config","select","pais_id","apps\web\app\api\configuracion-fiscal\route.ts"
"empresa_config","select","moneda_defecto","apps\web\app\api\configuracion-fiscal\route.ts"
"empresa_config","filter","tenant_id","apps\web\app\api\configuracion-fiscal\route.ts"
